"ID","PE_mg_per_g_sample_mean","PE_mg_per_mL_mean","PE_scaled_mean","X455_mean","X564_mean","X592_mean","Xred_mean","total_PE_mg_mean","PE_mg_per_g_sample_sd","PE_mg_per_mL_sd","PE_scaled_sd","X455_sd","X564_sd","X592_sd","Xred_sd","total_PE_mg_sd","PE_mg_per_g_sample_se","PE_mg_per_mL_se","PE_scaled_se","X455_se","X564_se","X592_se","Xred_se","total_PE_mg_se","PE_mg_per_g_sample_cv","PE_mg_per_mL_cv","PE_scaled_cv","X455_cv","X564_cv","X592_cv","Xred_cv","total_PE_mg_cv","PE_mg_per_g_sample_max_dev_pct","PE_mg_per_mL_max_dev_pct","PE_scaled_max_dev_pct","X455_max_dev_pct","X564_max_dev_pct","X592_max_dev_pct","Xred_max_dev_pct","total_PE_mg_max_dev_pct","PE_mg_per_g_sample_n","PE_mg_per_mL_n","PE_scaled_n","X455_n","X564_n","X592_n","Xred_n","total_PE_mg_n","PE_mg_per_g_sample_included_rows","PE_mg_per_mL_included_rows","PE_scaled_included_rows","X455_included_rows","X564_included_rows","X592_included_rows","Xred_included_rows","total_PE_mg_included_rows","PE_mg_per_g_sample_excluded_rows","PE_mg_per_mL_excluded_rows","PE_scaled_excluded_rows","X455_excluded_rows","X564_excluded_rows","X592_excluded_rows","Xred_excluded_rows","total_PE_mg_excluded_rows","join_ids","avg_sample_weight","replicate_date","replicate_count"
"Fresh_1",0.164583968302347,0.00108,164.583968302347,0.00966666666666667,0.0146666666666667,0.00466666666666667,16970.6666666667,0.00162,NA,NA,NA,NA,NA,NA,NA,NA,NA,NA,NA,NA,NA,NA,NA,NA,NA,NA,NA,NA,NA,NA,NA,NA,0,0,0,0,0,0,0,0,1,1,1,1,1,1,1,1,NA,NA,NA,NA,NA,NA,NA,NA,NA,NA,NA,NA,NA,NA,NA,NA,"G02",9.843,NA,1
"Fresh_2",0.273041966753109,0.001608,273.041966753109,0.00733333333333333,0.0223333333333333,0.00933333333333334,25789.1666666667,0.002412,0.0804317501937933,0.000441234631460405,80.4317501937933,0.00188561808316413,0.00518544972870134,0.00235702260395516,5373.30443023657,0.000661851947190607,0.0568738359847337,0.000311999999999999,56.8738359847337,0.00133333333333334,0.00366666666666666,0.00166666666666667,3799.5,0.000467999999999999,0.294576511992831,0.2743996464306,0.294576511992831,0.25712973861329,0.232184316210508,0.252538136138053,0.208355101182147,0.2743996464306,20.8297049208411,19.4029850746268,20.8297049208411,18.1818181818182,16.4179104477612,17.8571428571429,14.7329304940705,19.4029850746268,2,2,2,2,2,2,2,2,NA,NA,NA,NA,NA,NA,NA,NA,NA,NA,NA,NA,NA,NA,NA,NA,"G03, G04",8.86125,NA,2
"Fresh_3",0.890773736880644,0.004716,890.773736880644,0.0208333333333333,0.0593333333333333,0.0198333333333333,38028.6666666667,0.007074,0.511043001975437,0.00300378960648045,511.043001975437,0.0139064333633354,0.0400693842672377,0.0153206469257085,NA,0.00450568440972068,0.361361972174762,0.002124,361.361972174762,0.00983333333333333,0.0283333333333333,0.0108333333333333,NA,0.003186,0.573706858225337,0.636935879236737,0.573706858225337,0.667508801440101,0.67532670113322,0.772469592892867,NA,0.636935879236738,40.5672009864365,45.0381679389313,40.5672009864365,47.2,47.752808988764,54.6218487394958,0,45.0381679389313,2,2,2,2,2,2,2,2,NA,NA,NA,NA,NA,NA,NA,NA,NA,NA,NA,NA,NA,NA,NA,NA,"G05, G06",7.769,NA,2
"Ilo oven dry R02",0.00142292490118577,2.4e-05,1.42292490118577,0.0153333333333333,0.0123333333333333,0.0113333333333333,12.3333333333333,3.6e-05,NA,NA,NA,NA,NA,NA,NA,NA,NA,NA,NA,NA,NA,NA,NA,NA,NA,NA,NA,NA,NA,NA,NA,NA,0,0,0,0,0,0,0,0,1,1,1,1,1,1,1,1,NA,NA,NA,NA,NA,NA,NA,NA,NA,NA,NA,NA,NA,NA,NA,NA,"F02",25.3,"2025-05-15",1
"juice fresh  R2",0.217243007818649,0.00276,217.243007818649,0.0243333333333333,0.0393333333333333,0.0143333333333333,47067.3333333333,0.00414,NA,NA,NA,NA,NA,NA,NA,NA,NA,NA,NA,NA,NA,NA,NA,NA,NA,NA,NA,NA,NA,NA,NA,NA,0,0,0,0,0,0,0,0,1,1,1,1,1,1,1,1,NA,NA,NA,NA,NA,NA,NA,NA,NA,NA,NA,NA,NA,NA,NA,NA,"D09",19.057,"2025-05-15",1
"juice fresh R2",0.362176754759875,0.003348,362.176754759875,0.0261666666666667,0.0456666666666667,0.0156666666666667,56450.8333333333,0.005022,0.190289889679926,0.00171402683759619,190.289889679926,0.000235702260395519,0.014613540144522,0.000471404520791029,20973.4942367742,0.00257104025639429,0.134555271383916,0.001212,134.555271383916,0.000166666666666669,0.0103333333333333,0.000333333333333331,14830.5,0.001818,0.525406137139004,0.51195544731069,0.525406137139004,0.00900772969664405,0.32000452871216,0.0300896502632572,0.371535600066858,0.51195544731069,37.1518242448019,36.2007168458782,37.1518242448019,0.636942675159245,22.6277372262774,2.12765957446807,26.2715342259488,36.2007168458781,2,2,2,2,2,2,2,2,NA,NA,NA,NA,NA,NA,NA,NA,NA,NA,NA,NA,NA,NA,NA,NA,"D10, D11",13.923,"2025-05-15",2
"juice ilo",0.0612786015908868,0.000624000000000001,61.2786015908868,0.0103333333333333,0.00833333333333334,0.00133333333333333,13391.3333333333,0.000936000000000001,NA,NA,NA,NA,NA,NA,NA,NA,NA,NA,NA,NA,NA,NA,NA,NA,NA,NA,NA,NA,NA,NA,NA,NA,0,0,0,0,0,0,0,0,1,1,1,1,1,1,1,1,NA,NA,NA,NA,NA,NA,NA,NA,NA,NA,NA,NA,NA,NA,NA,NA,"D06",15.2745,"2025-05-15",1
"Lab_01",0.0228975701080028,0.000392,22.8975701080028,0.027,0.0123333333333333,0.0112222222222222,19038.3333333333,0.000588,0.00389661915696556,6.92820323027556e-05,3.89661915696556,0.00435889894354068,0.00176383420737639,0.00134715062810912,5034.16252551835,0.000103923048454133,0.00224971411920352,4.00000000000003e-05,2.24971411920352,0.00251661147842359,0.00101835015443463,0.000777777777777775,2906.47508925235,6.00000000000004e-05,0.170176098974086,0.176739878323356,0.170176098974086,0.161440701612618,0.143013584381869,0.120043125277051,0.264422438528496,0.176739878323356,17.4271622628717,20.4081632653063,17.4271622628718,18.5185185185185,16.2162162162162,13.8613861386138,30.3843123522717,20.4081632653063,3,3,3,3,3,3,3,3,"3,4,5","2,4,5","3,4,5","1,2,3","3,4,5","1,2,4","1,2,3","2,4,5","1,2","1,3","1,2","4,5","1,2","3,5","4,5","1,3","A02, A03, A04, A06",16.08,"2025-05-06",5
"Lab_02",0.00227848101265825,3.60000000000003e-05,2.27848101265825,0.0138333333333333,0.00533333333333334,0.00283333333333333,1939,5.40000000000004e-05,0.00322225874971085,5.09116882454316e-05,3.22225874971085,0.00164991582276861,0.00235702260395515,0.0030641293851417,254.558441227157,7.63675323681474e-05,0.00227848101265823,3.60000000000001e-05,2.27848101265823,0.00116666666666667,0.00166666666666666,0.00216666666666666,180,5.40000000000002e-05,1.41421356237308,1.41421356237309,1.41421356237308,0.119271023332671,0.441941738241591,1.08145743005001,0.131283363190901,1.41421356237309,99.999999999999,99.9999999999996,99.999999999999,8.43373493975904,31.2499999999999,76.470588235294,9.28313563692625,99.9999999999996,2,2,2,2,2,2,2,2,NA,NA,NA,NA,NA,NA,NA,NA,NA,NA,NA,NA,NA,NA,NA,NA,"A06, A08",16.95,"2025-05-06",2
"Lab_03",0.0204100380896036,0.00044,20.4100380896036,0.0163333333333333,0.00933333333333334,0.00611111111111111,16564.2222222222,0.00066,0.00633948454059,0.00020692027450204,6.33948454059,0.00448454134902457,0.000881917103688199,0.00083887049280786,5257.9537668959,0.000310380411753061,0.00366010310603311,0.000119465476184544,3.66010310603311,0.00258915115505134,0.000509175077217317,0.000484322104837852,3035.68102270396,0.000179198214276816,0.310606208217671,0.470273351141001,0.310606208217671,0.274563756062729,0.094491118252307,0.137269717004922,0.317428352285804,0.470273351141001,31.1403689645216,50.9090909090908,31.1403689645216,30.6122448979592,10.7142857142857,14.5454545454545,34.8233810488469,50.9090909090908,3,3,3,3,3,3,3,3,"1,4,5","3,4,5","1,4,5","1,4,5","1,4,5","1,2,4","1,2,6","3,4,5","2,3,6","1,2,6","2,3,6","2,3,6","2,3,6","3,5,6","3,4,5","1,2,6","A08, A09, A10, A12, A06",17.7166666666667,"Mixed (2025-05-06; NA)",6
"Lab_04",0.0236440677966102,0.000372,23.6440677966102,0.0233333333333333,0.0128333333333333,0.00633333333333333,5418,0.000558,0.033437761347635,0.000526087445202791,33.437761347635,0.0028284271247462,0.00494974746830583,0.00141421356237309,3999.39595439111,0.000789131167804187,0.0236440677966102,0.000372,23.6440677966102,0.00200000000000001,0.0035,0.000999999999999997,2828,0.000558,1.41421356237309,1.41421356237309,1.41421356237309,0.121218305346266,0.385694607919935,0.223296878269435,0.738168319378205,1.41421356237309,99.9999999999999,99.9999999999999,99.9999999999999,8.57142857142859,27.2727272727272,15.7894736842105,52.1963824289406,99.9999999999999,2,2,2,2,2,2,2,2,NA,NA,NA,NA,NA,NA,NA,NA,NA,NA,NA,NA,NA,NA,NA,NA,"B01, B02",23.9,"2025-05-06",2
"Lab_05",0.00568668334723381,0.000136,5.68668334723381,0.0197777777777778,0.00944444444444444,0.00577777777777777,5064,0.000204,0.00177881030150384,9.69948452238569e-05,1.77881030150384,0.00226895309518468,0.00250185116648838,0.00134715062810913,1042.09356585673,0.000145492267835785,0.00102699660641052,5.59999999999999e-05,1.02699660641052,0.00130998068028351,0.00144444444444444,0.000777777777777778,601.653000768162,8.39999999999998e-05,0.312802769714462,0.71319739135189,0.312802769714462,0.114722347509338,0.264901888216416,0.233160685634272,0.205784669402988,0.71319739135189,36.0547543387921,76.4705882352942,36.0547543387921,12.9213483146067,30.5882352941176,26.9230769230769,21.8601895734597,76.4705882352942,3,3,3,3,3,3,3,3,"1,3,4","1,4,5","1,3,4","1,3,5","1,3,5","1,3,5","1,2,3","1,4,5","2,5,6","2,3,6","2,5,6","2,4,6","2,4,6","2,4,6","4,5,6","2,3,6","B02, B03, B04, B05, B06",17.9,"2025-05-06",6
"Lab_06",0.0640818181818181,0.001272,64.0818181818182,0.0523333333333333,0.0343333333333333,0.0206666666666667,7860.33333333333,0.001908,0.0224880188486121,0.000317490157327752,22.4880188486121,0.0230241419191055,0.0158989866902824,0.00926162932629987,1224.99809523661,0.000476235235991628,0.0129834637357876,0.000183303027798234,12.9834637357876,0.0132929945348557,0.00917928424547684,0.00534720418467376,707.252980041638,0.000274954541697351,0.350926666668653,0.249599180289113,0.350926666668653,0.439951756416029,0.463077282241236,0.448143354498381,0.155845565739784,0.249599180289113,40.4454532557809,28.3018867924529,40.4454532557809,50.3184713375796,53.3980582524272,51.6129032258064,17.6540435096052,28.3018867924529,3,3,3,3,3,3,3,3,"1,3,4","2,3,4","1,3,4","1,3,4","1,3,4","1,3,4","2,3,4","2,3,4","2,5","1,5","2,5","2,5","2,5","2,5","1,5","1,5","B06, B07, B08, B09",19.32,"2025-05-06",5
"Lab_07",0.0734689793497503,0.000616,73.4689793497503,0.0177777777777778,0.015,0.00566666666666667,20432.3333333333,0.000924,0.0217379804596977,6.03986754821662e-05,21.7379804596977,0.000693888666488713,0.000666666666666666,0.000333333333333331,9458.2240581059,9.05980132232493e-05,0.0125504288700453,3.48711915483255e-05,12.5504288700453,0.000400616808384889,0.00038490017945975,0.000192450089729874,5460.70820600324,5.23067873224882e-05,0.29587971211923,0.0980497978606594,0.29587971211923,0.0390312374899901,0.0444444444444444,0.0588235294117643,0.46290474532714,0.0980497978606594,34.1498315772089,10.3896103896104,34.1498315772088,4.37500000000001,4.44444444444445,5.88235294117643,49.1883778977764,10.3896103896104,3,3,3,3,3,3,3,3,"1,2,5","1,2,4","1,2,5","1,2,3","1,4,5","2,4,5","1,2,5","1,2,4","3,4","3,5","3,4","4,5","2,3","1,3","3,4","3,5","B08, B10, B11, B12",19.72,"2025-05-06",5
"Lab_08",0.0326987353080767,0.000552,32.6987353080767,0.0172222222222222,0.0125555555555556,0.00977777777777778,7512,0.000828,0.00414500238229134,8.31384387633057e-05,4.14500238229134,0.00283496684937179,0.00157527187541753,0.00291229831601803,478.611533500813,0.000124707658144959,0.00239311824120754,4.79999999999998e-05,2.39311824120754,0.00163676887362847,0.00090948364131916,0.00168141621671351,276.326497703954,7.19999999999996e-05,0.1267633852881,0.150613113701641,0.1267633852881,0.16461097835062,0.125464131670423,0.297848691410935,0.0637129304447302,0.150613113701641,14.6194276815261,17.391304347826,14.6194276815261,16.7741935483871,14.1592920353982,32.9545454545455,7.09531416400426,17.391304347826,3,3,3,3,3,3,3,3,"3,4,5","3,4,5","3,4,5","2,3,4","2,3,4","1,2,3","1,3,4","3,4,5","1,2","1,2","1,2","1,5","1,5","4,5","2,5","1,2","B11, B12, C01, C02, C03",19.34,"2025-05-06",5
"Lab_09",0.101393828703259,0.000688,101.393828703259,0.0257777777777778,0.0261111111111111,0.0187777777777778,4640.33333333333,0.001032,0.018506385475508,0.000132181693134866,18.506385475508,0.000693888666488711,0.00529500113664172,0.00566993369874359,1083.87468525348,0.000198272539702299,0.0106846666360115,7.63151361133556e-05,10.6846666360115,0.000400616808384888,0.00305707033159947,0.00327353774725694,625.775341298918,0.000114472704170033,0.182519840824526,0.192124553975096,0.182519840824526,0.0269180948206827,0.202787277573512,0.301949131885753,0.233576902216827,0.192124553975096,19.1467576791808,19.7674418604651,19.1467576791808,3.01724137931034,23.4042553191489,30.7692307692308,26.0254292076719,19.7674418604651,3,3,3,3,3,3,3,3,"1,2,3","1,2,3","1,2,3","1,3,5","2,3,6","2,3,6","4,5,6","1,2,3","4,5,6","4,5,6","4,5,6","2,4,6","1,4,5","1,4,5","1,2,3","4,5,6","C02, C03, C04, C05, C06",17.5166666666667,"2025-05-06",6
"Lab_10",0.0338775510204082,0.000576,33.8775510204082,0.0493333333333333,0.0237777777777778,0.0121111111111111,14321.6666666667,0.000864,0.00523150039837132,0.000104613574644976,5.23150039837132,0.0157726908857613,0.000509175077217319,0.00241139271269008,2452.14443565899,0.000156920361967464,0.00302040816326532,6.0398675482166e-05,3.02040816326532,0.00910636732873905,0.000293972367896068,0.00139221823179352,1415.74625001956,9.05980132232489e-05,0.154423806939876,0.181620789314195,0.154423806939876,0.31971670714381,0.0214139051166162,0.19910582031386,0.171219208820597,0.181620789314195,17.5903614457832,20.8333333333333,17.5903614457832,35.8108108108108,2.33644859813086,22.9357798165138,19.2971022925637,20.8333333333333,3,3,3,3,3,3,3,3,"2,4,5","1,4,5","2,4,5","1,4,5","3,4,5","3,4,5","2,3,4","1,4,5","1,3","2,3","1,3","2,3","1,2","1,2","1,5","2,3","C05, C06, C07, C08, C09",19.56,"2025-05-06",5
"Lab_11",0.0242952951676655,0.000392,24.2952951676655,0.0272222222222222,0.0192222222222222,0.0128888888888889,7887.33333333333,0.000588,0.00163864581910854,3.66606055596459e-05,1.63864581910854,0.00383454087260831,0.00400462695354224,0.00350132250146417,1027.40660565004,5.49909083394688e-05,0.000946072604768769,2.11660104885162e-05,0.946072604768769,0.00221387320501903,0.00231207244963165,0.00202148948874003,593.173480339249,3.17490157327744e-05,0.0674470430509281,0.0935219529582803,0.0674470430509281,0.140860685116224,0.208333194114914,0.271654332010151,0.130260325287385,0.0935219529582803,7.76497260532779,10.2040816326528,7.76497260532778,14.2857142857143,21.3872832369942,27.5862068965517,14.6986729777703,10.2040816326528,3,3,3,3,3,3,3,3,"2,5,6","1,5,6","2,5,6","3,4,5","3,4,5","3,4,5","4,5,6","1,5,6","1,3,4","2,3,4","1,3,4","1,2,6","1,2,6","1,2,6","1,2,3","2,3,4","C08, C09, C10, C11, C12",17.7333333333333,"2025-05-06",6
"Lab_12",0.0191003058349301,0.000168,19.1003058349301,0.0186666666666667,0.0101111111111111,0.00577777777777778,9328,0.000252,0.0121334753807921,7.20000000000004e-05,12.1334753807921,0.00208166599946613,0.00101835015443464,0.00107151675122144,4536.36109673822,0.000108000000000001,0.00700526527730601,4.15692193816533e-05,7.00526527730601,0.00120185042515466,0.000587944735792134,0.000618640484758891,2619.06930034316,6.23538290724799e-05,0.635250319322255,0.428571428571431,0.635250319322255,0.111517821399971,0.100715949339689,0.185454822326788,0.486316584127168,0.428571428571431,72.9161994640948,42.8571428571432,72.9161994640948,12.5,10.9890109890111,21.1538461538461,52.2941680960549,42.8571428571431,3,3,3,3,3,3,3,3,"1,3,4","1,3,4","1,3,4","1,2,3","1,3,4","1,3,4","1,3,4","1,3,4","2","2","2","4","2","2","2","2","C11, C12, D01, D02",13.675,"2025-05-06",4
"Lab_13",0.0805705172020961,0.00076,80.5705172020961,0.0147777777777778,0.0151111111111111,0.00644444444444444,11182,0.00114,0.026738762724548,0.000113419575030063,26.738762724548,0.00134715062810913,0.00117062819476142,0.000509175077217315,4148.58759097599,0.000170129362545094,0.0154376318568153,6.54828221749797e-05,15.4376318568153,0.000777777777777779,0.000675862503366471,0.000293972367896066,2395.18816240673,9.82242332624696e-05,0.331867830232227,0.149236282934293,0.331867830232227,0.0911605688194148,0.077468042300388,0.0790099257751007,0.371005865764263,0.149236282934293,37.8492410017419,16.8421052631579,37.8492410017419,9.77443609022559,8.08823529411768,8.6206896551724,42.8367018422465,16.8421052631579,3,3,3,3,3,3,3,3,"1,2,6","1,2,6","1,2,6","1,3,5","1,2,6","1,2,6","3,4,6","1,2,6","3,4,5","3,4,5","3,4,5","2,4,6","3,4,5","3,4,5","1,2,5","3,4,5","D02, D03, D04, D05, D06",18.0333333333333,"2025-05-06",6
"Lab_14",0.0163984103328366,0.000136,16.3984103328366,0.0146666666666667,0.008,0.00677777777777778,11606.3333333333,0.000204,0.00786544112329283,1.38564064605508e-05,7.86544112329283,0.00120185042515466,0.00176383420737639,0.00234125638952283,6828.18199327854,2.07846096908262e-05,0.00454111454982827,7.99999999999986e-06,4.54111454982827,0.000693888666488711,0.00101835015443463,0.00135172500673294,3942.25271189512,1.19999999999998e-05,0.479646561078112,0.101885341621697,0.479646561078112,0.0819443471696362,0.220479275922049,0.345431270585336,0.58831517217139,0.101885341621697,55.0136322326566,11.7647058823528,55.0136322326566,9.0909090909091,25,36.0655737704919,67.0093914242224,11.7647058823528,3,3,3,3,3,3,3,3,"1,2,4","1,2,4","1,2,4","1,3,4","1,3,4","1,2,4","1,2,4","1,2,4","3","3","3","2","2","3","3","3","D05, D06, D08, D09",17.65,"2025-05-06",4
"Lab_15",0.0254884325976755,0.000192,25.4884325976755,0.0192222222222222,0.00933333333333334,0.00477777777777778,6220.33333333333,0.000288,0.00486630515485896,6.34980314655504e-05,4.86630515485896,0.00316812831764072,0.000666666666666666,0.000509175077217316,1489.07902185657,9.52470471983255e-05,0.00280956259111668,3.66606055596468e-05,2.80956259111668,0.00182911973701715,0.00038490017945975,0.000293972367896066,859.720174113518,5.49909083394703e-05,0.190922103044608,0.330718913883075,0.190922103044608,0.164815924039113,0.0714285714285713,0.106571527789671,0.239388943013221,0.330718913883075,20.7996968409446,37.5000000000002,20.7996968409446,16.7630057803468,7.14285714285715,11.6279069767442,26.6973902791919,37.5000000000001,3,3,3,3,3,3,3,3,"1,2,4","1,2,5","1,2,4","1,3,4","1,3,5","3,4,5","3,4,5","1,2,5","3,5","3,4","3,5","2,5","2,4","1,2","1,2","3,4","D08, D09, D10, D11, D12",18.98,"2025-05-06",5
"Lab_16",0.030286991764597,0.00024,30.286991764597,0.0184444444444444,0.0124444444444444,0.00844444444444445,12332.6666666667,0.00036,0.0267287522895056,0.000145986300727157,26.7287522895056,0.00892146807384259,0.00793258633271179,0.00634501846011966,9885.13056733867,0.000218979451090736,0.0154318523294489,8.42852300228218e-05,15.4318523294489,0.00515081199399967,0.0045798808545611,0.00366329811596323,5707.18279402758,0.000126427845034233,0.882515916313264,0.608276253029822,0.882515916313264,0.483694052196285,0.63743997316434,0.75138376501417,0.801540399535543,0.608276253029822,100.066285476295,70,100.066285476295,51.8072289156626,68.75,77.6315789473684,80.3908319368615,70,3,3,3,3,3,3,3,3,NA,NA,NA,NA,NA,NA,NA,NA,NA,NA,NA,NA,NA,NA,NA,NA,"D11, D12, E02",15.2666666666667,"Mixed (2025-05-06; 2025-05-12)",3
"Lab_17",0.00430625000000002,8.00000000000002e-05,4.30625000000002,0.0203333333333333,0.00866666666666667,0.005,6751.88888888889,0.00012,0.00285100722333354,3.66606055596467e-05,2.85100722333354,0.00480740170061865,0.000666666666666666,0.000333333333333331,3914.40945359199,5.49909083394701e-05,0.00164602978785319,2.11660104885167e-05,1.64602978785319,0.00277555466595484,0.00038490017945975,0.000192450089729874,2259.98535174975,3.17490157327751e-05,0.66206263531693,0.458257569495583,0.66206263531693,0.236429591833704,0.0769230769230768,0.0666666666666663,0.579750276997843,0.458257569495583,67.198838896952,49.9999999999999,67.198838896952,26.2295081967213,7.6923076923077,6.66666666666663,58.8000065825201,49.9999999999999,3,3,3,3,3,3,3,3,"1,3,4","1,2,4","1,3,4","2,3,4","2,3,4","2,3,4","1,2,4","1,2,4","2","3","2","1","1","1","3","3","E02, E03, E05, B07",17.35,"Mixed (2025-05-06; 2025-05-12; NA)",4
"Lab_18",0.0097554247710151,6.39999999999994e-05,9.7554247710151,0.011,0.00622222222222222,0.00411111111111111,2872.77777777778,9.59999999999991e-05,0.000763327944396066,1.38564064605509e-05,0.763327944396066,0.002,0.000384900179459752,0.000509175077217312,370.163977677961,2.07846096908264e-05,0.000440707594177033,7.99999999999996e-06,0.440707594177033,0.00115470053837925,0.000222222222222223,0.000293972367896064,213.714272156674,1.19999999999999e-05,0.0782465102559177,0.216506350946111,0.0782465102559177,0.181818181818182,0.0618589574131745,0.123853397160968,0.128852283856185,0.216506350946111,8.12644439338786,25.0000000000001,8.12644439338785,18.1818181818182,7.14285714285717,13.5135135135134,13.6375942757687,25.0000000000001,3,3,3,3,3,3,3,3,"1,2,6","1,2,4","1,2,6","1,2,3","1,3,4","1,4,5","4,5,6","1,2,4","3,4,5","3,5,6","3,4,5","4,5,6","2,5,6","2,3,6","1,2,3","3,5,6","E05, E06, E07, E08, B09, B10",17.75,"Mixed (2025-05-06; 2025-05-12; NA)",6
"Lab_19",0.00227687473563357,4e-05,2.27687473563357,0.0137777777777778,0.008,0.00533333333333333,2254.88888888889,6e-05,0.0027787023564369,4.99599839871873e-05,2.7787023564369,0.00214303350244288,0.00176383420737639,0.000666666666666666,263.978604632466,7.4939975980781e-05,0.00160428455348669,2.8844410203712e-05,1.60428455348669,0.00123728096951778,0.00101835015443463,0.00038490017945975,152.408118444856,4.3266615305568e-05,1.22040194524083,1.24899959967968,1.22040194524083,0.155542754209564,0.220479275922049,0.125,0.117069451152665,1.24899959967968,135.987261146498,140.000000000001,135.987261146498,17.741935483871,25,12.5,11.9247068098945,140.000000000001,3,3,3,3,3,3,3,3,"1,2,4","1,2,4","1,2,4","1,2,3","2,3,4","2,3,4","1,3,4","1,2,4","3","3","3","4","1","1","2","3","E10, E11, E12, B12",25.75,"Mixed (2025-05-12; NA)",4
"Lab_20",0.0476041412580968,0.00056,47.6041412580968,0.0118888888888889,0.0112222222222222,0.00522222222222222,13260.6666666667,0.00084,0.0195623830746649,0.00010822199406775,19.5623830746649,0.00236486629486586,0.00252395926480012,0.00283496684937179,9405.58027626862,0.000162332991101624,0.0112943471341484,6.24819974072533e-05,11.2943471341484,0.00136535619193828,0.001457208560956,0.00163676887362847,5430.31430438832,9.37229961108799e-05,0.410938682174791,0.193253560835267,0.410938682174791,0.198913987418624,0.224907261219813,0.542865992432897,0.709284119169621,0.193253560835267,46.6173247174699,20,46.6173247174699,21.4953271028037,25.7425742574258,55.3191489361702,81.8686843295963,20,3,3,3,3,3,3,3,3,NA,NA,NA,NA,NA,NA,NA,NA,NA,NA,NA,NA,NA,NA,NA,NA,"E12, F02, F03",20.0333333333333,"Mixed (2025-05-06; 2025-05-12)",3
"Lab_21",0.120911158277744,0.000792,120.911158277744,0.0144444444444444,0.0164444444444444,0.00744444444444445,38820.6666666667,0.001188,0.00582007597687095,2.4e-05,5.82007597687095,0.000509175077217315,0.000509175077217315,0.000509175077217315,4166.16998373006,3.6e-05,0.00336022243195052,1.3856406460551e-05,3.36022243195052,0.000293972367896066,0.000293972367896066,0.000293972367896066,2405.33936159629,2.07846096908265e-05,0.0481351436854297,0.0303030303030303,0.0481351436854298,0.0352505822688911,0.0309633492902422,0.06839665216352,0.107318352348321,0.0303030303030303,5.44932479029003,3.03030303030304,5.44932479029003,3.84615384615383,3.37837837837838,7.46268656716417,12.2915629132249,3.03030303030303,3,3,3,3,3,3,3,3,"1,2,3","1,2,3","1,2,3","1,3,6","1,2,6","1,3,6","1,2,3","1,2,3","4,5,6","4,5,6","4,5,6","2,4,5","3,4,5","2,4,5","4,5,6","4,5,6","F02, F03, F04, F05, F06",16.85,"Mixed (2025-05-06; 2025-05-12)",6
"Lab_22",0.030074948245388,0.000552,30.074948245388,0.0103333333333333,0.0112222222222222,0.00488888888888889,6318,0.000828,0.0095788557252973,2.39999999999999e-05,9.5788557252973,0.000881917103688199,0.000693888666488711,0.000192450089729874,1351.97226302909,3.59999999999999e-05,0.00553035493152898,1.3856406460551e-05,5.53035493152898,0.000509175077217317,0.000400616808384888,0.00011111111111111,780.561549996753,2.07846096908265e-05,0.318499491574893,0.0434782608695651,0.318499491574892,0.0853468164859548,0.0618316633504791,0.0393647910811106,0.213987379396817,0.0434782608695651,36.4852080194159,4.34782608695655,36.4852080194159,9.67741935483873,6.93069306930693,4.54545454545452,23.6942070275404,4.34782608695655,3,3,3,3,3,3,3,3,"3,4,5","2,4,5","3,4,5","1,3,4","1,2,4","1,2,4","3,4,5","2,4,5","1,2","1,3","1,2","2,5","3,5","3,5","1,2","1,3","F05, F06, F07, F08, F09",18.52,"Mixed (2025-05-06; 2025-05-12)",5
"Lab_23",0.0468688524590164,0.00076,46.8688524590164,0.0137777777777778,0.0121111111111111,0.00377777777777778,11709,0.00114,0.0184434098192794,0.000303894718611562,18.4434098192794,0.00386340858904749,0.00422075998071613,0.00126197963240006,3271.27864909121,0.000455842077917342,0.0106483076239356,0.000175453697595691,10.6483076239356,0.00223053998887608,0.00243685691105126,0.000728604280477998,1888.67360864708,0.000263180546393536,0.393511017480254,0.399861471857318,0.393511017480254,0.280408687914737,0.348503117673809,0.334053432105897,0.279381556844411,0.399861471857318,42.392444910808,43.1578947368422,42.392444910808,32.258064516129,39.4495412844037,38.2352941176469,29.2766248185157,43.1578947368422,3,3,3,3,3,3,3,3,NA,NA,NA,NA,NA,NA,NA,NA,NA,NA,NA,NA,NA,NA,NA,NA,"F10, F11, F12",24.2666666666667,"2025-05-12",3
"Lab_24",0.0323265306122449,0.000528,32.3265306122449,0.0153333333333333,0.00933333333333333,0.00233333333333333,9078,0.000792,NA,NA,NA,NA,NA,NA,NA,NA,NA,NA,NA,NA,NA,NA,NA,NA,NA,NA,NA,NA,NA,NA,NA,NA,0,0,0,0,0,0,0,0,1,1,1,1,1,1,1,1,NA,NA,NA,NA,NA,NA,NA,NA,NA,NA,NA,NA,NA,NA,NA,NA,"G01",24.5,"2025-05-12",1
"Lab_25",0.0128234331423991,0.000216,12.8234331423991,0.0113333333333333,0.00633333333333333,0.00283333333333333,4217.5,0.000324,0.0115799200731915,0.000203646752981726,11.5799200731915,0.00424264068711928,0.00424264068711928,0.00212132034355963,3285.92521217389,0.00030547012947259,0.00818824000935191,0.000144000000000001,8.18824000935191,0.003,0.003,0.00149999999999999,2323.5,0.000216000000000001,0.903028069363415,0.942809041582067,0.903028069363415,0.374350648863466,0.669890634808308,0.74870129772693,0.779116825648817,0.942809041582067,63.8537271448667,66.666666666667,63.8537271448667,26.4705882352941,47.3684210526316,52.941176470588,55.0918790752816,66.6666666666669,2,2,2,2,2,2,2,2,NA,NA,NA,NA,NA,NA,NA,NA,NA,NA,NA,NA,NA,NA,NA,NA,"G05, G06",24.5,"2025-05-12",2
"Lab_26",0.121023059741404,0.002016,121.023059741404,0.015,0.025,0.0065,32968.5,0.003024,0.033346378999902,0.000407293505963452,33.346378999902,0.00377123616632826,0.00659966329107445,0.00306412938514171,7923.13148319526,0.000610940258945178,0.0235794507188474,0.000288,23.5794507188474,0.00266666666666667,0.00466666666666667,0.00216666666666667,5602.5,0.000432000000000001,0.275537398171513,0.202030508910442,0.275537398171513,0.251415744421884,0.263986531642978,0.471404520791033,0.240324293892511,0.202030508910442,19.4834362717575,14.2857142857143,19.4834362717575,17.7777777777778,18.6666666666667,33.3333333333334,16.9934937895264,14.2857142857143,2,2,2,2,2,2,2,2,NA,NA,NA,NA,NA,NA,NA,NA,NA,NA,NA,NA,NA,NA,NA,NA,"G08, G09",25.25,"2025-05-12",2
"Lab_35",0.0506442028794726,0.000848,50.6442028794726,0.0314444444444444,0.0214444444444444,0.0101111111111111,12388.3333333333,0.001272,0.0279469498276245,0.000453678300120251,27.9469498276245,0.00283496684937179,0.00447627490632971,0.00134715062810913,4298.86174857175,0.000680517450180376,0.016135179006008,0.000261931288699919,16.135179006008,0.00163676887362847,0.00258437852213622,0.000777777777777779,2481.94898774688,0.000392896933049878,0.551829197393728,0.534997995424824,0.551829197393728,0.0901579563404457,0.208738208067188,0.133234677505298,0.347008885933411,0.534997995424824,60.8197610844773,60.3773584905661,60.8197610844773,10.2473498233215,23.8341968911917,15.3846153846154,37.061751648056,60.3773584905661,3,3,3,3,3,3,3,3,"1,2,3","1,2,3","1,2,3","1,2,3","1,2,3","1,2,3","1,2,3","1,2,3","4","4","4","4","4","4","4","4","G10, G11, G12, C10",25.125,"Mixed (2025-05-12; NA)",4
"Lab_36",0.0163616912755808,0.000272,16.3616912755808,0.0394444444444444,0.0254444444444444,0.0191111111111111,5138.88888888889,0.000408,0.00648618799090157,0.000113419575030063,6.48618799090157,0.00870078753353417,0.0103297484821124,0.0102053000028489,529.667540730696,0.000170129362545094,0.00374480238256154,6.54828221749796e-05,3.74480238256154,0.00502340202464769,0.00596388306680873,0.00589203270380571,305.803697221874,9.82242332624693e-05,0.396425276681632,0.416983731728171,0.396425276681632,0.220583345920585,0.40597264776861,0.533998255963025,0.103070440358406,0.416983731728171,45.6725546328133,47.0588235294117,45.6725546328133,23.0985915492958,44.1048034934498,60.4651162790698,11.1351351351351,47.0588235294117,3,3,3,3,3,3,3,3,"1,2,4","1,2,4","1,2,4","1,2,4","1,2,4","1,2,4","1,2,4","1,2,4","3","3","3","3","3","3","3","3","H01, H02, H03, C11",25.05,"Mixed (2025-05-12; NA)",4
"Lab_37",0.194793866530762,0.003328,194.793866530762,0.0608888888888889,0.0662222222222222,0.0328888888888889,41273.6666666667,0.004992,0.0189830596782385,0.00039019994874423,18.9830596782385,0.00885897745123451,0.00718279838173066,0.00333888426695926,3469.10742602954,0.000585299923116346,0.0109598746152737,0.00022528204544526,10.9598746152737,0.00511473301621507,0.004146990579227,0.00192770573032194,2002.89010626589,0.000337923068167889,0.0974520400273522,0.117247580752473,0.0974520400273522,0.145494155221005,0.108465076234188,0.101520129738626,0.0840513505632214,0.117247580752473,10.3242862792303,13.2211538461539,10.3242862792303,15.1459854014599,12.248322147651,10.472972972973,9.65345135316304,13.2211538461538,3,3,3,3,3,3,3,3,"1,2,5","1,2,5","1,2,5","1,2,5","1,2,5","1,2,5","1,2,3","1,2,5","3,4","3,4","3,4","3,4","3,4","3,4","4,5","3,4","H04, H05, H06, D01, D02",25.32,"Mixed (2025-05-12; NA)",5
"Lab_38",0.0337946379619138,4e-04,33.7946379619138,0.0273333333333333,0.0146666666666667,0.008,2200.66666666667,6e-04,0.0178894831660224,0.000183303027798233,17.8894831660224,0.000881917103688195,0.000881917103688198,0.00166666666666667,434.504698862203,0.00027495454169735,0.0103284979215663,0.000105830052442583,10.3284979215663,0.000509175077217315,0.000509175077217316,0.000962250448649377,250.86140485225,0.000158745078663875,0.529358627430295,0.458257569495583,0.529358627430295,0.0322652598910315,0.0601307116151044,0.208333333333333,0.197442304844988,0.458257569495583,57.5594521881378,49.9999999999999,57.5594521881378,3.65853658536584,6.81818181818182,20.8333333333334,22.7961223871554,49.9999999999999,3,3,3,3,3,3,3,3,"2,3,5","2,3,5","2,3,5","2,3,4","2,3,4","2,3,4","1,2,5","2,3,5","1,4","1,4","1,4","1,5","1,5","1,5","3,4","1,4","F09, F10, H07, H08, H09",19.18,"Mixed (2025-05-06; 2025-05-12)",5
"Lab_39",0.0524587574587575,0.001048,52.4587574587575,0.0515555555555556,0.0567777777777778,0.0282222222222222,12707,0.001572,0.00306783292492652,0.000222997757836262,3.06783292492652,0.0183252507435728,0.0187863228420552,0.0080645543607218,559.112689893549,0.000334496636754392,0.00177121416503512,0.000128747815515449,1.77121416503512,0.0105800884497691,0.0108462885499438,0.0046560726310571,322.803862017376,0.000193121723273173,0.0584808537895396,0.212784120072769,0.0584808537895396,0.355446673905506,0.330874570603712,0.285751926167308,0.044000369079527,0.212784120072769,6.57723060452975,23.6641221374046,6.57723060452974,37.9310344827586,35.0293542074364,32.2834645669291,4.58015267175572,23.6641221374046,3,3,3,3,3,3,3,3,"1,4,5","3,4,5","1,4,5","1,3,4","3,4,5","1,3,4","3,4,5","3,4,5","2,3","1,2","2,3","2,5","1,2","2,5","1,2","1,2","F11, F12, H10, H11, H12",19.68,"Mixed (2025-05-06; 2025-05-12)",5
"Lab_40",0.0240918584715941,0.000304,24.0918584715941,0.0328888888888889,0.0182222222222222,0.0102222222222222,8507.33333333333,0.000456,0.00677893517358097,8.42852300228217e-05,6.77893517358097,0.00694688845881803,0.00443888541231959,0.00337199797899856,1669.33789269878,0.000126427845034233,0.003913820047286,4.86621002423856e-05,3.913820047286,0.0040107879217289,0.00256279168770462,0.00194682394088169,963.792681718083,7.29931503635785e-05,0.281378673279763,0.277254046127703,0.281378673279763,0.211222959896494,0.24359737018827,0.329869367510728,0.19622340248007,0.277254046127703,28.7208124338788,28.9473684210526,28.7208124338788,22.972972972973,26.8292682926829,38.0434782608695,21.8987540161429,28.9473684210526,3,3,3,3,3,3,3,3,"1,2,3","1,2,4","1,2,3","1,2,3","1,2,3","1,2,3","1,2,3","1,2,4","4","3","4","4","4","4","4","3","A01, A02, A03, D05",25.7,"Mixed (2025-05-15; NA)",4
"Lab_41",0.0858092948717949,0.001448,85.8092948717949,0.0336666666666667,0.0273333333333333,0.0106666666666667,21221.3333333333,0.002172,0.00648915289831975,0.000132181693134867,6.48915289831975,0.0144683562761405,0.00754983443527075,0.00568624070307733,1187.76554925625,0.000198272539702301,0.00374651417265755,7.63151361133559e-05,3.74651417265755,0.00835330939076111,0.00435889894354067,0.0032829526005987,685.756759597259,0.000114472704170034,0.0756229602867032,0.0912856996787755,0.0756229602867032,0.429753156717044,0.27621345494893,0.533085065913499,0.0559703544824194,0.0912856996787756,8.16135960407139,9.39226519337021,8.16135960407139,49.5049504950495,29.2682926829268,59.375,5.66411158582558,9.39226519337021,3,3,3,3,3,3,3,3,NA,NA,NA,NA,NA,NA,NA,NA,NA,NA,NA,NA,NA,NA,NA,NA,"A04, A05, A06",25.3333333333333,"2025-05-15",3
"Lab_42",0.0558682585176046,0.000936,55.8682585176046,0.0278888888888889,0.0188888888888889,0.00844444444444444,14131.6666666667,0.001404,0.00704106957729531,0.000133626344707921,7.04106957729531,0.00450102868900646,0.00309719108105919,0.00171053381314896,1161.11254120061,0.000200439517061881,0.00406516341583433,7.71492060879437e-05,4.06516341583433,0.00259867012522811,0.00178816410438123,0.00098757715747951,670.368638221621,0.000115723809131916,0.12602987392343,0.142763188790513,0.12602987392343,0.161391466936487,0.163968939585487,0.202563214715009,0.0821638783724926,0.142763188790514,12.8279655171102,15.3846153846154,12.8279655171102,16.3346613545817,18.2352941176471,22.3684210526316,9.48460903408421,15.3846153846154,3,3,3,3,3,3,3,3,"2,3,4","2,3,4","2,3,4","2,3,4","2,3,4","1,2,4","2,3,4","2,3,4","1","1","1","1","1","3","1","1","G08, A07, A08, A09",21.375,"Mixed (2025-05-06; 2025-05-15)",4
"Lab_43",0.0992391831890385,0.003048,99.2391831890385,0.0294444444444444,0.0356666666666667,0.0142222222222222,34650.8888888889,0.004572,0.0291273264236078,0.000912946876877291,29.1273264236078,0.00287389270141724,0.00656590520119741,0.000384900179459752,3739.43760378384,0.00136942031531594,0.0168166697514441,0.000527090125120932,16.8166697514441,0.00165924272478534,0.00379082713538489,0.000222222222222223,2158.96530716241,0.000790635187681398,0.2935063095806,0.299523253568665,0.2935063095806,0.0976039030670005,0.184090800033572,0.0270632938682638,0.107917508718887,0.299523253568665,32.2316598226741,30.7086614173228,32.2316598226741,10.5660377358491,20.5607476635514,3.12500000000002,11.8897062124428,30.7086614173228,3,3,3,3,3,3,3,3,"3,6,7","4,5,6","3,6,7","3,5,6","5,6,7","3,5,7","2,4,5","4,5,6","1,2,4,5","1,2,3,7","1,2,4,5","1,2,4,7","1,2,3,4","1,2,4,6","1,3,6,7","1,2,3,7","G11, G12, H01, A10, A11, A12, D07",18.4571428571429,"Mixed (2025-05-06; 2025-05-15; NA)",7
"Lab_44",0.116948891031823,0.00196,116.948891031823,0.0282222222222222,0.0265555555555556,0.00888888888888889,26178.4444444444,0.00294,0.00266429774507049,8.42852300228213e-05,2.66429774507049,0.00245703826527733,0.00397678448181629,0.0007698003589195,1151.36683667396,0.000126427845034232,0.00153823302031776,4.86621002423854e-05,1.53823302031776,0.00141857170386708,0.00229599759108576,0.000444444444444444,664.741953089717,7.2993150363578e-05,0.0227817273132202,0.0430026683789905,0.0227817273132202,0.0870604109743936,0.149753390528647,0.0866025403784438,0.0439814840456763,0.0430026683789904,2.60892509647414,4.4897959183673,2.60892509647413,9.84251968503937,17.1548117154812,10,4.57076644907175,4.48979591836729,3,3,3,3,3,3,3,3,"4,5,6","4,5,6","4,5,6","1,4,5","1,4,5","3,4,5","1,2,5","4,5,6","1,2,3","1,2,3","1,2,3","2,3,6","2,3,6","1,2,6","3,4,6","1,2,3","H02, H03, H04, B01, B02, B03",17.4333333333333,"Mixed (2025-05-06; 2025-05-15)",6
"Lab_45",0.102393849206349,0.00176,102.393849206349,0.0178888888888889,0.0155555555555556,0.00488888888888889,17177,0.00264,0.0362796003176864,0.000576166642560987,36.2796003176864,0.00596595278162613,0.00926362859870876,0.0022194427061598,1814.3531446037,0.00086424996384148,0.0209460370095083,0.000332649966180669,20.9460370095083,0.00344444444444444,0.00534835846513722,0.00128139584385231,1047.51727644199,0.000498974949271003,0.354314254214372,0.327367410546015,0.354314254214372,0.333500466053635,0.595518981345563,0.453976917169049,0.105626893206247,0.327367410546015,40.9124819547925,37.7272727272727,40.9124819547925,38.5093167701863,67.8571428571429,50,10.8594826415168,37.7272727272727,3,3,3,3,3,3,3,3,"2,3,4","2,3,4","2,3,4","1,2,4","1,2,4","1,2,4","2,3,4","2,3,4","1","1","1","3","3","3","1","1","H06, B04, B05, B06",21.775,"Mixed (2025-05-07; 2025-05-15)",4
"Lab_46",0.0339858759802369,0.000424,33.9858759802369,0.0164444444444444,0.0101111111111111,0.00244444444444444,8839.22222222222,0.000636,0.00689431171505382,0.00011838918869559,6.89431171505382,0.00150308325094096,0.000838870492807863,0.000509175077217312,263.400272785933,0.000177583783043384,0.00398043272456351,6.83520299625401e-05,3.98043272456351,0.000867805519545183,0.000484322104837854,0.000293972367896064,152.074218397579,0.00010252804494381,0.202858143749566,0.279219784659409,0.202858143749566,0.0914037112058694,0.0829652135744041,0.208298895225264,0.0297990327840986,0.279219784659409,23.4093468628117,32.0754716981131,23.4093468628117,9.45945945945945,8.79120879120882,22.7272727272726,3.36128115847297,32.0754716981131,3,3,3,3,3,3,3,3,"2,3,4","2,3,4","2,3,4","2,3,4","2,3,4","1,3,4","1,4,5","2,3,4","1,5","1,5","1,5","1,5","1,5","2,5","2,3","1,5","H09, H10, B07, B08, B09",18.34,"Mixed (2025-05-07; 2025-05-15)",5
"Lab_48",0.0771039722257318,0.001328,77.1039722257318,0.0198888888888889,0.0205555555555556,0.00711111111111111,17920.6666666667,0.001992,0.0140331222068381,0.000181725067065609,14.0331222068381,0.00390631018472155,0.00433760473243181,0.00083887049280786,2067.8492046891,0.000272587600598414,0.00810202688368887,0.000104919016388832,8.10202688368887,0.00225530923668716,0.0025043172599077,0.000484322104837852,1193.8732949708,0.000157378524583248,0.182002584325413,0.136841164959043,0.182002584325413,0.196406657332368,0.211018608604791,0.117966163051105,0.115389078048943,0.136841164959043,20.9786597681807,15.6626506024097,20.9786597681807,22.3463687150838,21.6216216216216,12.5,13.0780104906812,15.6626506024097,3,3,3,3,3,3,3,3,"2,3,4","2,3,4","2,3,4","1,2,4","2,3,4","1,2,3","2,3,4","2,3,4","1","1","1","3","1","4","1","1","H11, B10, B11, B12",21.925,"Mixed (2025-05-07; 2025-05-15)",4
"Lab_49",0.0613372967586782,0.000968,61.3372967586782,0.0228888888888889,0.0178888888888889,0.00655555555555555,14946.6666666667,0.001452,0.01032932520481,0.000140627166649976,10.32932520481,0.00126197963240006,0.00269430125621825,0.00211695098702862,711.044536814209,0.000210940749974963,0.00596363868754425,8.11911325207378e-05,5.96363868754425,0.000728604280478002,0.00155555555555555,0.00122222222222222,410.521754735496,0.000121786698781107,0.168402028629483,0.145275998605347,0.168402028629483,0.0551350324834979,0.150613113701641,0.322924726834875,0.0475721144166509,0.145275998605347,18.9016118034907,16.5289256198347,18.9016118034907,6.31067961165049,17.3913043478261,37.2881355932203,5.29661016949152,16.5289256198347,3,3,3,3,3,3,3,3,NA,NA,NA,NA,NA,NA,NA,NA,NA,NA,NA,NA,NA,NA,NA,NA,"C01, C02, C03",23.7333333333333,"2025-05-15",3
"Lab_50",0.0138444499138567,0.000224,13.8444499138567,0.0206666666666667,0.00866666666666667,0.00333333333333333,4982,0.000336,0.00488012648376004,7.33212111192931e-05,4.88012648376004,0.00472581562625261,0.00351188458428425,0.00264575131106459,1292.66791301298,0.00010998181667894,0.00281754233907828,4.23320209770333e-05,2.81754233907828,0.00272845092395748,0.00202758751009941,0.00152752523165195,746.322167550836,6.34980314655499e-05,0.352496958284748,0.327326835353987,0.352496958284748,0.228668498044481,0.405217452032798,0.793725393319378,0.259467666200919,0.327326835353987,38.8159999999999,35.7142857142856,38.8159999999999,25.8064516129032,42.3076923076923,90.0000000000001,29.0311789107453,35.7142857142856,3,3,3,3,3,3,3,3,NA,NA,NA,NA,NA,NA,NA,NA,NA,NA,NA,NA,NA,NA,NA,NA,"C04, C05, C06",24.4666666666667,"2025-05-15",3
"Lab_51",0.021301161938658,0.000348,21.301161938658,0.0241666666666667,0.0106666666666667,0.00366666666666667,6630.33333333333,0.000522,0.0257542901126398,0.000424264068711929,25.7542901126398,0.00164991582276862,0.00235702260395516,0.00188561808316413,2498.91536471326,0.000636396103067893,0.0182110331832932,3e-04,18.2110331832932,0.00116666666666667,0.00166666666666667,0.00133333333333333,1767,0.00045,1.20905564620398,1.21914962273543,1.20905564620398,0.0682723788731841,0.220970869120797,0.51425947722658,0.376891362633341,1.21914962273543,85.4931446262717,86.2068965517243,85.4931446262717,4.82758620689656,15.625,36.3636363636363,26.6502438288673,86.2068965517243,2,2,2,2,2,2,2,2,NA,NA,NA,NA,NA,NA,NA,NA,NA,NA,NA,NA,NA,NA,NA,NA,"C07, C08",23.95,"2025-05-15",2
"Lab_57",0.0957343550446999,0.001608,95.7343550446999,0.0241666666666667,0.0311666666666667,0.0161666666666667,21256.1666666667,0.002412,0.00079470493926453,6.78822509939093e-05,0.794704939264523,0.0148492424049175,0.0120208152801713,0.0120208152801713,1194.30335342408,0.000101823376490864,0.000561941251596393,4.80000000000005e-05,0.561941251596387,0.0105,0.00849999999999999,0.0085,844.5,7.20000000000007e-05,0.00830114684423862,0.0422153302200928,0.00830114684423854,0.614451409858655,0.385694607919935,0.743555584340493,0.0561862057328028,0.0422153302200928,0.586979722518644,2.9850746268657,0.586979722518646,43.448275862069,27.2727272727272,52.5773195876288,3.97296470828073,2.98507462686571,2,2,2,2,2,2,2,2,NA,NA,NA,NA,NA,NA,NA,NA,NA,NA,NA,NA,NA,NA,NA,NA,"E01, E02",25.2,NA,2
"Lab_58",0.0529523252412986,0.000924,52.9523252412986,0.0268333333333333,0.0233333333333333,0.0128333333333333,10241.1666666667,0.001386,0.0122253571364432,0.000220617315730204,12.2253571364432,0.00117851130197758,0.000471404520791024,0.00259272486435067,1044.39671581253,0.000330925973595306,0.00864463293360635,0.000156000000000001,8.64463293360635,0.000833333333333335,0.000333333333333328,0.00183333333333333,738.5,0.000234000000000001,0.230874793141443,0.238763328712342,0.230874793141443,0.0439196758500962,0.0202030508910439,0.202030508910442,0.101980247935215,0.238763328712342,16.3253131835356,16.883116883117,16.3253131835356,3.10559006211181,1.4285714285714,14.2857142857143,7.21109248620763,16.883116883117,2,2,2,2,2,2,2,2,NA,NA,NA,NA,NA,NA,NA,NA,NA,NA,NA,NA,NA,NA,NA,NA,"E03, E04",26.15,NA,2
"Lab_59",0.04,0.00072,40,0.0286666666666667,0.0226666666666667,0.0136666666666667,10403.6666666667,0.00108,NA,NA,NA,NA,NA,NA,NA,NA,NA,NA,NA,NA,NA,NA,NA,NA,NA,NA,NA,NA,NA,NA,NA,NA,0,0,0,0,0,0,0,0,1,1,1,1,1,1,1,1,NA,NA,NA,NA,NA,NA,NA,NA,NA,NA,NA,NA,NA,NA,NA,NA,"E05",27,NA,1
"Lab_60",0.0296156996363398,0.000468,29.6156996363398,0.0421666666666667,0.0256666666666667,0.0166666666666667,7203.66666666667,0.000701999999999999,0.0302237588378343,0.000458205194208883,30.2237588378343,0.0120208152801713,0.014142135623731,0.00989949493661167,3756.15122166294,0.000687307791313324,0.0213714248271795,0.000324,21.3714248271795,0.0085,0.01,0.007,2656,0.000486,1.02053165074474,0.979070927796759,1.02053165074474,0.285078623245169,0.550992297028479,0.5939696961967,0.521422130627404,0.979070927796759,72.1624850657109,69.2307692307693,72.1624850657109,20.1581027667984,38.961038961039,42,36.8701124427375,69.2307692307693,2,2,2,2,2,2,2,2,NA,NA,NA,NA,NA,NA,NA,NA,NA,NA,NA,NA,NA,NA,NA,NA,"E07, E08",24.75,NA,2
"Lab_61",0.0404710300429184,0.000635999999999999,40.4710300429184,0.0578333333333333,0.0483333333333333,0.0393333333333333,8535.66666666667,0.000953999999999999,0.0126869523551518,0.00018667619023325,12.6869523551518,0.0492617724226628,0.0414835978296108,0.0414835978296108,2425.37625946986,0.000280014285349874,0.0089710300429185,0.000132000000000001,8.9710300429185,0.0348333333333333,0.0293333333333333,0.0293333333333333,1715,0.000198000000000001,0.313482319123029,0.293516022379324,0.313482319123029,0.851788572149789,0.85828133440574,1.05466774143078,0.284146084211722,0.293516022379324,22.1665473633979,20.7547169811322,22.1665473633979,60.2305475504323,60.6896551724138,74.5762711864407,20.0921622993713,20.7547169811322,2,2,2,2,2,2,2,2,NA,NA,NA,NA,NA,NA,NA,NA,NA,NA,NA,NA,NA,NA,NA,NA,"E09, E10",23.65,NA,2
"Lab_62",0.0735652173913044,0.001128,73.5652173913044,0.047,0.034,0.019,8243.66666666667,0.001692,NA,NA,NA,NA,NA,NA,NA,NA,NA,NA,NA,NA,NA,NA,NA,NA,NA,NA,NA,NA,NA,NA,NA,NA,0,0,0,0,0,0,0,0,1,1,1,1,1,1,1,1,NA,NA,NA,NA,NA,NA,NA,NA,NA,NA,NA,NA,NA,NA,NA,NA,"E12",23,NA,1
"Lab_63",0.0748073871014284,0.001176,74.8073871014284,0.0186666666666667,0.0196666666666667,0.00766666666666667,15452.1666666667,0.001764,0.00923697128388835,0.000169705627484772,9.23697128388835,0.00424264068711929,0.00565685424949239,0.00424264068711929,1731.70450712586,0.000254558441227157,0.00653152503246286,0.00012,6.53152503246286,0.003,0.004,0.003,1224.5,0.00018,0.123476726588035,0.144307506364602,0.123476726588035,0.227284322524248,0.28763665675385,0.553387915711211,0.112068717900997,0.144307506364602,8.73112306891166,10.2040816326531,8.73112306891167,16.0714285714286,20.3389830508475,39.1304347826087,7.92445503866773,10.2040816326531,2,2,2,2,2,2,2,2,NA,NA,NA,NA,NA,NA,NA,NA,NA,NA,NA,NA,NA,NA,NA,NA,"F02, F03",23.55,NA,2
"Lab_64",0.0150627615062762,0.00024,15.0627615062762,0.00866666666666667,0.00666666666666667,0.00366666666666667,4174.66666666667,0.00036,NA,NA,NA,NA,NA,NA,NA,NA,NA,NA,NA,NA,NA,NA,NA,NA,NA,NA,NA,NA,NA,NA,NA,NA,0,0,0,0,0,0,0,0,1,1,1,1,1,1,1,1,NA,NA,NA,NA,NA,NA,NA,NA,NA,NA,NA,NA,NA,NA,NA,NA,"F09",23.9,NA,1
"Lab_70",0.145251722528938,0.003848,145.251722528938,0.0345555555555556,0.0508888888888889,0.0148888888888889,58533.6666666667,0.005772,0.203730184921135,0.000163364622853297,203.730184921135,0.00781972813773907,0.00411411301812747,0.00350132250146416,6514.41496477875,0.000245046934279946,0.11762367710627,9.43186089804128e-05,117.62367710627,0.00451472214531335,0.00237528425849244,0.00202148948874003,3761.09923352794,0.000141477913470619,1.40260081859303,0.0424544238184244,1.40260081859303,0.22629438340724,0.0808450156400595,0.235163451590877,0.11129347153112,0.0424544238184244,161.956970295533,4.78170478170479,161.956970295533,25.4019292604502,8.95196506550218,23.8805970149254,12.0096127015222,4.78170478170479,3,3,3,3,3,3,3,3,NA,NA,NA,NA,NA,NA,NA,NA,NA,NA,NA,NA,NA,NA,NA,NA,"C09, C10, C11",141.331666666667,"2025-05-15",3
"Lab_71",0.256536659426163,0.002992,256.536659426163,0.04,0.0473333333333333,0.018,45001.6666666667,0.004488,0.280259889731869,0.00287522938215371,280.259889731869,0.00709459888459759,0.0208806130178211,0.0030550504633039,34563.1413551103,0.00431284407323056,0.161808122779749,0.00166001445776837,161.808122779749,0.00409606857581484,0.0120554275466834,0.0017638342073764,19955.038965412,0.00249002168665255,1.09247501062332,0.960972387083459,1.09247501062332,0.17736497211494,0.441139711644108,0.169725025739105,0.768041361914972,0.960972387083459,126.145869413455,110.96256684492,126.145869413455,19.1666666666667,50.7042253521127,18.5185185185185,88.6715306840487,110.96256684492,3,3,3,3,3,3,3,3,NA,NA,NA,NA,NA,NA,NA,NA,NA,NA,NA,NA,NA,NA,NA,NA,"C12, D01, D02",19.5075,"2025-05-15",3
"Lab_72",0.221406277836281,0.002728,221.406277836281,0.0398888888888889,0.0428888888888889,0.0152222222222222,46517.6666666667,0.004092,0.125717214286954,0.00167937131093752,125.717214286954,0.0154572289213146,0.0234789109470448,0.00812631755698958,28026.8681863196,0.00251905696640628,0.0725828675103427,0.000969585478439111,72.5828675103427,0.00892423527864668,0.0135555555555556,0.00469173162904832,16181.3198919138,0.00145437821765867,0.567812329061036,0.615605319258621,0.567812329061036,0.387507131732122,0.547435747469956,0.533845678926323,0.60249944149505,0.615605319258621,65.4861125454721,70.9677419354839,65.4861125454721,42.3398328690808,62.6943005181347,60.5839416058394,69.3851081667897,70.9677419354839,3,3,3,3,3,3,3,3,NA,NA,NA,NA,NA,NA,NA,NA,NA,NA,NA,NA,NA,NA,NA,NA,"D03, D04, D05",17.7565,"2025-05-15",3
"Lab_73",0.504286837389213,0.005912,504.286837389213,0.0463333333333333,0.0846666666666667,0.0326666666666667,39405.3333333333,0.008868,0.433323341856702,0.00562247489989951,433.323341856702,0.00529150262212918,0.0597522663447449,0.0158219257150744,32846.5241996775,0.00843371234984927,0.250179348067115,0.0032461373969689,250.179348067115,0.00305505046330389,0.0344979870588287,0.00913479307069648,18963.9495886274,0.00486920609545334,0.859279500730373,0.951027554110201,0.859279500730373,0.114205092563939,0.705735429268641,0.484344664747176,0.833555293691484,0.951027554110201,87.5920350362141,103.382949932341,87.5920350362141,12.9496402877698,74.0157480314961,53.0612244897959,58.9412600663193,103.382949932341,3,3,3,3,3,3,3,3,NA,NA,NA,NA,NA,NA,NA,NA,NA,NA,NA,NA,NA,NA,NA,NA,"D12, E01, E02",17.2436666666667,"2025-05-15",3
"Lab_74",1.61209032197359,0.018776,1612.09032197359,0.0678888888888889,0.232888888888889,0.0785555555555556,NA,0.028164,0.595238990594209,0.00770404984407552,595.238990594209,0.00607667062838903,0.0935624172727806,0.0473125932652342,NA,0.0115560747661133,0.343661391451728,0.00444793525132729,343.661391451728,0.0035083674230771,0.054018286798472,0.0273159384577422,NA,0.00667190287699094,0.369234268378643,0.410313690033847,0.369234268378643,0.0895090599926371,0.40174702073236,0.602281951042585,NA,0.410313690033847,40.7548405042471,47.3370259906263,40.7548405042471,9.65630114566285,44.4656488549618,68.4582743988684,-Inf,47.3370259906263,3,3,3,3,3,3,3,3,NA,NA,NA,NA,NA,NA,NA,NA,NA,NA,NA,NA,NA,NA,NA,NA,"E03, E04, E05",17.255,"2025-05-15",3
NA,NA,1.56125112837913e-19,NA,0.00666666666666667,0.00266666666666667,0.00166666666666667,3781.77777777778,2.34187669256869e-19,NA,NA,NA,NA,NA,NA,3281.98749630859,NA,NA,NA,NA,NA,NA,NA,1894.85636447075,NA,NA,NA,NA,NA,NA,NA,0.867842504018607,NA,-Inf,0,-Inf,0,0,0,99.9823716065343,0,3,3,3,3,3,3,3,3,"1,2,3","1,2,3","1,2,3","1,2,3","1,2,3","1,2,3","1,2,3","1,2,3","4","4","4","4","4","4","4","4","D07, D08, H05, H11",NA,NA,4
