join_id,PE_mg_per_g_sample_mean,PE_mg_per_mL_mean,PE_pred_run2_mg_per_g_mean,PE_scaled_mean,PE_se_run2_mean,X455_mean,X564_mean,X592_mean,Xred_mean,total_PE_mg_mean,PE_mg_per_g_sample_sd,PE_mg_per_mL_sd,PE_pred_run2_mg_per_g_sd,PE_scaled_sd,PE_se_run2_sd,X455_sd,X564_sd,X592_sd,Xred_sd,total_PE_mg_sd,PE_mg_per_g_sample_se,PE_mg_per_mL_se,PE_pred_run2_mg_per_g_se,PE_scaled_se,PE_se_run2_se,X455_se,X564_se,X592_se,Xred_se,total_PE_mg_se,PE_mg_per_g_sample_cv,PE_mg_per_mL_cv,PE_pred_run2_mg_per_g_cv,PE_scaled_cv,PE_se_run2_cv,X455_cv,X564_cv,X592_cv,Xred_cv,total_PE_mg_cv,PE_mg_per_g_sample_max_dev_pct,PE_mg_per_mL_max_dev_pct,PE_pred_run2_mg_per_g_max_dev_pct,PE_scaled_max_dev_pct,PE_se_run2_max_dev_pct,X455_max_dev_pct,X564_max_dev_pct,X592_max_dev_pct,Xred_max_dev_pct,total_PE_mg_max_dev_pct,PE_mg_per_g_sample_n,PE_mg_per_mL_n,PE_pred_run2_mg_per_g_n,PE_scaled_n,PE_se_run2_n,X455_n,X564_n,X592_n,Xred_n,total_PE_mg_n,PE_mg_per_g_sample_included_rows,PE_mg_per_mL_included_rows,PE_pred_run2_mg_per_g_included_rows,PE_scaled_included_rows,PE_se_run2_included_rows,X455_included_rows,X564_included_rows,X592_included_rows,Xred_included_rows,total_PE_mg_included_rows,PE_mg_per_g_sample_excluded_rows,PE_mg_per_mL_excluded_rows,PE_pred_run2_mg_per_g_excluded_rows,PE_scaled_excluded_rows,PE_se_run2_excluded_rows,X455_excluded_rows,X564_excluded_rows,X592_excluded_rows,Xred_excluded_rows,total_PE_mg_excluded_rows,join_ids.pe,avg_sample_weight.pe,replicate_date.pe,replicate_count.pe,Sample Code.pe,Location.pe,region.pe,variety.pe,Ind_ID.pe,Life_S.pe,Large Ind?.pe,Protein_mg_per_g_mean,Protein_mg_total_mean,X600_mean,con_mg_per_ml_mean.pr,Protein_mg_per_g_sd,Protein_mg_total_sd,X600_sd,con_mg_per_ml_sd.pr,Protein_mg_per_g_se,Protein_mg_total_se,X600_se,con_mg_per_ml_se.pr,Protein_mg_per_g_cv,Protein_mg_total_cv,X600_cv,con_mg_per_ml_cv.pr,Protein_mg_per_g_max_dev_pct,Protein_mg_total_max_dev_pct,X600_max_dev_pct,con_mg_per_ml_max_dev_pct.pr,Protein_mg_per_g_n,Protein_mg_total_n,X600_n,con_mg_per_ml_n.pr,Protein_mg_per_g_included_rows,Protein_mg_total_included_rows,X600_included_rows,con_mg_per_ml_included_rows.pr,Protein_mg_per_g_excluded_rows,Protein_mg_total_excluded_rows,X600_excluded_rows,con_mg_per_ml_excluded_rows.pr,join_ids.pr,avg_sample_weight.pr,replicate_date.pr,replicate_count.pr,Sample Code.pr,Location.pr,region.pr,variety.pr,Ind_ID.pr,Life_S.pr,Large Ind?.pr,490_mean,750_mean,Rep_mean,absorbance_mean,carb_mg_per_g_mean,carb_mg_total_mean,con_mg_per_ml_mean.carb,490_sd,750_sd,Rep_sd,absorbance_sd,carb_mg_per_g_sd,carb_mg_total_sd,con_mg_per_ml_sd.carb,490_se,750_se,Rep_se,absorbance_se,carb_mg_per_g_se,carb_mg_total_se,con_mg_per_ml_se.carb,490_cv,750_cv,Rep_cv,absorbance_cv,carb_mg_per_g_cv,carb_mg_total_cv,con_mg_per_ml_cv.carb,490_max_dev_pct,750_max_dev_pct,Rep_max_dev_pct,absorbance_max_dev_pct,carb_mg_per_g_max_dev_pct,carb_mg_total_max_dev_pct,con_mg_per_ml_max_dev_pct.carb,490_n,750_n,Rep_n,absorbance_n,carb_mg_per_g_n,carb_mg_total_n,con_mg_per_ml_n.carb,490_included_rows,750_included_rows,Rep_included_rows,absorbance_included_rows,carb_mg_per_g_included_rows,carb_mg_total_included_rows,con_mg_per_ml_included_rows.carb,490_excluded_rows,750_excluded_rows,Rep_excluded_rows,absorbance_excluded_rows,carb_mg_per_g_excluded_rows,carb_mg_total_excluded_rows,con_mg_per_ml_excluded_rows.carb,avg_sample_weight.carb,replicate_date.carb,replicate_count.carb,Sample Code.carb,Location.carb,region.carb,variety.carb,Life_S.carb,Large Ind?.carb,ash_per_mean,ash_per_sd,ash_per_se,ash_per_cv,ash_per_max_dev_pct,ash_per_n,ash_per_included_rows,ash_per_excluded_rows,avg_sample_weight.ash,replicate_date.ash,replicate_count.ash,Sample Code.ash,Location.ash,region.ash,variety.ash,Life_S.ash,Large Ind?.ash,Sample Code,Location,region,variety,Ind_ID,Life_S,Large Ind?,car_per,t_rep_number
Lab_01,0.034042583,0.000544,0.103016869,34.04258319,0.001558913,0.014555556,0.012222222,-0.000444444,19038.33333,0.000816,0.004227133,6.92820323027552e-05,0.026532148,4.227133155,0.00012141,0.003024591,0.00101835,0.007618204,5034.162526,0.000103923,0.002440536,4.00000000000001e-05,0.015318343,2.440536465,7.0096115656381e-05,0.001746248,0.000587945,0.004398372,2906.475089,6e-05,0.124171927,0.127356677,0.257551492,0.124171927,0.077881187,0.207796299,0.083319558,-17.14095972,0.264422439,0.127356677,14.0870364,14.70588235,29.59478405,14.0870364,7.836394371,23.66412214,9.090909091,-875,30.38431235,14.70588235,3,3,3,3,3,3,3,3,3,3,345,245,123,345,137,345,345,467,123,245,1267,1367,4567,1267,2456,1267,1267,1235,4567,1367,"A02, A03, A04, A06, A01",18.28571429,Mixed (2025-05-06; NA),7,R01,Mendieta,Paracas,C.Cham,I45,Gam/Tetra,Yes,34.84107333,0.480623608,0.163055556,0.961247216,1.851543785,0.096593715,0.029995524,0.193187429,1.068989303,0.055768407,0.017317924,0.111536814,0.053142559,0.200975801,0.183958923,0.200975801,5.839956714,21.7384038,19.89778535,21.7384038,3,3,3,3,134,235,235,235,25,14,14,14,"A01, A02, A04, A05, A06",16.9,Mixed (2025-05-30; 2025-06-07),5,R01,Mendieta,Paracas,C.Cham,I45,Gam/Tetra,Yes,NA,NA,NA,NA,NA,NA,NA,NA,NA,NA,NA,NA,NA,NA,NA,NA,NA,NA,NA,NA,NA,NA,NA,NA,NA,NA,NA,NA,NA,NA,NA,NA,NA,NA,NA,NA,NA,NA,NA,NA,NA,NA,NA,NA,NA,NA,NA,NA,NA,NA,NA,NA,NA,NA,NA,NA,NA,NA,NA,NA,NA,NA,NA,NA,NA,NA,NA,NA,NA,NA,NA,NA,NA,NA,NA,NA,NA,NA,NA,NA,NA,NA,R01,Mendieta,Paracas,C.Cham,I45,Gam/Tetra,Yes,0.460405765,2
Lab_02,0.010444476,2e-04,0.011088456,10.44447587,0.001452842,0.007666667,0.002666667,-0.000666667,1596,0.0003,0.001939097,6.03986754821662e-05,0.003271683,1.939097007,5.76615899518971e-05,0.00057735,0.001154701,0.001,620.7632399,9.05980132232493e-05,0.001119538,3.48711915483255e-05,0.001888907,1.119538179,3.32909344806296e-05,0.000333333,0.000666667,0.00057735,358.3978237,5.23067873224882e-05,0.185657666,0.301993377,0.295053054,0.185657666,0.039688825,0.075306557,0.433012702,-1.5,0.388949398,0.301993377,19.21566858,32,32.60605368,19.21566858,4.551251516,8.695652174,50,0,42.98245614,32,3,3,3,3,3,3,3,3,3,3,124,234,134,124,234,234,234,234,134,234,3,1,2,3,1,1,1,1,2,1,"A06, A07, A08, A09",20.725,5/6/2025,4,R02,Mendieta,Paracas,C.Cham,I38,Gam/Tetra,Yes,18.05473591,0.282040235,0.101388889,0.56408047,5.159914801,0.184391822,0.057259723,0.368783643,2.979078199,0.106458668,0.033058917,0.212917336,0.28579287,0.653778429,0.564753436,0.653778429,32.66492516,73.20060066,63.23287671,73.20060066,3,3,3,3,145,145,145,145,23,23,23,23,"A03, A04, A07, A08, A09",16.46,Mixed (2025-05-30; 2025-06-07),5,R02,Mendieta,Paracas,C.Cham,I38,Gam/Tetra,Yes,0.636333333,0.017666667,2,0.618666667,81.34428513,0.817986354,1.635972707,0.010214369,0.021779195,1,0.029005747,9.116052934,0.037527606,0.075055212,0.005897269,0.012574224,0.577350269,0.016746476,5.263155615,0.021666573,0.043333147,0.016051916,1.232784621,0.5,0.046884289,0.112067528,0.045878034,0.045878034,1.833420639,137.7358491,50,4.74137931,12.94006451,4.639617446,4.639617446,3,3,3,3,3,3,3,123,123,123,123,123,123,123,NA,NA,NA,NA,NA,NA,NA,10.16333333,NA,3,R02,Mendieta,Paracas,C.Cham,Gam/Tetra,Yes,0.286706835,0.012842136,0.009080762,0.044791873,3.167263731,2,12,NA,NA,NA,2,R02,Mendieta,Paracas,C.Cham,Gam/Tetra,Yes,R02,Mendieta,Paracas,C.Cham,I38,Gam/Tetra,Yes,0.071655942,2
Lab_03,0.028719261,0.000608,0.025484899,28.71926141,0.001153386,0.011666667,0.008222222,-0.000555556,4327.555556,0.000912,0.001991815,0.000132182,0.00142998,1.991815188,1.99332461807239e-05,0.000881917,0.00083887,0.003271652,271.3219353,0.000198273,0.001149975,7.63151361133557e-05,0.0008256,1.149975035,1.1508465048264e-05,0.000509175,0.000484322,0.001888889,156.6477924,0.000114473,0.06935468,0.217404101,0.056110892,0.06935468,0.017282376,0.075592895,0.10202479,-5.888972746,0.062696349,0.217404101,7.348955565,25,5.903150536,7.348955565,1.804710042,8.571428571,10.81081081,-340,6.595974119,25,3,3,3,3,3,3,3,3,3,3,145,356,457,145,457,157,156,567,457,356,23678,12478,12368,23678,12368,23468,23478,12348,12368,12478,"A08, A09, A10, A11, A12, A05, A06",19.4125,Mixed (2025-05-06; NA),8,R04,Mendieta,Paracas,C.Cham,I26,Carp,Yes,40.08826748,0.796389061,0.261111111,1.592778123,2.414999284,0.348937126,0.108356451,0.697874251,1.394300487,0.201458943,0.062559626,0.402917887,0.060242047,0.438149069,0.414982151,0.438149069,6.788763215,50.4550185,47.78723404,50.4550185,3,3,3,3,124,124,124,124,3,3,3,3,"A05, A06, A10, A12",17.85,Mixed (2025-05-30; 2025-06-07),4,R04,Mendieta,Paracas,C.Cham,I26,Carp,Yes,0.616,0.027666667,2,0.588333333,84.85941198,0.778741117,1.557482234,0.050269275,0.03356089,1,0.022143472,11.8061246,0.028649202,0.057298403,0.029022979,0.019376389,0.577350269,0.012784539,6.816269215,0.016540624,0.033081248,0.081605966,1.213044215,0.5,0.037637629,0.139125694,0.036789121,0.036789121,8.603896104,134.939759,50,4.305949008,15.95987761,4.208875173,4.208875173,3,3,3,3,3,3,3,123,123,123,123,123,123,123,NA,NA,NA,NA,NA,NA,NA,9.273333333,NA,3,R04,Mendieta,Paracas,C.Cham,Carp,Yes,0.264732884,0.003052243,0.001762214,0.011529521,1.328427044,3,123,NA,NA,NA,3,R04,Mendieta,Paracas,C.Cham,Carp,Yes,R04,Mendieta,Paracas,C.Cham,I26,Carp,Yes,0.449679012,2
Lab_04,0.011359595,0.000192,0.044878286,11.35959482,0.001011849,0.012777778,0.009333333,-0.000777778,8007.222222,0.000288,0.00269259,4.80000000000005e-05,0.001104634,2.692589772,6.75028692483851e-07,0.001170628,0.002027588,0.001503083,209.5912247,7.20000000000008e-05,0.001554567,2.77128129211024e-05,0.000637761,1.55456743,3.89727997316273e-07,0.000675863,0.001170628,0.000867806,121.00755,4.15692193816535e-05,0.237032202,0.25,0.02461399,0.237032202,0.000667124,0.09161438,0.217241519,-1.932535608,0.026175273,0.25,25.72358316,25,2.804160236,25.72358316,0.076954828,9.565217391,25,-14.28571429,2.982030112,25,3,3,3,3,3,3,3,3,3,3,345,345,126,345,126,156,136,456,126,345,126,126,345,126,345,234,245,123,345,126,"A12, B01, B02, B03, A07, A08",22.56666667,Mixed (2025-05-06; NA),6,R02,Mendieta,Paracas,C.Cham,I37,Carp,Yes,23.15542272,0.342151959,0.120055556,0.684303918,6.799323545,0.047680837,0.014806468,0.095361674,3.925591279,0.027528544,0.008548518,0.055057088,0.293638498,0.139355732,0.123330132,0.139355732,29.69508467,15.73864606,13.9287367,15.73864606,3,3,3,3,134,245,245,245,25,13,13,13,"A07, A08, B01, B02, B03",15.7,Mixed (2025-05-30; 2025-06-07),5,R02,Mendieta,Paracas,C.Cham,I37,Carp,Yes,NA,NA,NA,NA,NA,NA,NA,NA,NA,NA,NA,NA,NA,NA,NA,NA,NA,NA,NA,NA,NA,NA,NA,NA,NA,NA,NA,NA,NA,NA,NA,NA,NA,NA,NA,NA,NA,NA,NA,NA,NA,NA,NA,NA,NA,NA,NA,NA,NA,NA,NA,NA,NA,NA,NA,NA,NA,NA,NA,NA,NA,NA,NA,NA,NA,NA,NA,NA,NA,NA,NA,NA,NA,NA,NA,NA,NA,NA,NA,NA,NA,NA,R02,Mendieta,Paracas,C.Cham,I37,Carp,Yes,0.443933981,2
Lab_05,0.016262163,0.00012,0.02936627,16.26216291,0.00107847,0.016111111,0.006444444,-0.000777778,5064,0.00018,0.001605761,4.45690675457469e-19,0.00549227,1.605760913,2.24355269696698e-05,0.001924501,0.001895414,0.006158403,1042.093566,6.71089616339568e-19,0.000927086,2.57319631450676e-19,0.003170964,0.927086495,1.29531575353499e-05,0.001111111,0.001094318,0.003555556,601.6530008,3.87453770644012e-19,0.098742149,3.71408896214558e-15,0.187026482,0.098742149,0.020803113,0.11945178,0.294115898,-7.917946549,0.205784669,3.72827564633094e-15,10.55645782,4.17869587312122e-13,19.86753614,10.55645782,2.379386868,13.79310345,32.75862069,-457.1428571,21.86018957,4.21634178188808e-13,3,3,3,3,3,3,3,3,3,3,134,178,123,134,136,135,134,578,123,178,25678,23456,45678,25678,24578,24678,25678,12346,45678,23456,"B02, B03, B04, B05, B06, A09, A10",19.25,Mixed (2025-05-06; NA),8,R05,Mendieta,Paracas,C.Cham,I47,Gam/Tetra,Yes,28.84650298,0.251805469,0.092,0.503610939,2.264428785,0.060788389,0.018876794,0.121576778,1.307368569,0.035096193,0.010898522,0.070192386,0.078499248,0.241410122,0.205182538,0.241410122,8.783158258,26.43003175,22.46376812,26.43003175,3,3,3,3,145,345,345,345,23,12,12,12,"A09, A10, D03, D04, D05",16.02,Mixed (2025-05-30; 2025-06-07),5,R05,Mendieta,Paracas,C.Cham,I47,Gam/Tetra,Yes,NA,NA,NA,NA,NA,NA,NA,NA,NA,NA,NA,NA,NA,NA,NA,NA,NA,NA,NA,NA,NA,NA,NA,NA,NA,NA,NA,NA,NA,NA,NA,NA,NA,NA,NA,NA,NA,NA,NA,NA,NA,NA,NA,NA,NA,NA,NA,NA,NA,NA,NA,NA,NA,NA,NA,NA,NA,NA,NA,NA,NA,NA,NA,NA,NA,NA,NA,NA,NA,NA,NA,NA,NA,NA,NA,NA,NA,NA,NA,NA,NA,NA,R05,Mendieta,Paracas,C.Cham,I47,Gam/Tetra,Yes,NA,NA
Lab_06,0.075460658,0.001424,0.04410412,75.46065831,0.001023092,0.049888889,0.035555556,0.021222222,7860.333333,0.002136,0.023408803,0.000277128,0.006456254,23.40880265,8.53456472631516e-06,0.023307923,0.017199268,0.009833804,1224.998095,0.000415692,0.013515079,0.00016,0.00372752,13.51507851,4.92743324215434e-06,0.013456835,0.009930002,0.005677549,707.25298,0.00024,0.310212012,0.19461245,0.146386638,0.310212012,0.008341935,0.467196668,0.483729408,0.46337297,0.155845566,0.19461245,35.71812836,22.47191011,16.58254476,35.71812836,0.839222852,53.89755011,55,52.87958115,17.65404351,22.47191011,3,3,3,3,3,3,3,3,3,3,134,234,234,134,234,134,134,134,234,234,25,15,15,25,15,25,25,25,15,15,"B06, B07, B08, B09",19.32,5/6/2025,5,R04,Concession,Paracas,C.Cham,I63,Gam/Tetra,Yes,47.33585195,1.17280295,0.378,2.3456059,5.308854665,0.111576695,0.034648232,0.223153389,3.753927134,0.078896637,0.0245,0.157793275,0.112152934,0.095136779,0.09166199,0.095136779,7.930409995,6.727186125,6.481481481,6.727186125,2,2,2,2,NA,NA,NA,NA,NA,NA,NA,NA,"A11, A12",24.8,5/30/2025,2,R04,Concession,Paracas,C.Cham,I63,Gam/Tetra,Yes,NA,NA,NA,NA,NA,NA,NA,NA,NA,NA,NA,NA,NA,NA,NA,NA,NA,NA,NA,NA,NA,NA,NA,NA,NA,NA,NA,NA,NA,NA,NA,NA,NA,NA,NA,NA,NA,NA,NA,NA,NA,NA,NA,NA,NA,NA,NA,NA,NA,NA,NA,NA,NA,NA,NA,NA,NA,NA,NA,NA,NA,NA,NA,NA,NA,NA,NA,NA,NA,NA,NA,NA,NA,NA,NA,NA,NA,NA,NA,NA,NA,NA,R04,Concession,Paracas,C.Cham,I63,Gam/Tetra,Yes,0.068526329,2
Lab_07,0.084308119,0.000728,0.165764726,84.30811929,0.001138793,0.014444444,0.016222222,0.004555556,30944,0.001092,0.021257004,0.000123158,0.053749532,21.25700395,0.00013766,0.0007698,0.001835857,0.0003849,10198.3405,0.000184738,0.012272737,7.11055553385245e-05,0.031032307,12.27273695,7.9478305132353e-05,0.000444444,0.001059932,0.000222222,5888.014634,0.000106658,0.252134719,0.169173674,0.32425193,0.252134719,0.120882771,0.053293871,0.113169258,0.084490283,0.329574086,0.169173674,29.11377178,18.68131868,34.88819015,29.11377178,13.81642807,6.153846154,13.01369863,9.756097561,35.46083247,18.68131868,3,3,3,3,3,3,3,3,3,3,136,135,123,136,456,134,156,346,123,135,245,246,456,245,123,256,234,125,456,246,"B08, B09, B10, B11, B12",18.18333333,5/6/2025,6,R01,Concession,Paracas,C.Cham,I49,Gam/Tetra,Yes,27.80950533,0.465595677,0.158388889,0.931191354,11.4798289,0.345975751,0.107436846,0.691951501,6.627882307,0.199749193,0.062028692,0.399498386,0.412802341,0.743081965,0.678310499,0.743081965,47.61123115,77.54113015,70.78218169,77.54113015,3,3,3,3,123,235,235,235,45,14,14,14,"B01, B02, B09, B10, B11",16.24,Mixed (2025-05-30; 2025-06-07),5,R01,Concession,Paracas,C.Cham,I49,Gam/Tetra,Yes,NA,NA,NA,NA,NA,NA,NA,NA,NA,NA,NA,NA,NA,NA,NA,NA,NA,NA,NA,NA,NA,NA,NA,NA,NA,NA,NA,NA,NA,NA,NA,NA,NA,NA,NA,NA,NA,NA,NA,NA,NA,NA,NA,NA,NA,NA,NA,NA,NA,NA,NA,NA,NA,NA,NA,NA,NA,NA,NA,NA,NA,NA,NA,NA,NA,NA,NA,NA,NA,NA,NA,NA,NA,NA,NA,NA,NA,NA,NA,NA,NA,NA,R01,Concession,Paracas,C.Cham,I49,Gam/Tetra,Yes,0.278283867,1
Lab_08,0.044102739,0.000744,0.044750625,44.10273877,0.001012569,0.013222222,0.011888889,0.004222222,7983,0.001116,0.003845411,8.31384387633056e-05,0.001982287,3.845411106,1.28744666346884e-06,0.00083887,0.000509175,0.00019245,376.1156737,0.000124708,0.002220149,4.79999999999997e-05,0.001144474,2.220149137,7.43307677721019e-07,0.000484322,0.000293972,0.000111111,217.1504855,7.19999999999995e-05,0.087192116,0.111745213,0.044296306,0.087192116,0.001271465,0.063443987,0.04282781,0.045580284,0.047114578,0.111745213,10.04307103,12.90322581,4.816919494,10.04307103,0.138145288,6.722689076,4.672897196,5.263157895,5.123387198,12.90322581,3,3,3,3,3,3,3,3,3,3,456,456,134,456,134,346,256,356,134,456,123,123,256,123,256,125,134,124,256,123,"B11, B12, C01, C02, C03",17.68333333,5/6/2025,6,R03,Concession,Paracas,C.Cham,I65,Gam/Tetra,Yes,24.74591983,0.209941948,0.079,0.419883895,7.40109909,0.016208341,0.005033223,0.032416683,4.273026552,0.00935789,0.002905933,0.018715781,0.299083612,0.077203921,0.063711683,0.077203921,33.99916412,8.180727291,6.751054852,8.180727291,3,3,3,3,234,345,345,345,15,12,12,12,"B03, B04, B12, D06, D07",16.6,Mixed (2025-05-30; 2025-06-07),5,R03,Concession,Paracas,C.Cham,I65,Gam/Tetra,Yes,0.57,0.036,2,0.534,66.18429779,0.708444704,1.416889409,0.07562407,0.032741411,1,0.052716221,15.24983613,0.068204195,0.13640839,0.043661577,0.018903263,0.577350269,0.030435725,8.804496995,0.03937771,0.078755421,0.132673807,0.909483641,0.5,0.098719516,0.230414715,0.096273138,0.096273138,14.56140351,100,50,10.6741573,25.77507612,10.40964002,10.40964002,3,3,3,3,3,3,3,123,123,123,123,123,123,123,NA,NA,NA,NA,NA,NA,NA,10.96333333,NA,3,R03,Concession,Paracas,C.Cham,Gam/Tetra,Yes,NA,NA,NA,NA,NA,NA,NA,NA,NA,NA,NA,R03,Concession,Paracas,C.Cham,Gam/Tetra,Yes,R03,Concession,Paracas,C.Cham,I65,Gam/Tetra,Yes,0.220359305,1
Lab_09,0.112017687,0.00076,0.027133369,112.0176872,0.001137415,0.022111111,0.016777778,0.018444444,4640.333333,0.00114,0.018408675,0.000132182,0.005712474,18.40867544,7.00405717631931e-05,0.00101835,0.003849002,0.006185407,1083.874685,0.000198273,0.010628254,7.63151361133556e-05,0.003298099,10.62825372,4.04379429616748e-05,0.000587945,0.002222222,0.003571146,625.7753413,0.000114473,0.164337221,0.17392328,0.210533171,0.164337221,0.061578752,0.046056037,0.229410703,0.335353389,0.233576902,0.17392328,17.26907631,17.89473684,23.45786795,17.26907631,6.741429049,5.025125628,26.49006623,34.93975904,26.02542921,17.89473684,3,3,3,3,3,3,3,3,3,3,123,123,456,123,456,135,135,236,456,123,456,456,123,456,123,246,246,145,123,456,"C02, C03, C04, C05, C06",17.51666667,5/6/2025,6,R02,Concession,Paracas,C.Cham,many,Gam/Tetra,No,31.59558111,0.344119902,0.120666667,0.688239804,3.04733901,0.02144162,0.006658328,0.042883241,1.759381998,0.012379325,0.003844188,0.024758651,0.096448266,0.062308574,0.055179515,0.062308574,11.04178813,6.862526657,6.077348066,6.862526657,3,3,3,3,134,345,345,345,25,12,12,12,"B05, B06, D08, D09, D10",16.34,Mixed (2025-05-30; 2025-06-07),5,R02,Concession,Paracas,C.Cham,many,Gam/Tetra,No,0.702666667,0.063333333,2,0.639333333,82.90386447,0.844724867,1.689449733,0.035795717,0.007637626,1,0.032807519,9.727961137,0.042446336,0.084892672,0.020666667,0.004409586,0.577350269,0.01894143,5.616440981,0.024506404,0.049012807,0.050942671,0.120594097,0.5,0.051315202,0.117340262,0.050248712,0.050248712,5.59772296,13.15789474,50,5.891553702,13.06724475,5.769108724,5.769108724,3,3,3,3,3,3,3,123,123,123,123,123,123,123,NA,NA,NA,NA,NA,NA,NA,10.28333333,NA,3,R02,Concession,Paracas,C.Cham,Gam/Tetra,No,0.275950353,0.009961349,0.005751188,0.036098338,4.159209275,3,123,NA,NA,NA,3,R02,Concession,Paracas,C.Cham,Gam/Tetra,No,R02,Concession,Paracas,C.Cham,many,Gam/Tetra,No,NA,NA
Lab_10,0.044780045,0.000728,0.057039486,44.78004535,0.001085596,0.015777778,0.025,0.012333333,10314.66667,0.001092,0.004472391,9.99199679743745e-05,0.006399013,4.472391195,6.45335250650551e-05,0.003671714,0.002886751,0,1214.137279,0.00014988,0.002582136,5.76888204074239e-05,0.003694472,2.58213626,3.7258448068065e-05,0.002119865,0.001666667,0,700.9824851,8.65332306111359e-05,0.099874646,0.137252703,0.112185666,0.099874646,0.059445251,0.232714248,0.115470054,0,0.117709793,0.137252703,11.40368645,15.38461538,11.48833669,11.40368645,6.440087279,23.94366197,13.33333333,0,12.05403309,15.38461538,3,3,3,3,3,3,3,3,3,3,256,156,356,256,356,234,456,456,356,156,134,234,124,134,124,156,123,123,124,234,"C05, C06, C07, C08, C09",17.95,5/6/2025,6,R01,Mendieta,Paracas,F. Glom,many,Gam/Tetra,No,30.03207345,0.464522253,0.158055556,0.929044507,5.573288049,0.244579483,0.075949971,0.489158967,3.217739356,0.141208031,0.043849736,0.282416061,0.185577864,0.526518335,0.48052706,0.526518335,19.4392188,58.54057283,53.42706503,58.54057283,3,3,3,3,245,245,245,245,13,13,13,13,"B07, B08, D11, D12, E01",16.4,Mixed (2025-05-30; 2025-06-07),5,R01,Mendieta,Paracas,F. Glom,many,Gam/Tetra,No,0.643333333,0.065,2,0.578333333,72.32186779,0.765803127,1.531606254,0.057239264,0.015394804,1,0.048675798,13.9548754,0.062976699,0.125953399,0.033047104,0.008888194,0.577350269,0.028102985,8.056851071,0.036359614,0.072719229,0.088972949,0.236843143,0.5,0.084165645,0.19295513,0.082236148,0.082236148,10.20725389,26.15384615,50,9.106628242,21.37891107,8.897858822,8.897858822,3,3,3,3,3,3,3,123,123,123,123,123,123,123,NA,NA,NA,NA,NA,NA,NA,10.73333333,NA,3,R01,Mendieta,Paracas,F. Glom,Gam/Tetra,No,0.229698578,0.008619999,0.004976758,0.037527435,4.150225182,3,123,NA,NA,NA,3,R01,Mendieta,Paracas,F. Glom,Gam/Tetra,No,R01,Mendieta,Paracas,F. Glom,many,Gam/Tetra,No,0.150753108,2
Lab_11,0.035612903,0.000544,0.044246421,35.61290323,0.001019626,0.024888889,0.020555556,0.013555556,7887.333333,0.000816,0.000670471,3.66606055596472e-05,0.005414864,0.67047128,7.81915983774417e-06,0.001895414,0.003338884,0.002411393,1027.406606,5.49909083394708e-05,0.000387097,2.1166010488517e-05,0.003126273,0.387096774,4.51439403715831e-06,0.001094318,0.001927706,0.001392218,593.1734803,3.17490157327755e-05,0.018826639,0.067390819,0.122379701,0.018826639,0.007668658,0.076155009,0.162432208,0.177889626,0.130260325,0.067390819,2.173913043,7.352941176,13.80941736,2.173913043,0.82894447,8.482142857,18.37837838,20.49180328,14.69867298,7.352941176,3,3,3,3,3,3,3,3,3,3,256,156,456,256,456,345,345,345,456,156,134,234,123,134,123,126,126,126,123,234,"C08, C09, C10, C11, C12",17.73333333,5/6/2025,6,R02,Mendieta,Paracas,F. Glom,many,Gam/Tetra,No,34.08688314,0.438760086,0.150055556,0.877520172,2.18302223,0.140764207,0.043711915,0.281528414,1.260368472,0.081270253,0.025237086,0.162540506,0.064042882,0.320822727,0.291304874,0.320822727,7.381008209,37.02359951,33.61717882,37.02359951,3,3,3,3,345,145,145,145,12,23,23,23,"B09, B10, E02, E03, E04",16.28,Mixed (2025-05-30; 2025-06-07),5,R02,Mendieta,Paracas,F. Glom,many,Gam/Tetra,No,0.7,0.0633,2,0.6367,81.90695768,0.841317863,1.682635725,0.145006896,0.06106038,1,0.205463062,12.74036411,0.265827906,0.531655813,0.083719771,0.035253227,0.577350269,0.118624154,7.355652648,0.153475813,0.306951627,0.207152709,0.964618957,0.5,0.322699957,0.155546787,0.315966079,0.315966079,22.57142857,97.47235387,50,34.5060468,16.06834758,33.7859987,33.7859987,3,3,3,3,3,3,3,123,123,123,123,123,123,123,NA,NA,NA,NA,NA,NA,NA,10.1,NA,3,R02,Mendieta,Paracas,F. Glom,Gam/Tetra,No,0.248500619,0.005475635,0.003161359,0.022034694,2.501263323,3,123,NA,NA,NA,3,R02,Mendieta,Paracas,F. Glom,Gam/Tetra,No,R02,Mendieta,Paracas,F. Glom,many,Gam/Tetra,No,0.339376029,1
Lab_12,0.010324752,0.00016,0.013612401,10.32475151,0.001334568,0.013,0.011555556,-0.000444444,2074.888889,0.00024,0.001862556,1.38564064605515e-05,0.00100796,1.862555558,1.44996425244648e-05,0.000666667,0.0003849,0.002457038,191.2486262,2.07846096908272e-05,0.001075347,8.00000000000025e-06,0.000581946,1.075346953,8.3713725146531e-06,0.0003849,0.000222222,0.001418572,110.4174458,1.20000000000004e-05,0.180397132,0.08660254,0.074047223,0.180397132,0.01086467,0.051282051,0.033308669,-5.528336097,0.092172948,0.08660254,18.41849247,10,8.474891943,18.41849247,1.234782414,5.128205128,3.846153846,-200,10.54942701,10,3,3,3,3,3,3,3,3,3,3,468,346,467,468,367,168,356,478,467,346,12357,12578,12358,12357,12458,23457,12478,12356,12358,12578,"C11, C12, D01, D02, D03, A11, A12",19.6875,Mixed (2025-05-06; NA),8,R03,Mendieta,Paracas,F. Glom,many,Gam/Tetra,No,41.63540375,0.732878163,0.241388889,1.465756326,0.520979946,0.241205441,0.07490222,0.482410882,0.300787912,0.139260026,0.043244817,0.278520053,0.012512907,0.329120791,0.310296885,0.329120791,1.371923332,37.83727233,35.67318757,37.83727233,3,3,3,3,123,245,245,245,45,13,13,13,"B11, B12, E05, E06, E07",16.22,Mixed (2025-05-30; 2025-06-07),5,R03,Mendieta,Paracas,F. Glom,many,Gam/Tetra,No,0.755,0.100333333,2,0.654666667,71.10911331,0.864563118,1.729126236,0.075901252,0.074473709,1,0.003785939,2.171140245,0.004898244,0.009796488,0.043821608,0.042997416,0.577350269,0.002185813,1.253508405,0.002828002,0.005656005,0.100531459,0.74226288,0.5,0.005783002,0.030532517,0.005665571,0.005665571,11.25827815,82.05980066,50,0.66191446,3.502064926,0.64847346,0.64847346,3,3,3,3,3,3,3,123,123,123,123,123,123,123,NA,NA,NA,NA,NA,NA,NA,12.16666667,NA,3,R03,Mendieta,Paracas,F. Glom,Gam/Tetra,No,0.218116517,0.019588725,0.011309556,0.089808535,10.34989961,3,123,NA,NA,NA,3,R03,Mendieta,Paracas,F. Glom,Gam/Tetra,No,R03,Mendieta,Paracas,F. Glom,many,Gam/Tetra,No,0.121213929,1
Lab_13,0.038174505,0.000752,0.072683262,38.1745048,0.001074905,0.016666667,0.007888889,0.006666667,13282.88889,0.001128,0.005065985,3.66606055596466e-05,0.002698784,5.065984765,3.19557290062261e-05,0.000881917,0.000509175,0.000333333,512.0625324,5.49909083394698e-05,0.002924848,2.11660104885166e-05,0.001558144,2.924847668,1.84496487438954e-05,0.000509175,0.000293972,0.00019245,295.6394409,3.17490157327749e-05,0.132705972,0.048750805,0.037130754,0.132705972,0.029728891,0.052915026,0.06454332,0.05,0.038550539,0.048750805,15.31905711,5.319148936,4.265325684,15.31905711,3.378609932,6,7.042253521,5,4.428420859,5.319148936,3,3,3,3,3,3,3,3,3,3,478,128,368,478,457,267,345,268,368,128,12356,34567,12457,12356,12368,13458,12678,13457,12457,34567,"D02, D03, D04, D05, D06, B01, B02",19.875,Mixed (2025-05-06; NA),8,R01,Caro Caido,Marcona,C.Cham,many,Gam/Tetra,Yes,40.2608473,0.389203695,0.134666667,0.77840739,1.179599656,0.024383498,0.007571878,0.048766996,0.681042179,0.014077819,0.004371626,0.028155638,0.029298928,0.062649708,0.056226815,0.062649708,3.309787817,7.170798975,6.435643564,7.170798975,3,3,3,3,134,345,345,345,25,12,12,12,"C01, C02, E08, E09, E10",16.26,Mixed (2025-05-30; 2025-06-07),5,R01,Caro Caido,Marcona,C.Cham,many,Gam/Tetra,Yes,0.712333333,0.068,2,0.644333333,76.09319789,0.851193862,1.702387723,0.003511885,0.006244998,1,0.008082904,7.253957348,0.010457653,0.020915306,0.002027588,0.003605551,0.577350269,0.004666667,4.188074227,0.006037729,0.012075457,0.004930114,0.091838206,0.5,0.0125446,0.095329905,0.012285865,0.012285865,0.51474029,10.29411765,50,1.345059493,10.75937397,1.317317387,1.317317387,3,3,3,3,3,3,3,123,123,123,123,123,123,123,NA,NA,NA,NA,NA,NA,NA,11.26666667,NA,3,R01,7H,Marcona,C.Cham,Gam/Tetra,Yes,0.353280771,0.019685282,0.011365303,0.055721351,5.887899686,3,123,NA,NA,NA,3,R01,7H,Marcona,C.Cham,Gam/Tetra,Yes,R01,Caro Caido,Marcona,C.Cham,many,Gam/Tetra,Yes,0.283916527,1
Lab_14,0.01825022,0.000312,0.022593196,18.25022012,0.001195834,0.009555556,0.006,0.002222222,3778.888889,0.000468,0.000985492,4.51931569438751e-19,0.000341699,0.985491604,5.33463970507039e-06,0.000693889,0.000333333,0.00019245,64.83340474,6.77084039703117e-19,0.000568974,2.60922813270753e-19,0.00019728,0.568973843,3.07995566975205e-06,0.000400617,0.00019245,0.000111111,37.43158368,3.90914652586594e-19,0.053998889,1.448498619996e-15,0.015123989,0.053998889,0.004461022,0.072616256,0.055555556,0.08660254,0.017156738,1.44676076859641e-15,5.6592677,1.56375313339256e-13,1.708088719,5.6592677,0.504025893,8.139534884,5.555555556,10,1.937665393,1.6216699161108e-13,3,3,3,3,3,3,3,3,3,3,456,356,568,456,568,356,357,345,568,356,12378,12478,12347,12378,12347,12478,12468,12678,12347,12478,"D05, D06, D07, D08, D09, B03, B04",19.3625,Mixed (2025-05-06; NA),8,R02,Caro Caido,Marcona,C.Cham,CC10,Carp,Yes,36.98286139,0.513899741,0.173388889,1.027799482,1.88926309,0.155303974,0.04822699,0.310607948,1.090766554,0.089664791,0.027843866,0.179329582,0.051084827,0.302206757,0.278143488,0.302206757,5.584326351,33.28123224,30.63120795,33.28123224,3,3,3,3,145,234,234,234,23,15,15,15,"C03, C04, E11, E12, F01",16.28,Mixed (2025-05-30; 2025-06-07),5,R02,Caro Caido,Marcona,C.Cham,CC10,Carp,Yes,NA,NA,NA,NA,NA,NA,NA,NA,NA,NA,NA,NA,NA,NA,NA,NA,NA,NA,NA,NA,NA,NA,NA,NA,NA,NA,NA,NA,NA,NA,NA,NA,NA,NA,NA,NA,NA,NA,NA,NA,NA,NA,NA,NA,NA,NA,NA,NA,NA,NA,NA,NA,NA,NA,NA,NA,NA,NA,NA,NA,NA,NA,NA,NA,NA,NA,NA,NA,NA,NA,NA,NA,NA,NA,NA,NA,NA,NA,NA,NA,NA,NA,R02,Caro Caido,Marcona,C.Cham,CC10,Carp,Yes,0.629862306,1
Lab_15,0.036609334,0.00024,0.035460632,36.60933441,0.001060796,0.017222222,0.009555556,0.006555556,6220.333333,0.00036,0.005794199,2.39999999999997e-05,0.007848071,5.794198834,4.77652148635129e-05,0.003656552,0.001071517,0.001071517,1489.079022,3.59999999999995e-05,0.003345282,1.38564064605508e-05,0.004531086,3.345282256,2.75772596593495e-05,0.002111111,0.00061864,0.00061864,859.7201741,2.07846096908263e-05,0.158271078,0.1,0.221317857,0.158271078,0.045027718,0.212315905,0.112135474,0.163451708,0.239388943,0.1,17.28783296,10,24.68204725,17.28783296,4.651555842,24.51612903,12.79069767,18.6440678,26.69739028,10,3,3,3,3,3,3,3,3,3,3,124,123,345,124,345,134,135,134,345,123,35,45,12,35,12,25,24,25,12,45,"D08, D09, D10, D11, D12",18.98,5/6/2025,5,R03,Caro Caido,Marcona,C.Cham,CC11,Gam/Tetra,No,26.31895377,0.403337106,0.139055556,0.806674212,2.380275319,0.235639309,0.073173753,0.471278617,1.374252596,0.136046418,0.042246886,0.272092837,0.090439587,0.584224226,0.526219559,0.584224226,10.42769298,67.42101928,60.72712745,67.42101928,3,3,3,3,135,135,135,135,24,24,24,24,"C05, C06, F02, F03, F04",16.44,Mixed (2025-05-30; 2025-06-07),5,R03,Caro Caido,Marcona,C.Cham,CC11,Gam/Tetra,No,NA,NA,NA,NA,NA,NA,NA,NA,NA,NA,NA,NA,NA,NA,NA,NA,NA,NA,NA,NA,NA,NA,NA,NA,NA,NA,NA,NA,NA,NA,NA,NA,NA,NA,NA,NA,NA,NA,NA,NA,NA,NA,NA,NA,NA,NA,NA,NA,NA,NA,NA,NA,NA,NA,NA,NA,NA,NA,NA,NA,NA,NA,NA,NA,NA,NA,NA,NA,NA,NA,NA,NA,NA,NA,NA,NA,NA,NA,NA,NA,NA,NA,R03,Caro Caido,Marcona,C.Cham,CC11,Gam/Tetra,No,0.521604301,2
Lab_16,0.004748027,7.99999999999998e-05,0.015888636,4.748026787,0.001310712,0.004777778,0.008222222,-0.000222222,2506.777778,0.00012,0.000916771,1.38564064605508e-05,0.000139545,0.916770918,2.59231766178224e-06,0.00019245,0.001835857,0.003595264,26.47710402,2.07846096908263e-05,0.000529298,7.99999999999989e-06,8.05665998621651e-05,0.529297936,1.496675299855e-06,0.000111111,0.001059932,0.002075727,15.28656313,1.19999999999998e-05,0.193084614,0.173205081,0.00878272,0.193084614,0.001977794,0.040280251,0.223279887,-16.17868969,0.010562206,0.173205081,22.29188826,20,0.987758643,22.29188826,0.222462308,4.651162791,22.97297297,-700,1.187890608,20,3,3,3,3,3,3,3,3,3,3,467,467,578,467,578,378,156,458,578,467,12358,12358,12346,12358,12346,12456,23478,12367,12346,12358,"D11, D12, E01, E02, E03, B05, B06",19.45,Mixed (2025-05-06; 2025-05-12; NA),8,R01,7H,Marcona,F. Glom,many,Carp,NA,28.2331816,0.379721786,0.131722222,0.759443572,6.19266763,0.133487397,0.041452226,0.266974795,3.575338323,0.077068985,0.023932454,0.15413797,0.219340056,0.351540002,0.31469425,0.351540002,25.00392958,40.51845157,36.27161535,40.51845157,3,3,3,3,245,245,245,245,13,13,13,13,"C07, C08, F05, F06, F07",16.28,Mixed (2025-05-30; 2025-06-07),5,R01,7H,Marcona,F. Glom,many,Carp,NA,0.914333333,0.146666667,2,0.767666667,96.9043729,1.010762406,2.021524812,0.064840831,0.067099429,1,0.126179766,6.918444341,0.163251256,0.326502512,0.037435871,0.038739873,0.577350269,0.072849922,3.994365703,0.094253157,0.188506313,0.070915965,0.457496105,0.5,0.16436791,0.071394553,0.161512988,0.161512988,7.473569085,52.04545455,50,18.8449848,7.653732717,18.51766436,18.51766436,3,3,3,3,3,3,3,123,123,123,123,123,123,123,NA,NA,NA,NA,NA,NA,NA,10.46666667,NA,3,R01,7H,Marcona,F. Glom,Carp,No,0.236040661,0.048649708,0.028087922,0.206107321,23.06015423,3,123,NA,NA,NA,3,R01,7H,Marcona,F. Glom,Carp,No,R01,7H,Marcona,F. Glom,many,Carp,NA,0.444302571,2
Lab_17,0.003434966,0.000104,0.012291282,3.434966244,0.001379971,0.020444444,0.008666667,0.004111111,1824.222222,0.000156,0.000721937,2.77128129211021e-05,0.000938236,0.721937397,1.87113997915698e-05,0.00083887,0.000666667,0.00019245,178.0191417,4.15692193816531e-05,0.000416811,1.6e-05,0.000541691,0.416810751,1.08030317065775e-05,0.000484322,0.0003849,0.000111111,102.7793994,2.4e-05,0.210173069,0.266469355,0.076333414,0.210173069,0.013559267,0.041031709,0.076923077,0.046812184,0.097586324,0.266469355,22.33991054,30.76923077,8.814084412,22.33991054,1.565665304,4.347826087,7.692307692,5.405405405,11.26812036,30.76923077,3,3,3,3,3,3,3,3,3,3,357,167,457,357,457,456,246,134,457,167,1246,2345,1236,1246,1236,1237,1357,2567,1236,2345,"E02, E03, E04, E05, E06, B07, B08",18.84285714,Mixed (2025-05-06; 2025-05-12; NA),7,R02,7H,Marcona,F. Glom,many,Gam/Tetra,NA,20.62695508,0.320683486,0.113388889,0.641366972,4.336079592,0.221240094,0.068702324,0.442480188,2.50343672,0.127733028,0.039665305,0.255466056,0.210214235,0.689901737,0.605899963,0.689901737,24.23953752,78.43838236,68.8878001,78.43838236,3,3,3,3,135,135,135,135,24,24,24,24,"C09, C10, F08, F09, F10",16.32,Mixed (2025-05-30; 2025-06-07),5,R02,7H,Marcona,F. Glom,many,Gam/Tetra,NA,1.0135,0.2325,1.5,0.781,87.11975079,1.028013059,2.056026119,0.116672619,0.06151829,0.707106781,0.055154329,6.047340345,0.071358616,0.142717232,0.0825,0.0435,0.5,0.039,4.276115366,0.050458161,0.100916323,0.115118519,0.264594796,0.471404521,0.070620139,0.069414114,0.069414114,0.069414114,8.140108535,18.70967742,33.33333333,4.993597951,4.908319098,4.908319098,4.908319098,2,2,2,2,2,2,2,12,12,12,12,12,12,12,NA,NA,NA,NA,NA,NA,NA,11.8,NA,2,R02,7H,Marcona,F. Glom,Gam/Tetra,No,0.264146917,0.033490957,0.019336013,0.126789126,14.63860979,3,123,NA,NA,NA,3,R02,7H,Marcona,F. Glom,Gam/Tetra,No,R02,7H,Marcona,F. Glom,many,Gam/Tetra,NA,0.509821074,1
Lab_18,0.018577763,0.000144,0.01781761,18.57776261,0.001297982,0.012888889,0.005888889,0.002888889,2872.777778,0.000216,0.003062836,9.38946624210725e-20,0.001950919,3.062836453,2.32991507829956e-05,0.000509175,0.0007698,0.000509175,370.1639777,1.40841993631609e-19,0.001768329,5.42101086242752e-20,0.001126364,1.768329451,1.34517709764522e-05,0.000293972,0.000444444,0.000293972,213.7142722,8.13151629364128e-20,0.164865733,6.52046266813006e-16,0.10949389,0.164865733,0.017950293,0.039504963,0.130720816,0.176252911,0.128852284,6.52046266813006e-16,18.57980568,7.52918175337159e-14,11.58872167,18.57980568,2.066220019,4.310344828,15.09433962,19.23076923,13.63759428,7.52918175337159e-14,3,3,3,3,3,3,3,3,3,3,125,126,578,125,357,345,145,145,578,126,34678,34578,12346,34678,12468,12678,23678,23678,12346,34578,"E05, E06, E07, E08, E09, B09, B10",20.0375,Mixed (2025-05-06; 2025-05-12; NA),8,R04,7H,Marcona,F. Glom,many,Carp,NA,30.43768327,0.273273942,0.098666667,0.546547884,4.115303349,0.096626016,0.030005555,0.193252032,2.375971497,0.055787056,0.017323715,0.111574113,0.135204224,0.353586644,0.304110355,0.353586644,15.43291761,35.74491963,30.74324324,35.74491963,3,3,3,3,123,345,345,345,45,12,12,12,"C11, C12, F11, F12, G01",16.62,Mixed (2025-05-30; 2025-06-07),5,R04,7H,Marcona,F. Glom,many,Carp,NA,NA,NA,NA,NA,NA,NA,NA,NA,NA,NA,NA,NA,NA,NA,NA,NA,NA,NA,NA,NA,NA,NA,NA,NA,NA,NA,NA,NA,NA,NA,NA,NA,NA,NA,NA,NA,NA,NA,NA,NA,NA,NA,NA,NA,NA,NA,NA,NA,NA,NA,NA,NA,NA,NA,NA,NA,NA,NA,NA,NA,NA,NA,NA,NA,NA,NA,NA,NA,NA,NA,NA,NA,NA,NA,NA,NA,NA,NA,NA,NA,NA,NA,R04,7H,Marcona,F. Glom,many,Carp,NA,0.339779833,1
Lab_19,0.011828808,0.0002,0.01542484,11.82880843,0.001319424,0.009444444,0.010666667,0.008,2418.777778,0.0003,0.001116172,1.38564064605507e-05,0.000708273,1.11617205,1.33244993194632e-05,0.00101835,0.000881917,0.002185813,134.386397,2.0784609690826e-05,0.000644422,7.99999999999979e-06,0.000408921,0.644422233,7.69290326890907e-06,0.000587945,0.000509175,0.00126198,77.58802249,1.19999999999997e-05,0.094360481,0.069282032,0.045917669,0.094360481,0.010098723,0.10782531,0.082679728,0.273226605,0.055559629,0.069282032,10.89374713,8,5.254339226,10.89374713,1.155843738,11.76470588,9.375,29.16666667,6.357664569,8,3,3,3,3,3,3,3,3,3,3,234,234,256,234,256,245,136,136,256,234,156,156,134,156,134,136,245,245,134,156,"E10, E11, E12, B11, B12",22.95,Mixed (2025-05-06; 2025-05-12; NA),6,R04,7H,Marcona,F. Glom,many,Gam/Tetra,NA,42.12577077,0.637343459,0.211722222,1.274686918,2.868940022,0.284612328,0.088381486,0.569224656,1.656383294,0.164321004,0.051027075,0.328642008,0.068104155,0.446560365,0.417440762,0.446560365,7.67215646,51.4247087,48.07137234,51.4247087,3,3,3,3,145,145,145,145,23,23,23,23,"D01, D02, G02, G03, G04",16.06,Mixed (2025-05-30; 2025-06-07),5,R04,7H,Marcona,F. Glom,many,Gam/Tetra,NA,0.9815,0.094,2,0.8875,104.4871374,1.165802654,2.331605307,0.064346717,0.015556349,1.414213562,0.079903066,1.982653643,0.103378508,0.206757016,0.0455,0.011,1,0.0565,1.401947836,0.073099644,0.146199288,0.065559569,0.165493076,0.707106781,0.090031624,0.018975098,0.088675821,0.088675821,4.635761589,11.70212766,50,6.366197183,1.341742027,6.270327463,6.270327463,2,2,2,2,2,2,2,12,12,12,12,12,12,12,NA,NA,NA,NA,NA,NA,NA,11.15,NA,2,R04,7H,Marcona,F. Glom,Gam/Tetra,No,0.297002478,0.004928464,0.00284545,0.016594015,1.78729546,3,123,NA,NA,NA,3,R04,7H,Marcona,F. Glom,Gam/Tetra,No,R04,7H,Marcona,F. Glom,many,Gam/Tetra,NA,0.565391655,1
Lab_20,0.058911836,0.000816,0.034866831,58.91183565,0.001106912,0.009555556,0.013111111,0.005222222,6107.666667,0.001224,0.019322329,6.34980314655504e-05,0.015806963,19.32232918,0.000163789,0.0003849,0.00019245,0.00019245,2999.184945,9.52470471983256e-05,0.011155752,3.66606055596469e-05,0.009126154,11.15575195,9.45635245222329e-05,0.000222222,0.000111111,0.000111111,1731.580235,5.49909083394703e-05,0.32798722,0.077816215,0.45335243,0.32798722,0.147969214,0.040280251,0.014678397,0.036852145,0.491052493,0.077816215,37.18181693,8.823529412,52.14465915,37.18181693,17.08590705,4.651162791,1.694915254,4.255319149,56.48092561,8.823529412,3,3,3,3,3,3,3,3,3,3,245,345,145,245,145,345,234,345,145,345,13,12,23,13,23,12,15,12,23,12,"E11, E12, F01, F02, F03",16,Mixed (2025-05-06; 2025-05-12),5,R01,Powder Ilo,Ilo,C.Cham,many,Unknown,NA,27.11300608,0.265759977,0.096333333,0.531519953,2.457211664,0.004554151,0.001414214,0.009108302,1.737511031,0.003220271,0.001,0.006440542,0.090628522,0.017136331,0.014680418,0.017136331,6.408404237,1.211721551,1.038062284,1.211721551,2,2,2,2,23,23,23,23,1,1,1,1,"G05, G06, G07",10.03333333,6/7/2025,3,R01,Powder Ilo,Ilo,C.Cham,many,Unknown,NA,0.623333333,0.085333333,2,0.538,79.51384246,0.7136199,1.427239801,0.10947298,0.050302419,1,0.128421182,17.73802103,0.166151198,0.332302396,0.063204254,0.029042115,0.577350269,0.074144004,10.24105122,0.095927439,0.191854878,0.175625101,0.58948147,0.5,0.238701082,0.223080919,0.232828706,0.232828706,18.98395722,64.0625,50,26.39405204,24.02652104,25.74472195,25.74472195,3,3,3,3,3,3,3,123,123,123,123,123,123,123,NA,NA,NA,NA,NA,NA,NA,9,NA,3,R01,Powder Ilo,Ilo,C.Cham,Unknown,No,0.385201224,0.008633656,0.004984643,0.022413365,2.508059955,3,123,NA,NA,NA,3,R01,Powder Ilo,Ilo,C.Cham,Unknown,No,R01,Powder Ilo,Ilo,C.Cham,many,Unknown,NA,NA,NA
Lab_21,0.13190191,0.000848,0.207278063,131.9019102,0.004860515,0.011111111,0.016777778,0.008444444,38820.66667,0.001272,0.006098027,1.38564064605512e-05,0.021957463,6.098026704,0.000625623,0.00019245,0.000693889,0.000509175,4166.169984,2.07846096908268e-05,0.003520697,8.00000000000012e-06,0.012677147,3.520697359,0.000361204,0.000111111,0.000400617,0.000293972,2405.339362,1.20000000000001e-05,0.046231527,0.016340102,0.105932403,0.046231527,0.128715354,0.017320508,0.041357603,0.060297049,0.107318352,0.016340102,5.191804833,1.886792453,12.1328251,5.191804833,14.74102489,2,4.635761589,6.578947368,12.29156291,1.886792453,3,3,3,3,3,3,3,3,3,3,123,234,123,123,123,136,126,125,123,234,456,156,456,456,456,245,345,346,456,156,"F02, F03, F04, F05, F06",16.85,Mixed (2025-05-06; 2025-05-12),6,R02,Powder Ilo,Ilo,C.Cham,many,Unknown,NA,30.21804466,0.246438351,0.090333333,0.492876702,1.342331497,0.036433206,0.011313708,0.072866413,0.949171704,0.025762167,0.008,0.051524335,0.044421521,0.147839028,0.125244006,0.147839028,3.141075852,10.45379795,8.856088561,10.45379795,2,2,2,2,13,23,23,23,2,1,1,1,"G08, G09, G10",10.13333333,6/7/2025,3,R02,Powder Ilo,Ilo,C.Cham,many,Unknown,NA,0.685333333,0.082,2,0.603333333,70.90114992,0.798148102,1.596296205,0.045785733,0.066053009,1,0.111697508,7.055522036,0.144514125,0.289028251,0.026434405,0.038135723,0.577350269,0.064488586,4.073507547,0.083435269,0.166870538,0.066807976,0.8055245,0.5,0.185133991,0.099512096,0.181061792,0.181061792,7.63618677,90.24390244,50,20.93922652,11.3675841,20.47864812,20.47864812,3,3,3,3,3,3,3,123,123,123,123,123,123,123,NA,NA,NA,NA,NA,NA,NA,11.2,NA,3,R02,Powder Ilo,Ilo,C.Cham,Unknown,No,0.369256637,0.004815454,0.002780204,0.013040941,1.493057402,3,123,NA,NA,NA,3,R02,Powder Ilo,Ilo,C.Cham,Unknown,No,R02,Powder Ilo,Ilo,C.Cham,many,Unknown,NA,NA,NA
Lab_22,0.112733391,0.00076,0.198425515,112.7333906,0.001053984,0.010111111,0.010777778,0.005555556,37141,0.00114,0.023576122,1.38564064605517e-05,0.011930208,23.57612175,5.64232511326888e-05,0.00019245,0.0003849,0.000693889,2263.616354,2.07846096908275e-05,0.01361168,8.00000000000038e-06,0.006887909,13.61168024,3.25759792300117e-05,0.000111111,0.000222222,0.000400617,1306.899512,1.20000000000006e-05,0.209131666,0.018232114,0.060124363,0.209131666,0.053533304,0.019033525,0.035712388,0.12489996,0.060946565,0.018232114,23.07799779,2.105263158,6.15688577,23.07799779,6.124662367,2.197802198,4.12371134,14,6.241081285,2.105263158,3,3,3,3,3,3,3,3,3,3,123,156,123,123,456,236,124,246,123,156,456,234,456,456,123,145,356,135,456,234,"F05, F06, F07, F08, F09",17.03333333,Mixed (2025-05-06; 2025-05-12),6,R03,Powder Ilo,Ilo,C.Cham,many,Unknown,NA,27.67381636,0.301182957,0.107333333,0.602365913,8.693162635,0.100191318,0.031112698,0.200382635,6.146994249,0.07084596,0.022,0.14169192,0.314129519,0.33265932,0.289869861,0.33265932,22.21231134,23.5225661,20.49689441,23.5225661,2,2,2,2,NA,NA,NA,NA,NA,NA,NA,NA,"G11, H01",10.85,6/7/2025,2,R03,Powder Ilo,Ilo,C.Cham,many,Unknown,NA,0.503333333,0.023333333,2,0.48,70.26239684,0.638579558,1.277159116,0.03801754,0.02212088,1,0.031432467,5.34716201,0.040667295,0.08133459,0.021949437,0.012771496,0.577350269,0.018147543,3.087185426,0.023479274,0.046958547,0.075531536,0.948037716,0.5,0.065484307,0.076102756,0.063683991,0.063683991,7.682119205,100,50,7.5,8.542408027,7.293807595,7.293807595,3,3,3,3,3,3,3,123,123,123,123,123,123,123,NA,NA,NA,NA,NA,NA,NA,9.133333333,NA,3,R03,Powder Ilo,Ilo,C.Cham,Unknown,No,NA,NA,NA,NA,NA,NA,NA,NA,NA,NA,NA,R03,Powder Ilo,Ilo,C.Cham,Unknown,No,R03,Powder Ilo,Ilo,C.Cham,many,Unknown,NA,0.644241302,1
Lab_23,0.064233946,0.001072,0.073593288,64.23394552,0.001092015,0.005888889,0.009777778,-0.001111111,13455.55556,0.001608,0.010071747,0.000132182,0.007247652,10.0717474,9.26001145337118e-05,0.001071517,0.003097191,0.003976784,1375.15657,0.000198273,0.005814926,7.63151361133556e-05,0.004184434,5.81492607,5.34627010530287e-05,0.00061864,0.001788164,0.002295998,793.947016,0.000114473,0.156797894,0.123303818,0.098482513,0.156797894,0.084797499,0.181955675,0.316758179,-3.579106034,0.10219991,0.123303818,17.14351505,14.17910448,10.0731167,17.14351505,9.326983987,20.75471698,36.36363636,-110,10.45334434,14.17910448,3,3,3,3,3,3,3,3,3,3,235,235,235,235,134,145,135,345,235,235,14,14,14,14,25,23,24,12,14,14,"F10, F11, F12, C01, C02",24.56,Mixed (2025-05-12; NA),5,R01,Ilo mariculture,Ilo,C.Cham,many,Gam/Tetra,Yes,45.7817997,1.124498886,0.363,2.248997773,3.143534861,0.093360091,0.028991378,0.186720183,2.222814817,0.066015554,0.0205,0.132031107,0.068663418,0.083023729,0.079866055,0.083023729,4.855236866,5.870664212,5.64738292,5.870664212,2,2,2,2,NA,NA,NA,NA,NA,NA,NA,NA,"D03, D04",24.55,5/30/2025,2,R01,Ilo mariculture,Ilo,C.Cham,many,Gam/Tetra,Yes,NA,NA,NA,NA,NA,NA,NA,NA,NA,NA,NA,NA,NA,NA,NA,NA,NA,NA,NA,NA,NA,NA,NA,NA,NA,NA,NA,NA,NA,NA,NA,NA,NA,NA,NA,NA,NA,NA,NA,NA,NA,NA,NA,NA,NA,NA,NA,NA,NA,NA,NA,NA,NA,NA,NA,NA,NA,NA,NA,NA,NA,NA,NA,NA,NA,NA,NA,NA,NA,NA,NA,NA,NA,NA,NA,NA,NA,NA,NA,NA,NA,NA,R01,Ilo mariculture,Ilo,C.Cham,many,Gam/Tetra,Yes,NA,NA
Lab_24,0.048519058,0.000824,0.058791022,48.51905798,0.001341232,0.005777778,0.008,-0.000333333,10647,0.001236,0.018048196,0.000313228,0.020129726,18.04819612,0.000132795,0.001710534,0.002309401,0.001527525,3819.378353,0.000469843,0.010420131,0.000180842,0.011621903,10.42013089,7.6669484324539e-05,0.000987577,0.001333333,0.000881917,2205.11912,0.000271264,0.371981586,0.380131494,0.342394558,0.371981586,0.099010078,0.296053929,0.288675135,-4.582575695,0.358728126,0.380131494,40.91801421,42.7184466,39.03216093,40.91801421,10.77992145,32.69230769,33.33333333,-100,40.89414859,42.7184466,3,3,3,3,3,3,3,3,3,3,123,123,123,123,245,235,123,123,123,123,45,45,45,45,13,14,45,45,45,45,"G01, G02, G03, C03, C04",25.12,Mixed (2025-05-12; NA),5,R02,Ilo mariculture,Ilo,C.Cham,many,Gam/Tetra,Yes,36.07278256,0.929672496,0.3025,1.859344993,1.292454503,0.022770754,0.007071068,0.045541508,0.913903343,0.016101355,0.005,0.032202709,0.035829077,0.024493307,0.023375431,0.024493307,2.533498329,1.731938357,1.652892562,1.731938357,2,2,2,2,NA,NA,NA,NA,NA,NA,NA,NA,"D05, D06",25.8,5/30/2025,2,R02,Ilo mariculture,Ilo,C.Cham,many,Gam/Tetra,Yes,NA,NA,NA,NA,NA,NA,NA,NA,NA,NA,NA,NA,NA,NA,NA,NA,NA,NA,NA,NA,NA,NA,NA,NA,NA,NA,NA,NA,NA,NA,NA,NA,NA,NA,NA,NA,NA,NA,NA,NA,NA,NA,NA,NA,NA,NA,NA,NA,NA,NA,NA,NA,NA,NA,NA,NA,NA,NA,NA,NA,NA,NA,NA,NA,NA,NA,NA,NA,NA,NA,NA,NA,NA,NA,NA,NA,NA,NA,NA,NA,NA,NA,R02,Ilo mariculture,Ilo,C.Cham,many,Gam/Tetra,Yes,NA,NA
Lab_25,0.011101929,0.000184,0.012365068,11.10192856,0.001378584,0.007666667,0.005333333,-0.000555556,1838.222222,0.000276,0.005238402,7.33212111192927e-05,0.0012524,5.238402099,2.49186994396229e-05,0.002516611,0.003605551,0.00510265,237.628172,0.000109982,0.003024393,4.2332020977033e-05,0.000723074,3.024392862,1.43868178293217e-05,0.001452966,0.002081666,0.002946016,137.1946891,6.34980314655495e-05,0.471846137,0.398484843,0.10128534,0.471846137,0.018075582,0.328253671,0.676040864,-9.184770003,0.129270645,0.398484843,53.08788978,43.47826087,11.10577837,53.08788978,1.985169549,34.7826087,75,-340,14.17432302,43.47826087,3,3,3,3,3,3,3,3,3,3,134,134,134,134,134,123,123,234,134,134,2,2,2,2,2,4,4,1,2,2,"G04, G05, G06, C05",25.45,Mixed (2025-05-12; NA),4,R03,Ilo mariculture,Ilo,C.Cham,many,Gam/Tetra,Yes,45.59916924,1.167972544,0.3765,2.335945087,7.021360078,0.100191318,0.031112698,0.200382635,4.964851324,0.07084596,0.022,0.14169192,0.15398,0.085782254,0.082636649,0.085782254,10.88803021,6.065721359,5.843293493,6.065721359,2,2,2,2,NA,NA,NA,NA,NA,NA,NA,NA,"D07, D08",25.75,5/30/2025,2,R03,Ilo mariculture,Ilo,C.Cham,many,Gam/Tetra,Yes,NA,NA,NA,NA,NA,NA,NA,NA,NA,NA,NA,NA,NA,NA,NA,NA,NA,NA,NA,NA,NA,NA,NA,NA,NA,NA,NA,NA,NA,NA,NA,NA,NA,NA,NA,NA,NA,NA,NA,NA,NA,NA,NA,NA,NA,NA,NA,NA,NA,NA,NA,NA,NA,NA,NA,NA,NA,NA,NA,NA,NA,NA,NA,NA,NA,NA,NA,NA,NA,NA,NA,NA,NA,NA,NA,NA,NA,NA,NA,NA,NA,NA,R03,Ilo mariculture,Ilo,C.Cham,many,Gam/Tetra,Yes,NA,NA
Lab_26,0.08805873,0.00152,0.113495634,88.0587295,0.00156736,0.010333333,0.014444444,-0.000111111,21026.55556,0.00228,0.020120226,0.000384999,0.030057493,20.12022624,0.00050701,0.002645751,0.005419444,0.006466438,5703.055169,0.000577498,0.011616418,0.000222279,0.017353702,11.61641803,0.000292723,0.001527525,0.003128917,0.003733399,3292.660437,0.000333419,0.228486447,0.253288619,0.264833915,0.228486447,0.323480478,0.256040449,0.375192258,-58.19793811,0.27123107,0.253288619,22.95280355,26.31578947,29.43860508,22.95280355,34.4011867,29.03225806,40.76923077,-2900,30.14970487,26.31578947,3,3,3,3,3,3,3,3,3,3,135,135,135,135,145,123,135,245,135,135,24,24,24,24,23,45,24,13,24,24,"G07, G08, G09, C07, C08",25.3,Mixed (2025-05-12; NA),5,NA,NA,NA,NA,NA,NA,NA,35.96267722,0.947383986,0.308,1.894767973,6.577745739,0.170780655,0.053033009,0.34156131,4.651168617,0.120760159,0.0375,0.241520318,0.182904785,0.180265507,0.172185093,0.180265507,12.93332137,12.74669626,12.17532468,12.74669626,2,2,2,2,NA,NA,NA,NA,NA,NA,NA,NA,"D09, D10",26.35,5/30/2025,2,NA,NA,NA,NA,NA,NA,NA,NA,NA,NA,NA,NA,NA,NA,NA,NA,NA,NA,NA,NA,NA,NA,NA,NA,NA,NA,NA,NA,NA,NA,NA,NA,NA,NA,NA,NA,NA,NA,NA,NA,NA,NA,NA,NA,NA,NA,NA,NA,NA,NA,NA,NA,NA,NA,NA,NA,NA,NA,NA,NA,NA,NA,NA,NA,NA,NA,NA,NA,NA,NA,NA,NA,NA,NA,NA,NA,NA,NA,NA,NA,NA,NA,NA,NA,NA,NA,NA,NA,NA,NA,NA,NA,NA,NA,NA,NA,NA,NA
Lab_35,0.022377506,0.000368,0.034340375,22.37750646,0.001070958,0.029,0.023,0.010666667,6007.777778,0.000552,0.007639601,0.000138564,0.008265169,7.639601195,5.34210221684088e-05,0.001527525,0.005131601,0.001527525,1568.218534,0.000207846,0.004410726,7.99999999999996e-05,0.004771898,4.410725806,3.08426415293158e-05,0.000881917,0.002962731,0.000881917,905.4113928,0.00012,0.341396447,0.376532784,0.240683728,0.341396447,0.049881529,0.052673284,0.223113106,0.14320549,0.261031382,0.376532784,39.34127301,43.47826087,27.46024653,39.34127301,5.540371423,5.747126437,24.63768116,15.625,29.78176438,43.47826087,3,3,3,3,3,3,3,3,3,3,145,145,145,145,145,123,123,123,145,145,23,23,23,23,23,45,45,45,23,23,"G10, G11, G12, C09, C10",24.78,Mixed (2025-05-12; NA),5,Carp 01,Mendieta,Paracas,C.Cham,NA,Carp,No,37.85569561,0.913571142,0.2975,1.827142283,9.294263885,0.159395278,0.049497475,0.318790556,6.572037019,0.112709482,0.035,0.225418964,0.245518243,0.174474949,0.166378066,0.174474949,17.36076148,12.33724192,11.76470588,12.33724192,2,2,2,2,NA,NA,NA,NA,NA,NA,NA,NA,"D11, D12",24.35,5/30/2025,2,Carp 01,Mendieta,Paracas,C.Cham,NA,Carp,No,NA,NA,NA,NA,NA,NA,NA,NA,NA,NA,NA,NA,NA,NA,NA,NA,NA,NA,NA,NA,NA,NA,NA,NA,NA,NA,NA,NA,NA,NA,NA,NA,NA,NA,NA,NA,NA,NA,NA,NA,NA,NA,NA,NA,NA,NA,NA,NA,NA,NA,NA,NA,NA,NA,NA,NA,NA,NA,NA,NA,NA,NA,NA,NA,NA,NA,NA,NA,NA,NA,NA,NA,NA,NA,NA,NA,NA,NA,NA,NA,NA,NA,Carp 01,Mendieta,Paracas,C.Cham,NA,Carp,No,NA,NA
Lab_36,0.028137322,0.000472,0.027791,28.13732179,0.001123214,0.035777778,0.025111111,0.018111111,4765.111111,0.000708,0.004759069,9.99199679743737e-05,0.002167687,4.75906854,2.6575309648413e-05,0.008180827,0.008802357,0.009263629,411.2929928,0.00014988,0.00274765,5.76888204074234e-05,0.001251514,2.747649503,1.53432621793089e-05,0.004723203,0.005082043,0.005348358,237.4601201,8.65332306111351e-05,0.169137225,0.211694847,0.077999589,0.169137225,0.023660053,0.228656648,0.350536324,0.511488696,0.086313411,0.211694847,19.36305878,23.72881356,8.968093159,19.36305878,2.718063906,23.60248447,38.05309735,58.28220859,9.923984517,23.72881356,3,3,3,3,3,3,3,3,3,3,145,145,245,145,245,124,124,124,245,145,23,23,13,23,13,35,35,35,13,23,"H01, H02, H03, C11, C12",25.04,Mixed (2025-05-12; NA),5,R05,Mendieta,Paracas,C.Cham,NA,Gam/Tetra,NA,34.41629131,0.903910329,0.2945,1.807820658,1.050177886,0.05920396,0.018384776,0.118407921,0.742587905,0.041863522,0.013,0.083727044,0.030513976,0.065497604,0.062427084,0.065497604,2.157663934,4.631379962,4.41426146,4.631379962,2,2,2,2,NA,NA,NA,NA,NA,NA,NA,NA,"E01, E02",26.25,5/30/2025,2,R05,Mendieta,Paracas,C.Cham,NA,Gam/Tetra,NA,NA,NA,NA,NA,NA,NA,NA,NA,NA,NA,NA,NA,NA,NA,NA,NA,NA,NA,NA,NA,NA,NA,NA,NA,NA,NA,NA,NA,NA,NA,NA,NA,NA,NA,NA,NA,NA,NA,NA,NA,NA,NA,NA,NA,NA,NA,NA,NA,NA,NA,NA,NA,NA,NA,NA,NA,NA,NA,NA,NA,NA,NA,NA,NA,NA,NA,NA,NA,NA,NA,NA,NA,NA,NA,NA,NA,NA,NA,NA,NA,NA,NA,R05,Mendieta,Paracas,C.Cham,NA,Gam/Tetra,NA,NA,NA
Lab_37,0.203236978,0.003472,0.220206402,203.2369783,0.005229521,0.057444444,0.066111111,0.032111111,41273.66667,0.005208,0.022934011,0.000450493,0.018283651,22.93401141,0.000524063,0.009203462,0.007313103,0.003532914,3469.107426,0.00067574,0.013240958,0.000260092,0.010556071,13.24095766,0.000302568,0.005313621,0.004222222,0.002039729,2002.890106,0.000390138,0.112843694,0.129750306,0.083029608,0.112843694,0.100212446,0.160214997,0.110618371,0.110021544,0.084051351,0.129750306,11.43344018,14.05529954,9.536102376,11.43344018,11.50999627,17.60154739,12.43697479,11.76470588,9.653451353,14.05529954,3,3,3,3,3,3,3,3,3,3,125,125,123,125,123,125,125,125,123,125,34,34,45,34,45,34,34,34,45,34,"H04, H05, H06, D01, D02",25.32,Mixed (2025-05-12; NA),5,R01,Mendieta,Paracas,C.Cham,NA,Carp,NA,43.02142239,1.090686042,0.3525,2.181372084,0.11434761,0.072866413,0.022627417,0.145732826,0.08085597,0.051524335,0.016,0.103048669,0.002657923,0.066807871,0.064191254,0.066807871,0.187943507,4.724029887,4.539007092,4.724029887,2,2,2,2,NA,NA,NA,NA,NA,NA,NA,NA,"E03, E04",25.35,5/30/2025,2,R01,Mendieta,Paracas,C.Cham,NA,Carp,NA,NA,NA,NA,NA,NA,NA,NA,NA,NA,NA,NA,NA,NA,NA,NA,NA,NA,NA,NA,NA,NA,NA,NA,NA,NA,NA,NA,NA,NA,NA,NA,NA,NA,NA,NA,NA,NA,NA,NA,NA,NA,NA,NA,NA,NA,NA,NA,NA,NA,NA,NA,NA,NA,NA,NA,NA,NA,NA,NA,NA,NA,NA,NA,NA,NA,NA,NA,NA,NA,NA,NA,NA,NA,NA,NA,NA,NA,NA,NA,NA,NA,NA,R01,Mendieta,Paracas,C.Cham,NA,Carp,NA,NA,NA
Lab_38,0.013449684,0.000368,0.015305962,13.44968417,0.001321624,0.024555556,0.015555556,-0.000555556,2396.222222,0.000552,0.000885992,0.000110851,0.000505772,0.885991561,9.52921498000017e-06,0.001575272,0.003288589,0.003976784,95.96430664,0.000166277,0.000511527,6.40000000000004e-05,0.000292008,0.511527466,5.50169483386891e-06,0.000909484,0.001898667,0.002295998,55.40501827,9.60000000000006e-05,0.065874525,0.301226227,0.033044126,0.065874525,0.007210232,0.064151343,0.211409266,-7.158212067,0.040048167,0.301226227,7.34698079,34.7826087,3.806844296,7.34698079,0.830687069,7.239819005,24.28571429,-320,4.613743856,34.7826087,3,3,3,3,3,3,3,3,3,3,146,245,256,146,256,234,234,167,256,245,2357,1367,1347,2357,1347,1567,1567,2345,1347,1367,"F09, F10, H07, H08, H09, D03, D04",20.72857143,Mixed (2025-05-06; 2025-05-12; NA),7,R03,Mendieta,Paracas,C.Cham,NA,Gam/Tetra,NA,28.55857212,0.723575158,0.2385,1.447150316,4.241705631,0.159395278,0.049497475,0.318790556,2.999338815,0.112709482,0.035,0.225418964,0.14852653,0.220288489,0.207536581,0.220288489,10.50241168,15.57674841,14.67505241,15.57674841,2,2,2,2,NA,NA,NA,NA,NA,NA,NA,NA,"E05, E06",25.2,5/30/2025,2,R03,Mendieta,Paracas,C.Cham,NA,Gam/Tetra,NA,NA,NA,NA,NA,NA,NA,NA,NA,NA,NA,NA,NA,NA,NA,NA,NA,NA,NA,NA,NA,NA,NA,NA,NA,NA,NA,NA,NA,NA,NA,NA,NA,NA,NA,NA,NA,NA,NA,NA,NA,NA,NA,NA,NA,NA,NA,NA,NA,NA,NA,NA,NA,NA,NA,NA,NA,NA,NA,NA,NA,NA,NA,NA,NA,NA,NA,NA,NA,NA,NA,NA,NA,NA,NA,NA,NA,NA,NA,NA,NA,NA,NA,R03,Mendieta,Paracas,C.Cham,NA,Gam/Tetra,NA,NA,NA
Lab_39,0.063230256,0.00124,0.069648086,63.23025623,0.001024468,0.022333333,0.058333333,0.028888889,12707,0.00186,0.003119645,0.000222998,0.002946758,3.119645368,2.88006514328072e-06,0.006027714,0.016703293,0.008180827,559.1126899,0.000334497,0.001801128,0.000128748,0.001701312,1.801128093,1.66280638575678e-06,0.003480102,0.009643651,0.004723203,322.803862,0.000193122,0.049337857,0.179836901,0.042309252,0.049337857,0.00281128,0.269897632,0.286342167,0.283182464,0.044000369,0.179836901,5.674380909,20,4.404118328,5.674380909,0.323818534,28.35820896,30.85714286,29.23076923,4.580152672,20,3,3,3,3,3,3,3,3,3,3,156,456,456,156,123,123,456,145,456,456,234,123,123,234,456,456,123,236,123,123,"F11, F12, G01, H10, H11, H12",17.93333333,Mixed (2025-05-06; 2025-05-12),6,R04,Mendieta,Paracas,F. Glom,NA,Gam/Tetra,NA,48.72481543,1.240428639,0.399,2.480857279,9.908108756,0.302851028,0.094045202,0.605702056,7.00609089,0.214148016,0.0665,0.428296031,0.203348308,0.244150303,0.23570226,0.244150303,14.37889673,17.26403348,16.66666667,17.26403348,2,2,2,2,NA,NA,NA,NA,NA,NA,NA,NA,"E07, E08",25.35,5/30/2025,2,R04,Mendieta,Paracas,F. Glom,NA,Gam/Tetra,NA,NA,NA,NA,NA,NA,NA,NA,NA,NA,NA,NA,NA,NA,NA,NA,NA,NA,NA,NA,NA,NA,NA,NA,NA,NA,NA,NA,NA,NA,NA,NA,NA,NA,NA,NA,NA,NA,NA,NA,NA,NA,NA,NA,NA,NA,NA,NA,NA,NA,NA,NA,NA,NA,NA,NA,NA,NA,NA,NA,NA,NA,NA,NA,NA,NA,NA,NA,NA,NA,NA,NA,NA,NA,NA,NA,NA,NA,NA,NA,NA,NA,NA,R04,Mendieta,Paracas,F. Glom,NA,Gam/Tetra,NA,NA,NA
Lab_40,0.030128483,0.00052,0.047514081,30.12848285,0.001036357,0.025111111,0.018333333,0.01,8507.333333,0.00078,0.006785964,0.000123158,0.008798111,6.785963789,3.71604780874721e-05,0.005398902,0.004582576,0.003464102,1669.337893,0.000184738,0.003917878,7.11055553385248e-05,0.005079592,3.91787802,2.14546120270172e-05,0.003117058,0.002645751,0.002,963.7926817,0.000106658,0.225234169,0.236843143,0.185168495,0.225234169,0.035856828,0.215000542,0.249958674,0.346410162,0.196223402,0.236843143,22.71903566,26.15384615,20.66501384,22.71903566,4.122017907,24.77876106,27.27272727,40,21.89875402,26.15384615,3,3,3,3,3,3,3,3,3,3,123,123,123,123,123,125,123,123,123,123,45,45,45,45,45,34,45,45,45,45,"A01, A02, A03, D05, D06",25.42,Mixed (2025-05-15; NA),5,R03,Mendieta,Paracas,F. Glom,NA,Carp,NA,47.26589511,1.259750265,0.405,2.519500529,1.076310368,0.038710282,0.012020815,0.077420564,0.76106636,0.027372303,0.0085,0.054744605,0.022771395,0.030728536,0.029681025,0.030728536,1.610180782,2.172835642,2.098765432,2.172835642,2,2,2,2,NA,NA,NA,NA,NA,NA,NA,NA,"E09, E10",26.65,5/30/2025,2,R03,Mendieta,Paracas,F. Glom,NA,Carp,NA,NA,NA,NA,NA,NA,NA,NA,NA,NA,NA,NA,NA,NA,NA,NA,NA,NA,NA,NA,NA,NA,NA,NA,NA,NA,NA,NA,NA,NA,NA,NA,NA,NA,NA,NA,NA,NA,NA,NA,NA,NA,NA,NA,NA,NA,NA,NA,NA,NA,NA,NA,NA,NA,NA,NA,NA,NA,NA,NA,NA,NA,NA,NA,NA,NA,NA,NA,NA,NA,NA,NA,NA,NA,NA,NA,NA,NA,NA,NA,NA,NA,NA,R03,Mendieta,Paracas,F. Glom,NA,Carp,NA,NA,NA
Lab_41,0.091988693,0.001552,0.114522194,91.98869302,0.002282711,0.031666667,0.028333333,0.011333333,21221.33333,0.002328,0.006592701,0.000132182,0.006260023,6.592700708,0.000163741,0.013576941,0.006,0.004041452,1187.765549,0.000198273,0.003806298,7.63151361133559e-05,0.003614226,3.806297529,9.45361282474845e-05,0.007838651,0.003464102,0.002333333,685.7567596,0.000114473,0.071668599,0.085168617,0.054662092,0.071668599,0.071731098,0.428745513,0.211764706,0.356598696,0.055970354,0.085168617,7.520007898,8.762886598,5.531717441,7.520007898,7.27925542,49.47368421,21.17647059,38.23529412,5.664111586,8.762886598,3,3,3,3,3,3,3,3,3,3,234,234,234,234,234,234,234,234,234,234,1,1,1,1,1,1,1,1,1,1,"G06, A04, A05, A06",21.625,Mixed (2025-05-06; 2025-05-15),4,R05,Mendieta,Paracas,F. Glom,NA,Gam/Tetra,NA,44.2785972,1.114838074,0.36,2.229676147,8.695906474,0.120684996,0.037476659,0.241369992,6.148934436,0.085337179,0.0265,0.170674358,0.19639074,0.108253386,0.104101832,0.108253386,13.88692241,7.654670321,7.361111111,7.654670321,2,2,2,2,NA,NA,NA,NA,NA,NA,NA,NA,"E11, E12",25.4,5/30/2025,2,R05,Mendieta,Paracas,F. Glom,NA,Gam/Tetra,NA,NA,NA,NA,NA,NA,NA,NA,NA,NA,NA,NA,NA,NA,NA,NA,NA,NA,NA,NA,NA,NA,NA,NA,NA,NA,NA,NA,NA,NA,NA,NA,NA,NA,NA,NA,NA,NA,NA,NA,NA,NA,NA,NA,NA,NA,NA,NA,NA,NA,NA,NA,NA,NA,NA,NA,NA,NA,NA,NA,NA,NA,NA,NA,NA,NA,NA,NA,NA,NA,NA,NA,NA,NA,NA,NA,NA,NA,NA,NA,NA,NA,NA,R05,Mendieta,Paracas,F. Glom,NA,Gam/Tetra,NA,NA,NA
Lab_42,0.062085426,0.00104,0.077156677,62.08542596,0.001161841,0.026,0.02,0.007,14131.66667,0.00156,0.006953501,0.000133626,0.00611955,6.953500598,9.52852167013813e-05,0.00305505,0.002081666,0.001,1161.112541,0.00020044,0.004014605,7.71492060879437e-05,0.003533124,4.014605442,5.50129455123343e-05,0.001763834,0.00120185,0.00057735,670.3686382,0.000115724,0.111998919,0.12848687,0.079313293,0.111998919,0.082012235,0.117501941,0.1040833,0.142857143,0.082163878,0.12848687,11.30640935,13.84615385,9.155550957,11.30640935,8.299148201,12.82051282,11.66666667,14.28571429,9.484609034,13.84615385,3,3,3,3,3,3,3,3,3,3,345,345,345,345,123,345,345,134,345,345,12,12,12,12,45,12,12,25,12,12,"G08, G10, A07, A08, A09",18.96,Mixed (2025-05-06; 2025-05-15),5,R01,Mendieta,Paracas,C.Cham,NA,Gam/Tetra,NA,32.70687205,0.831454233,0.272,1.662908467,4.010679892,0.166226504,0.051618795,0.332453008,2.835978949,0.117539888,0.0365,0.235079777,0.122624991,0.199922614,0.189774982,0.199922614,8.670896269,14.13666364,13.41911765,14.13666364,2,2,2,2,NA,NA,NA,NA,NA,NA,NA,NA,"F01, F02",25.3,5/30/2025,2,R01,Mendieta,Paracas,C.Cham,NA,Gam/Tetra,NA,NA,NA,NA,NA,NA,NA,NA,NA,NA,NA,NA,NA,NA,NA,NA,NA,NA,NA,NA,NA,NA,NA,NA,NA,NA,NA,NA,NA,NA,NA,NA,NA,NA,NA,NA,NA,NA,NA,NA,NA,NA,NA,NA,NA,NA,NA,NA,NA,NA,NA,NA,NA,NA,NA,NA,NA,NA,NA,NA,NA,NA,NA,NA,NA,NA,NA,NA,NA,NA,NA,NA,NA,NA,NA,NA,NA,NA,NA,NA,NA,NA,NA,R01,Mendieta,Paracas,C.Cham,NA,Gam/Tetra,NA,NA,NA
Lab_43,0.066548045,0.003152,0.185301585,66.54804498,0.004235462,0.035,0.036777778,0.013555556,34650.88889,0.004728,0.013074829,0.000912947,0.019708405,13.07482885,0.000557497,0.002728451,0.005679724,0.001387777,3739.437604,0.00136942,0.007548756,0.00052709,0.011378653,7.548755954,0.000321871,0.001575272,0.00327919,0.000801234,2158.965307,0.000790635,0.19647202,0.289640507,0.106358533,0.19647202,0.131626021,0.077955741,0.15443357,0.102377016,0.107917509,0.289640507,20.32334559,29.69543147,11.71794756,20.32334559,14.49328315,8.571428571,17.82477341,11.47540984,11.88970621,29.69543147,3,3,3,3,3,3,3,3,3,3,238,456,245,238,245,347,567,567,245,456,14567,12378,13678,14567,13678,12568,12348,12348,13678,12378,"G11, G12, H01, A10, A11, A12, D07, D08",19.375,Mixed (2025-05-06; 2025-05-15; NA),8,R04,Concession,Paracas,C.Cham,NA,Gam/Tetra,NA,32.63620416,0.823403556,0.2695,1.646807112,3.363444963,0.009108302,0.002828427,0.018216603,2.378314741,0.006440542,0.002,0.012881084,0.103058706,0.011061771,0.010495091,0.011061771,7.287350972,0.78218533,0.742115028,0.78218533,2,2,2,2,NA,NA,NA,NA,NA,NA,NA,NA,"F03, F04",25.35,5/30/2025,2,R04,Concession,Paracas,C.Cham,NA,Gam/Tetra,NA,NA,NA,NA,NA,NA,NA,NA,NA,NA,NA,NA,NA,NA,NA,NA,NA,NA,NA,NA,NA,NA,NA,NA,NA,NA,NA,NA,NA,NA,NA,NA,NA,NA,NA,NA,NA,NA,NA,NA,NA,NA,NA,NA,NA,NA,NA,NA,NA,NA,NA,NA,NA,NA,NA,NA,NA,NA,NA,NA,NA,NA,NA,NA,NA,NA,NA,NA,NA,NA,NA,NA,NA,NA,NA,NA,NA,NA,NA,NA,NA,NA,NA,R04,Concession,Paracas,C.Cham,NA,Gam/Tetra,NA,NA,NA
Lab_44,0.12315847,0.002064,0.140648249,123.1584699,0.002984929,0.025222222,0.026555556,0.008333333,26178.44444,0.003096,0.002570787,8.42852300228209e-05,0.006068186,2.570787343,0.000166684,0.002457038,0.003976784,0.001154701,1151.366837,0.000126428,0.001484245,4.86621002423852e-05,0.003503469,1.484244765,9.62348134013966e-05,0.001418572,0.002295998,0.000666667,664.7419531,7.29931503635778e-05,0.020873817,0.040835867,0.043144413,0.020873817,0.055841724,0.097415614,0.149753391,0.138564065,0.043981484,0.040835867,2.402739426,4.263565891,4.483774044,2.402739426,5.809081645,11.01321586,17.15481172,16,4.570766449,4.263565891,3,3,3,3,3,3,3,3,3,3,456,456,125,456,125,145,145,345,125,456,123,123,346,123,346,236,236,126,346,123,"H02, H03, H04, B01, B02, B03",17.43333333,Mixed (2025-05-06; 2025-05-15),6,R03,Concession,Paracas,C.Cham,NA,Gam/Tetra,NA,32.6531779,0.779929899,0.256,1.559859798,9.843863129,0.252755369,0.078488853,0.505510739,6.960662371,0.178725036,0.0555,0.357450071,0.301467231,0.324074471,0.306597081,0.324074471,21.31695235,22.91552559,21.6796875,22.91552559,2,2,2,2,NA,NA,NA,NA,NA,NA,NA,NA,"F05, F06",23.8,5/30/2025,2,R03,Concession,Paracas,C.Cham,NA,Gam/Tetra,NA,NA,NA,NA,NA,NA,NA,NA,NA,NA,NA,NA,NA,NA,NA,NA,NA,NA,NA,NA,NA,NA,NA,NA,NA,NA,NA,NA,NA,NA,NA,NA,NA,NA,NA,NA,NA,NA,NA,NA,NA,NA,NA,NA,NA,NA,NA,NA,NA,NA,NA,NA,NA,NA,NA,NA,NA,NA,NA,NA,NA,NA,NA,NA,NA,NA,NA,NA,NA,NA,NA,NA,NA,NA,NA,NA,NA,NA,NA,NA,NA,NA,NA,R03,Concession,Paracas,C.Cham,NA,Gam/Tetra,NA,NA,NA
Lab_45,0.08471248,0.001469333,0.087978019,84.71247995,0.001625262,0.009333333,0.021111111,0.003,16184.88889,0.002204,0.004634677,0.000114356,0.004387057,4.634677132,0.000100482,0.001154701,0.002116951,0,832.3922909,0.000171534,0.002675832,6.60235648167463e-05,0.002532868,2.67583209,5.80134178903202e-05,0.000666667,0.001222222,0,480.5819132,9.90353472251195e-05,0.054710677,0.077828609,0.04986537,0.054710677,0.061825237,0.123717915,0.100276626,0,0.051430213,0.077828609,6.306510225,8.529945554,5.304351772,6.306510225,6.605406252,14.28571429,11.57894737,0,5.470809534,8.529945554,3,3,3,3,3,3,3,3,3,3,468,468,356,468,356,123,468,123,356,468,12357,12357,12478,12357,12478,45678,12357,45678,12478,12357,"H05, H06, H07, B04, B05, B06, D09, D10",19.5625,Mixed (2025-05-07; 2025-05-15; NA),8,R02,Caro Caido,Marcona,C.Cham,NA,Gam/Tetra,NA,30.26309487,0.763828544,0.251,1.527657089,9.546803032,0.275526123,0.085559921,0.551052247,6.750609162,0.19482639,0.0605,0.38965278,0.315460235,0.360717239,0.340876177,0.360717239,22.30640716,25.50656055,24.10358566,25.50656055,2,2,2,2,NA,NA,NA,NA,NA,NA,NA,NA,"F07, F08",25.05,5/30/2025,2,R02,Caro Caido,Marcona,C.Cham,NA,Gam/Tetra,NA,0.573666667,0.020333333,2,0.553333333,67.85083318,0.733458152,1.466916304,0.067928884,0.019553346,1,0.05281414,10.81199862,0.068330881,0.136661763,0.03921876,0.011289129,0.577350269,0.030492258,6.242310315,0.039450853,0.078901705,0.118411768,0.961639959,0.5,0.09544724,0.159349534,0.093162618,0.093162618,13.53864033,100,50,10.36144578,18.34778319,10.1134345,10.1134345,3,3,3,3,3,3,3,123,123,123,123,123,123,123,NA,NA,NA,NA,NA,NA,NA,10.9,NA,3,R01,Concession,Paracas,C.Cham,Gam/Tetra,No,0.327171837,0.012619631,0.007285948,0.038571875,4.430078051,3,123,NA,NA,NA,3,R01,Concession,Paracas,C.Cham,Gam/Tetra,No,R02,Caro Caido,Marcona,C.Cham,NA,Gam/Tetra,NA,0.278283867,2
Lab_46,0.034904078,0.000517333,0.049263275,34.90407817,0.001021667,0.014222222,0.010888889,0.002666667,8839.222222,0.000776,0.002555053,0.000136782,0.00138823,2.555053377,5.94105901539937e-06,0.002834967,0.00126198,0.00057735,263.4002728,0.000205173,0.001475161,7.89711621064579e-05,0.000801495,1.475160755,3.43007202181228e-06,0.001636769,0.000728604,0.000333333,152.0742184,0.000118457,0.073202145,0.264398322,0.028179814,0.073202145,0.005815065,0.199333607,0.115896089,0.216506351,0.029799033,0.264398322,8.320168643,30.41237113,3.178635985,8.320168643,0.661859658,22.65625,13.26530612,25,3.361281158,30.41237113,3,3,3,3,3,3,3,3,3,3,245,345,256,245,256,345,345,124,256,345,136,126,134,136,134,126,126,356,134,126,"H08, H09, H10, B07, B08, B09",17.05,Mixed (2025-05-07; 2025-05-15),6,R03,Caro Caido,Marcona,C.Cham,NA,Carp,NA,43.51466724,1.169582679,0.377,2.339165358,11.44441808,0.31651348,0.098287843,0.633026961,8.092425634,0.223808828,0.0695,0.447617657,0.263001393,0.270620869,0.260710458,0.270620869,18.59700682,19.13578513,18.43501326,19.13578513,2,2,2,2,NA,NA,NA,NA,NA,NA,NA,NA,"F09, F10",26.85,5/30/2025,2,R03,Caro Caido,Marcona,C.Cham,NA,Carp,NA,NA,NA,NA,NA,NA,NA,NA,NA,NA,NA,NA,NA,NA,NA,NA,NA,NA,NA,NA,NA,NA,NA,NA,NA,NA,NA,NA,NA,NA,NA,NA,NA,NA,NA,NA,NA,NA,NA,NA,NA,NA,NA,NA,NA,NA,NA,NA,NA,NA,NA,NA,NA,NA,NA,NA,NA,NA,NA,NA,NA,NA,NA,NA,NA,NA,NA,NA,NA,NA,NA,NA,NA,NA,NA,NA,NA,NA,NA,NA,NA,NA,NA,R03,Caro Caido,Marcona,C.Cham,NA,Carp,NA,NA,NA
Lab_48,0.083119231,0.001432,0.097126296,83.11923086,0.001845656,0.022,0.021666667,0.006,17920.66667,0.002148,0.014290431,0.000181725,0.010898433,14.29043063,0.000268703,0.004041452,0.00321455,0,2067.849205,0.000272588,0.008250584,0.000104919,0.006292213,8.250583968,0.000155136,0.002333333,0.001855921,0,1193.873295,0.000157379,0.171926887,0.12690298,0.112208877,0.171926887,0.145586942,0.183702358,0.148363858,0,0.115389078,0.12690298,19.82202033,14.52513966,12.71757173,19.82202033,16.53165227,19.6969697,16.92307692,0,13.07801049,14.52513966,3,3,3,3,3,3,3,3,3,3,234,234,234,234,234,234,234,124,234,234,1,1,1,1,1,1,1,3,1,1,"H11, B10, B11, B12",21.925,Mixed (2025-05-07; 2025-05-15),4,R02,7H,Marcona,F. Glom,NA,Carp,NA,NA,NA,NA,NA,NA,NA,NA,NA,NA,NA,NA,NA,NA,NA,NA,NA,NA,NA,NA,NA,NA,NA,NA,NA,NA,NA,NA,NA,NA,NA,NA,NA,NA,NA,NA,NA,R02,7H,Marcona,F. Glom,NA,Carp,NA,NA,NA,NA,NA,NA,NA,NA,NA,NA,NA,NA,NA,NA,NA,NA,NA,NA,NA,NA,NA,NA,NA,NA,NA,NA,NA,NA,NA,NA,NA,NA,NA,NA,NA,NA,NA,NA,NA,NA,NA,NA,NA,NA,NA,NA,NA,NA,NA,NA,NA,NA,NA,NA,NA,NA,NA,NA,NA,NA,NA,NA,NA,NA,NA,NA,NA,NA,NA,NA,NA,NA,NA,NA,NA,NA,NA,NA,NA,NA,NA,NA,NA,R02,7H,Marcona,F. Glom,NA,Carp,NA,NA,NA
Lab_49,0.062042234,0.000992,0.079365861,62.04223395,0.001436005,0.019333333,0.016333333,0.005,14550.83333,0.001488,0.00358367,3.39411254969543e-05,0.001404985,3.583669822,2.91055774358496e-05,0,0,0,266.5792565,5.09116882454316e-05,0.002534037,2.4e-05,0.000993474,2.534037233,2.05807511752394e-05,0,0,0,188.5,3.60000000000001e-05,0.057761779,0.034214844,0.01770263,0.057761779,0.020268442,0,0,0,0.018320549,0.034214844,4.08437458,2.419354839,1.251764995,4.08437458,1.433195294,0,0,0,1.29545845,2.419354839,2,2,2,2,2,2,2,2,2,2,12,12,12,12,12,13,12,12,12,12,3,3,3,3,3,2,3,3,3,3,"C01, C02, C03",23.73333333,5/15/2025,3,R01,7H,Marcona,C.Cham,NA,Gam/Tetra,NA,48.16012872,1.166362408,0.376,2.332724817,5.05095314,0.047818583,0.014849242,0.095637167,3.571563217,0.033812845,0.0105,0.067625689,0.104878315,0.040998049,0.039492666,0.040998049,7.416016758,2.898999859,2.792553191,2.898999859,2,2,2,2,NA,NA,NA,NA,NA,NA,NA,NA,"G01, G02",24.3,5/30/2025,2,R01,7H,Marcona,C.Cham,NA,Gam/Tetra,NA,NA,NA,NA,NA,NA,NA,NA,NA,NA,NA,NA,NA,NA,NA,NA,NA,NA,NA,NA,NA,NA,NA,NA,NA,NA,NA,NA,NA,NA,NA,NA,NA,NA,NA,NA,NA,NA,NA,NA,NA,NA,NA,NA,NA,NA,NA,NA,NA,NA,NA,NA,NA,NA,NA,NA,NA,NA,NA,NA,NA,NA,NA,NA,NA,NA,NA,NA,NA,NA,NA,NA,NA,NA,NA,NA,NA,NA,NA,NA,NA,NA,NA,R01,7H,Marcona,C.Cham,NA,Gam/Tetra,NA,NA,NA
Lab_50,0.023044979,0.000368,0.025122704,23.04497908,0.001158905,0.021833333,0.011833333,0.0055,4258.833333,0.000552,0.00205771,3.39411254969543e-05,0.002381393,2.057710319,3.38351615655928e-05,0.000707107,0.000707107,0.000707107,451.8412332,5.09116882454315e-05,0.001455021,2.4e-05,0.001683899,1.455020921,2.39250721855731e-05,5e-04,5e-04,5e-04,319.5,3.60000000000001e-05,0.089291047,0.092231319,0.094790466,0.089291047,0.029195795,0.03238657,0.059755503,0.128564869,0.106095073,0.092231319,6.313830512,6.52173913,6.702698125,6.313830512,2.064454454,2.290076336,4.225352113,9.090909091,7.502054553,6.52173913,2,2,2,2,2,2,2,2,2,2,13,13,23,13,23,13,13,13,23,13,2,2,1,2,1,2,2,2,1,2,"C04, C05, C06",24.46666667,5/15/2025,3,R03,7H,Marcona,F. Glom,NA,Carp,NA,31.53397987,0.833064369,0.2725,1.666128738,12.19098071,0.309682254,0.096166522,0.619364509,8.62032513,0.218978422,0.068,0.437956844,0.386598227,0.371738686,0.352904669,0.371738686,27.3366228,26.2858946,24.95412844,26.2858946,2,2,2,2,NA,NA,NA,NA,NA,NA,NA,NA,"G03, G04",26.5,5/30/2025,2,R03,7H,Marcona,F. Glom,NA,Carp,NA,NA,NA,NA,NA,NA,NA,NA,NA,NA,NA,NA,NA,NA,NA,NA,NA,NA,NA,NA,NA,NA,NA,NA,NA,NA,NA,NA,NA,NA,NA,NA,NA,NA,NA,NA,NA,NA,NA,NA,NA,NA,NA,NA,NA,NA,NA,NA,NA,NA,NA,NA,NA,NA,NA,NA,NA,NA,NA,NA,NA,NA,NA,NA,NA,NA,NA,NA,NA,NA,NA,NA,NA,NA,NA,NA,NA,NA,NA,NA,NA,NA,NA,R03,7H,Marcona,F. Glom,NA,Carp,NA,NA,NA
Lab_51,0.027819533,0.000452,0.037621504,27.81953313,0.001064899,0.022833333,0.012333333,0.005,6630.333333,0.000678,0.025504105,0.000424264,0.013170332,25.50410473,7.19448160445044e-05,0.003535534,0.004242641,0,2498.915365,0.000636396,0.018034125,3e-04,0.009312831,18.03412541,5.08726672962878e-05,0.0025,0.003,0,1767,0.00045,0.916769689,0.93863732,0.35007458,0.916769689,0.067560224,0.154840901,0.343997894,0,0.376891363,0.93863732,64.82540638,66.37168142,24.75401095,64.82540638,4.77722927,10.94890511,24.32432432,0,26.65024383,66.37168142,2,2,2,2,2,2,2,2,2,2,NA,NA,NA,NA,NA,NA,NA,NA,NA,NA,NA,NA,NA,NA,NA,NA,NA,NA,NA,NA,"C07, C08",23.95,5/15/2025,2,R03,7H,Marcona,C.Cham,NA,Carp,NA,NA,NA,NA,NA,NA,NA,NA,NA,NA,NA,NA,NA,NA,NA,NA,NA,NA,NA,NA,NA,NA,NA,NA,NA,NA,NA,NA,NA,NA,NA,NA,NA,NA,NA,NA,NA,R03,7H,Marcona,C.Cham,NA,Carp,NA,NA,NA,NA,NA,NA,NA,NA,NA,NA,NA,NA,NA,NA,NA,NA,NA,NA,NA,NA,NA,NA,NA,NA,NA,NA,NA,NA,NA,NA,NA,NA,NA,NA,NA,NA,NA,NA,NA,NA,NA,NA,NA,NA,NA,NA,NA,NA,NA,NA,NA,NA,NA,NA,NA,NA,NA,NA,NA,NA,NA,NA,NA,NA,NA,NA,NA,NA,NA,NA,NA,NA,NA,NA,NA,NA,NA,NA,NA,NA,NA,NA,NA,R03,7H,Marcona,C.Cham,NA,Carp,NA,NA,NA
Lab_57,0.098595147,0.001656,0.114705781,98.59514687,0.002287279,0.022166667,0.031166667,0.016166667,21256.16667,0.002484,0.000939197,6.78822509939093e-05,0.00629448,0.939196746,0.000164724,0.014849242,0.012020815,0.012020815,1194.303353,0.000101823,0.000664112,4.80000000000005e-05,0.004450869,0.664112388,0.000116477,0.0105,0.0085,0.0085,844.5,7.20000000000009e-05,0.009525791,0.040991697,0.054874999,0.009525791,0.072017335,0.669890635,0.385694608,0.743555584,0.056186206,0.040991697,0.67357513,2.898550725,3.880248419,0.67357513,5.092394617,47.36842105,27.27272727,52.57731959,3.972964708,2.898550725,2,2,2,2,2,2,2,2,2,2,NA,NA,NA,NA,NA,NA,NA,NA,NA,NA,NA,NA,NA,NA,NA,NA,NA,NA,NA,NA,"E01, E02",25.2,NA,2,R01,NA,Paracas,C.Cham,NA,Gam/Tetra,NA,NA,NA,NA,NA,NA,NA,NA,NA,NA,NA,NA,NA,NA,NA,NA,NA,NA,NA,NA,NA,NA,NA,NA,NA,NA,NA,NA,NA,NA,NA,NA,NA,NA,NA,NA,NA,R01,NA,Paracas,C.Cham,NA,Gam/Tetra,NA,NA,NA,NA,NA,NA,NA,NA,NA,NA,NA,NA,NA,NA,NA,NA,NA,NA,NA,NA,NA,NA,NA,NA,NA,NA,NA,NA,NA,NA,NA,NA,NA,NA,NA,NA,NA,NA,NA,NA,NA,NA,NA,NA,NA,NA,NA,NA,NA,NA,NA,NA,NA,NA,NA,NA,NA,NA,NA,NA,NA,NA,NA,NA,NA,NA,NA,NA,NA,NA,NA,NA,NA,NA,NA,NA,NA,NA,NA,NA,NA,NA,NA,R01,NA,Paracas,C.Cham,NA,Gam/Tetra,NA,NA,NA
Lab_58,0.055705762,0.000972,0.05665211,55.70576192,0.00107766,0.026166667,0.024666667,0.014166667,10241.16667,0.001458,0.012203021,0.000220617,0.005504409,12.20302092,5.31027758437082e-05,0.00212132,0.001414214,0.003535534,1044.396716,0.000330926,0.008628839,0.000156,0.003892205,8.628838842,3.75493328989153e-05,0.0015,0.001,0.0025,738.5,0.000234,0.219062095,0.226972547,0.097161584,0.219062095,0.049275987,0.081069567,0.057332982,0.249567099,0.101980248,0.226972547,15.4900293,16.04938272,6.870361514,15.4900293,3.484338423,5.732484076,4.054054054,17.64705882,7.211092486,16.04938272,2,2,2,2,2,2,2,2,2,2,NA,NA,NA,NA,NA,NA,NA,NA,NA,NA,NA,NA,NA,NA,NA,NA,NA,NA,NA,NA,"E03, E04",26.15,NA,2,R02,NA,Paracas,C.Cham,NA,Gam/Tetra,NA,NA,NA,NA,NA,NA,NA,NA,NA,NA,NA,NA,NA,NA,NA,NA,NA,NA,NA,NA,NA,NA,NA,NA,NA,NA,NA,NA,NA,NA,NA,NA,NA,NA,NA,NA,NA,R02,NA,Paracas,C.Cham,NA,Gam/Tetra,NA,NA,NA,NA,NA,NA,NA,NA,NA,NA,NA,NA,NA,NA,NA,NA,NA,NA,NA,NA,NA,NA,NA,NA,NA,NA,NA,NA,NA,NA,NA,NA,NA,NA,NA,NA,NA,NA,NA,NA,NA,NA,NA,NA,NA,NA,NA,NA,NA,NA,NA,NA,NA,NA,NA,NA,NA,NA,NA,NA,NA,NA,NA,NA,NA,NA,NA,NA,NA,NA,NA,NA,NA,NA,NA,NA,NA,NA,NA,NA,NA,NA,NA,R02,NA,Paracas,C.Cham,NA,Gam/Tetra,NA,NA,NA
Lab_59,0.047487179,0.000792,0.049057436,47.48717949,0.001049252,0.017166667,0.016166667,0.007666667,8800.166667,0.001188,0.006817235,3.3941125496954e-05,0.011951685,6.817234608,4.47200241814213e-05,0.010606602,0.006363961,0.005656854,2267.691447,5.09116882454311e-05,0.004820513,2.39999999999998e-05,0.008451118,4.820512821,3.16218323535094e-05,0.0075,0.0045,0.004,1603.5,3.59999999999998e-05,0.143559476,0.042854956,0.243626373,0.143559476,0.042620868,0.617860294,0.393647074,0.737850554,0.257687329,0.042854956,10.1511879,3.03030303,17.22698605,10.1511879,3.01375051,43.68932039,27.83505155,52.17391304,18.22124581,3.03030303,2,2,2,2,2,2,2,2,2,2,NA,NA,NA,NA,NA,NA,NA,NA,NA,NA,NA,NA,NA,NA,NA,NA,NA,NA,NA,NA,"E05, E06",25.2,NA,2,R03,NA,Paracas,C.Cham,NA,Gam/Tetra,NA,NA,NA,NA,NA,NA,NA,NA,NA,NA,NA,NA,NA,NA,NA,NA,NA,NA,NA,NA,NA,NA,NA,NA,NA,NA,NA,NA,NA,NA,NA,NA,NA,NA,NA,NA,NA,R03,NA,Paracas,C.Cham,NA,Gam/Tetra,NA,NA,NA,NA,NA,NA,NA,NA,NA,NA,NA,NA,NA,NA,NA,NA,NA,NA,NA,NA,NA,NA,NA,NA,NA,NA,NA,NA,NA,NA,NA,NA,NA,NA,NA,NA,NA,NA,NA,NA,NA,NA,NA,NA,NA,NA,NA,NA,NA,NA,NA,NA,NA,NA,NA,NA,NA,NA,NA,NA,NA,NA,NA,NA,NA,NA,NA,NA,NA,NA,NA,NA,NA,NA,NA,NA,NA,NA,NA,NA,NA,NA,NA,R03,NA,Paracas,C.Cham,NA,Gam/Tetra,NA,NA,NA
Lab_60,0.03253481,0.000516,0.040643211,32.53480982,0.001095701,0.040166667,0.025666667,0.016666667,7203.666667,0.000774,0.030465616,0.000458205,0.019796493,30.46561563,5.8587768047317e-05,0.012020815,0.014142136,0.009899495,3756.151222,0.000687308,0.021542443,0.000324,0.013998234,21.5424434,4.14278080808424e-05,0.0085,0.01,0.007,2656,0.000486,0.936400606,0.887994562,0.487079933,0.936400606,0.053470594,0.299273409,0.550992297,0.593969696,0.521422131,0.887994562,66.21352184,62.79069767,34.44175235,66.21352184,3.780941972,21.16182573,38.96103896,42,36.87011244,62.79069767,2,2,2,2,2,2,2,2,2,2,NA,NA,NA,NA,NA,NA,NA,NA,NA,NA,NA,NA,NA,NA,NA,NA,NA,NA,NA,NA,"E07, E08",24.75,NA,2,R01,NA,Paracas,C.Cham,NA,Gam/Tetra,NA,NA,NA,NA,NA,NA,NA,NA,NA,NA,NA,NA,NA,NA,NA,NA,NA,NA,NA,NA,NA,NA,NA,NA,NA,NA,NA,NA,NA,NA,NA,NA,NA,NA,NA,NA,NA,R01,NA,Paracas,C.Cham,NA,Gam/Tetra,NA,NA,NA,NA,NA,NA,NA,NA,NA,NA,NA,NA,NA,NA,NA,NA,NA,NA,NA,NA,NA,NA,NA,NA,NA,NA,NA,NA,NA,NA,NA,NA,NA,NA,NA,NA,NA,NA,NA,NA,NA,NA,NA,NA,NA,NA,NA,NA,NA,NA,NA,NA,NA,NA,NA,NA,NA,NA,NA,NA,NA,NA,NA,NA,NA,NA,NA,NA,NA,NA,NA,NA,NA,NA,NA,NA,NA,NA,NA,NA,NA,NA,NA,R01,NA,Paracas,C.Cham,NA,Gam/Tetra,NA,NA,NA
Lab_61,0.043516094,0.000684,0.04766341,43.51609442,0.001049209,0.057166667,0.049666667,0.040666667,8535.666667,0.001026,0.012750683,0.000186676,0.01278275,12.75068301,3.33618080023944e-05,0.050204581,0.042426407,0.042426407,2425.376259,0.000280014,0.009016094,0.000132,0.009038769,9.016094421,2.35903606711367e-05,0.0355,0.03,0.03,1715,0.000198,0.29301074,0.272918407,0.26818791,0.29301074,0.03179711,0.878214253,0.854222957,1.0432723,0.284146084,0.272918407,20.71898809,19.29824561,18.96374897,20.71898809,2.248395178,62.09912536,60.40268456,73.7704918,20.0921623,19.29824561,2,2,2,2,2,2,2,2,2,2,NA,NA,NA,NA,NA,NA,NA,NA,NA,NA,NA,NA,NA,NA,NA,NA,NA,NA,NA,NA,"E09, E10",23.65,NA,2,R02,NA,Paracas,C.Cham,NA,Gam/Tetra,NA,NA,NA,NA,NA,NA,NA,NA,NA,NA,NA,NA,NA,NA,NA,NA,NA,NA,NA,NA,NA,NA,NA,NA,NA,NA,NA,NA,NA,NA,NA,NA,NA,NA,NA,NA,NA,R02,NA,Paracas,C.Cham,NA,Gam/Tetra,NA,NA,NA,NA,NA,NA,NA,NA,NA,NA,NA,NA,NA,NA,NA,NA,NA,NA,NA,NA,NA,NA,NA,NA,NA,NA,NA,NA,NA,NA,NA,NA,NA,NA,NA,NA,NA,NA,NA,NA,NA,NA,NA,NA,NA,NA,NA,NA,NA,NA,NA,NA,NA,NA,NA,NA,NA,NA,NA,NA,NA,NA,NA,NA,NA,NA,NA,NA,NA,NA,NA,NA,NA,NA,NA,NA,NA,NA,NA,NA,NA,NA,NA,R02,NA,Paracas,C.Cham,NA,Gam/Tetra,NA,NA,NA
Lab_62,0.043619793,0.000672,0.032173647,43.61979261,0.001140538,0.024666667,0.016666667,0.007666667,5596.666667,0.001008,0.046776329,0.000712764,0.019729411,46.77632918,0.000180917,0.028284271,0.024041631,0.015556349,3743.4233,0.001069145,0.03307586,0.000504,0.0139508,33.07585956,0.000127928,0.02,0.017,0.011,2647,0.000756,1.072364777,1.060660172,0.613216495,1.072364777,0.158624268,1.146659645,1.442497834,2.029089024,0.668866581,1.060660172,75.82764057,75,43.36095418,75.82764057,11.21642955,81.08108108,102,143.4782609,47.29600953,75,2,2,2,2,2,2,2,2,2,2,NA,NA,NA,NA,NA,NA,NA,NA,NA,NA,NA,NA,NA,NA,NA,NA,NA,NA,NA,NA,"E11, E12",23.45,NA,2,R03,NA,Paracas,C.Cham,NA,Gam/Tetra,NA,NA,NA,NA,NA,NA,NA,NA,NA,NA,NA,NA,NA,NA,NA,NA,NA,NA,NA,NA,NA,NA,NA,NA,NA,NA,NA,NA,NA,NA,NA,NA,NA,NA,NA,NA,NA,R03,NA,Paracas,C.Cham,NA,Gam/Tetra,NA,NA,NA,NA,NA,NA,NA,NA,NA,NA,NA,NA,NA,NA,NA,NA,NA,NA,NA,NA,NA,NA,NA,NA,NA,NA,NA,NA,NA,NA,NA,NA,NA,NA,NA,NA,NA,NA,NA,NA,NA,NA,NA,NA,NA,NA,NA,NA,NA,NA,NA,NA,NA,NA,NA,NA,NA,NA,NA,NA,NA,NA,NA,NA,NA,NA,NA,NA,NA,NA,NA,NA,NA,NA,NA,NA,NA,NA,NA,NA,NA,NA,NA,R03,NA,Paracas,C.Cham,NA,Gam/Tetra,NA,NA,NA
Lab_63,0.070106767,0.001104,0.073306636,70.1067667,0.00137518,0.013166667,0.015166667,0.004166667,13401.16667,0.001656,0.020145045,0.000339411,0.024413935,20.14504473,0.000436479,0.009192388,0.012020815,0.009192388,4632.256524,0.000509117,0.014244698,0.00024,0.017263259,14.24469773,0.000308637,0.0065,0.0085,0.0065,3275.5,0.00036,0.287348079,0.307437731,0.33303854,0.287348079,0.317397829,0.698156062,0.792581227,2.206173157,0.345660691,0.307437731,20.31857751,21.73913043,23.54938103,20.31857751,22.44341569,49.36708861,56.04395604,156,24.44190182,21.73913043,2,2,2,2,2,2,2,2,2,2,NA,NA,NA,NA,NA,NA,NA,NA,NA,NA,NA,NA,NA,NA,NA,NA,NA,NA,NA,NA,"F01, F02",23.55,NA,2,R01,NA,Ilo,C.Cham,NA,Gam/Tetra,NA,NA,NA,NA,NA,NA,NA,NA,NA,NA,NA,NA,NA,NA,NA,NA,NA,NA,NA,NA,NA,NA,NA,NA,NA,NA,NA,NA,NA,NA,NA,NA,NA,NA,NA,NA,NA,R01,NA,Ilo,C.Cham,NA,Gam/Tetra,NA,NA,NA,NA,NA,NA,NA,NA,NA,NA,NA,NA,NA,NA,NA,NA,NA,NA,NA,NA,NA,NA,NA,NA,NA,NA,NA,NA,NA,NA,NA,NA,NA,NA,NA,NA,NA,NA,NA,NA,NA,NA,NA,NA,NA,NA,NA,NA,NA,NA,NA,NA,NA,NA,NA,NA,NA,NA,NA,NA,NA,NA,NA,NA,NA,NA,NA,NA,NA,NA,NA,NA,NA,NA,NA,NA,NA,NA,NA,NA,NA,NA,NA,R01,NA,Ilo,C.Cham,NA,Gam/Tetra,NA,NA,NA
Lab_64,0.01994253,0.00036,0.033587876,19.94253046,0.00106005,0.008,0.006333333,-0.000666667,5865,0.00054,0.001730555,4.15692193816528e-05,0.000635131,1.730555016,5.48794827142707e-06,0.002081666,0.002081666,0.005507571,120.5086442,6.23538290724793e-05,0.000999136,2.39999999999999e-05,0.000366693,0.999136405,3.16846841180716e-06,0.00120185,0.00120185,0.003179797,69.57569818,3.59999999999998e-05,0.086777103,0.115470054,0.018909535,0.086777103,0.005177065,0.26020825,0.328684105,-8.261355821,0.020547083,0.115470054,9.362987593,13.33333333,2.097421694,9.362987593,0.572264366,29.16666667,36.84210526,-400,2.27905655,13.33333333,3,3,3,3,3,3,3,3,3,3,134,124,124,134,124,123,236,345,124,124,256,356,356,256,356,456,145,126,356,356,"F07, F08, F09, F10, F11, F12",23.93333333,NA,6,R01,NA,Ilo,C.Cham,NA,Gam/Tetra,NA,NA,NA,NA,NA,NA,NA,NA,NA,NA,NA,NA,NA,NA,NA,NA,NA,NA,NA,NA,NA,NA,NA,NA,NA,NA,NA,NA,NA,NA,NA,NA,NA,NA,NA,NA,NA,R01,NA,Ilo,C.Cham,NA,Gam/Tetra,NA,NA,NA,NA,NA,NA,NA,NA,NA,NA,NA,NA,NA,NA,NA,NA,NA,NA,NA,NA,NA,NA,NA,NA,NA,NA,NA,NA,NA,NA,NA,NA,NA,NA,NA,NA,NA,NA,NA,NA,NA,NA,NA,NA,NA,NA,NA,NA,NA,NA,NA,NA,NA,NA,NA,NA,NA,NA,NA,NA,NA,NA,NA,NA,NA,NA,NA,NA,NA,NA,NA,NA,NA,NA,NA,NA,NA,NA,NA,NA,NA,NA,NA,R01,NA,Ilo,C.Cham,NA,Gam/Tetra,NA,NA,NA
Lab_65,0.088718701,0.001404,0.0843508,88.71870082,0.001547897,0.017666667,0.022166667,0.008666667,15496.66667,0.002106,0.024521601,0.000424264,0.00945849,24.52160117,0.00020773,0.002828427,0.006363961,0.002828427,1794.637011,0.000636396,0.01733939,0.0003,0.006688162,17.33939047,0.000146887,0.002,0.0045,0.002,1269,0.00045,0.276397208,0.302182385,0.112132782,0.276397208,0.134201153,0.160099649,0.287095986,0.326356976,0.115807938,0.302182385,19.54423398,21.36752137,7.928985056,19.54423398,9.489454563,11.32075472,20.30075188,23.07692308,8.188857819,21.36752137,2,2,2,2,2,2,2,2,2,2,NA,NA,NA,NA,NA,NA,NA,NA,NA,NA,NA,NA,NA,NA,NA,NA,NA,NA,NA,NA,"F03, F04",23.65,NA,2,R02,NA,Ilo,C.Cham,NA,Gam/Tetra,NA,NA,NA,NA,NA,NA,NA,NA,NA,NA,NA,NA,NA,NA,NA,NA,NA,NA,NA,NA,NA,NA,NA,NA,NA,NA,NA,NA,NA,NA,NA,NA,NA,NA,NA,NA,NA,R02,NA,Ilo,C.Cham,NA,Gam/Tetra,NA,0.8975,0.111,1.5,0.7865,103.0784323,1.035128954,2.070257908,0.057275649,0,0.707106781,0.057275649,23.71169607,0.074103178,0.148206356,0.0405,0,0.5,0.0405,16.76670109,0.05239886,0.10479772,0.063816879,0,0.471404521,0.072823457,0.230035474,0.071588354,0.071588354,4.512534819,0,33.33333333,5.149396058,16.26596438,5.062061073,5.062061073,2,2,2,2,2,2,2,12,12,12,12,12,12,12,NA,NA,NA,NA,NA,NA,NA,10.4,NA,2,R03,Mendieta,Paracas,C.Cham,Gam/Tetra,No,0.329627451,0.002276992,0.001314622,0.006907773,0.747367137,3,123,NA,NA,NA,3,R03,Mendieta,Paracas,C.Cham,Gam/Tetra,No,R02,NA,Ilo,C.Cham,NA,Gam/Tetra,NA,NA,NA
Lab_66,0.051951681,0.000828,0.056109257,51.95168067,0.00108294,0.010666667,0.011166667,0.002666667,10138.16667,0.001242,0.005018081,8.48528137423858e-05,0.009402589,5.018081317,8.62518427374987e-05,0,0.000707107,0,1784.030409,0.000127279,0.003548319,6e-05,0.006648634,3.548319328,6.0989262889521e-05,0,5e-04,0,1261.5,9e-05,0.096591318,0.102479244,0.167576423,0.096591318,0.079645975,0,0.063322995,0,0.175971699,0.102479244,6.830037608,7.246376812,11.84944252,6.830037608,5.631820896,0,4.47761194,0,12.44307814,7.246376812,2,2,2,2,2,2,2,2,2,2,NA,NA,NA,NA,NA,NA,NA,NA,NA,NA,NA,NA,NA,NA,NA,NA,NA,NA,NA,NA,"F05, F06",23.9,NA,2,R03,NA,Ilo,C.Cham,NA,Gam/Tetra,NA,NA,NA,NA,NA,NA,NA,NA,NA,NA,NA,NA,NA,NA,NA,NA,NA,NA,NA,NA,NA,NA,NA,NA,NA,NA,NA,NA,NA,NA,NA,NA,NA,NA,NA,NA,NA,R03,NA,Ilo,C.Cham,NA,Gam/Tetra,NA,NA,NA,NA,NA,NA,NA,NA,NA,NA,NA,NA,NA,NA,NA,NA,NA,NA,NA,NA,NA,NA,NA,NA,NA,NA,NA,NA,NA,NA,NA,NA,NA,NA,NA,NA,NA,NA,NA,NA,NA,NA,NA,NA,NA,NA,NA,NA,NA,NA,NA,NA,NA,NA,NA,NA,NA,NA,NA,NA,NA,NA,NA,NA,NA,NA,NA,NA,NA,NA,NA,NA,NA,NA,NA,NA,NA,NA,NA,NA,NA,NA,NA,R03,NA,Ilo,C.Cham,NA,Gam/Tetra,NA,NA,NA
Lab_70,0.334046401,0.00386,0.292649196,334.046401,0.007315059,0.027333333,0.053333333,0.0165,55018.83333,0.00579,0.014474089,5.09116882454305e-05,0.017280937,14.47408916,0.000499552,0.002828427,0.001414214,0.00212132,3278.854144,7.63675323681456e-05,0.010234727,3.59999999999994e-05,0.012219468,10.2347266,0.000353236,0.002,0.001,0.0015,2318.5,5.39999999999989e-05,0.043329577,0.013189557,0.059050006,0.043329577,0.068290841,0.103479041,0.026516504,0.128564869,0.059595123,0.013189557,3.063863752,0.932642487,4.175465947,3.063863752,4.828891672,7.317073171,1.875,9.090909091,4.214011566,0.932642487,2,2,2,2,2,2,2,2,2,2,12,12,12,12,12,13,23,23,12,12,3,3,3,3,3,2,1,1,3,3,"C09, C10, C11",16.86116667,5/15/2025,3,R01,NA,Ilo,C.Cham,NA,Gam/Tetra,NA,NA,NA,NA,NA,NA,NA,NA,NA,NA,NA,NA,NA,NA,NA,NA,NA,NA,NA,NA,NA,NA,NA,NA,NA,NA,NA,NA,NA,NA,NA,NA,NA,NA,NA,NA,NA,R01,NA,Ilo,C.Cham,NA,Gam/Tetra,NA,NA,NA,NA,NA,NA,NA,NA,NA,NA,NA,NA,NA,NA,NA,NA,NA,NA,NA,NA,NA,NA,NA,NA,NA,NA,NA,NA,NA,NA,NA,NA,NA,NA,NA,NA,NA,NA,NA,NA,NA,NA,NA,NA,NA,NA,NA,NA,NA,NA,NA,NA,NA,NA,NA,NA,NA,NA,NA,NA,NA,NA,NA,NA,NA,NA,NA,NA,NA,NA,NA,NA,NA,NA,NA,NA,NA,NA,NA,NA,NA,NA,NA,R01,NA,Ilo,C.Cham,NA,Gam/Tetra,NA,NA,NA
Lab_71,0.098028451,0.001333333,0.120506463,98.02845103,0.002454731,0.038,0.028444444,0.018666667,22356.77778,0.002,0.007348839,0.000178228,0.024799788,7.348839494,0.000642321,0.005507571,0.012098362,0.002081666,4705.467557,0.000267342,0.004242854,0.0001029,0.014318164,4.24285446,0.000370844,0.003179797,0.006984993,0.00120185,2716.70296,0.00015435,0.074966394,0.133671238,0.20579633,0.074966394,0.261666425,0.144936067,0.42533305,0.111517821,0.210471634,0.133671238,8.36745735,15.4,23.55646675,8.36745735,29.92343058,14.9122807,48.4375,12.5,24.09162521,15.4,3,3,3,3,3,3,3,3,3,3,234,235,235,234,235,123,235,123,235,235,15,14,14,15,14,45,14,45,14,14,"C12, D01, D02, G01, G02",15.2762,Mixed (2025-05-15; NA),5,R02,NA,Ilo,C.Cham,NA,Gam/Tetra,NA,NA,NA,NA,NA,NA,NA,NA,NA,NA,NA,NA,NA,NA,NA,NA,NA,NA,NA,NA,NA,NA,NA,NA,NA,NA,NA,NA,NA,NA,NA,NA,NA,NA,NA,NA,NA,R02,NA,Ilo,C.Cham,NA,Gam/Tetra,NA,NA,NA,NA,NA,NA,NA,NA,NA,NA,NA,NA,NA,NA,NA,NA,NA,NA,NA,NA,NA,NA,NA,NA,NA,NA,NA,NA,NA,NA,NA,NA,NA,NA,NA,NA,NA,NA,NA,NA,NA,NA,NA,NA,NA,NA,NA,NA,NA,NA,NA,NA,NA,NA,NA,NA,NA,NA,NA,NA,NA,NA,NA,NA,NA,NA,NA,NA,NA,NA,NA,NA,NA,NA,NA,NA,NA,NA,NA,NA,NA,NA,NA,R02,NA,Ilo,C.Cham,NA,Gam/Tetra,NA,NA,NA
Lab_72,0.314169552,0.003189333,0.118309283,314.1695522,0.006814279,0.038,0.021222222,0.009111111,21939.88889,0.004784,0.021666749,0.001062053,0.04044408,21.66674946,0.002902148,0.016623277,0.00518902,0.002873893,7673.787753,0.00159308,0.012509304,0.000613177,0.023350401,12.50930363,0.001675556,0.009597453,0.002995882,0.001659243,4430.463425,0.000919765,0.068965147,0.33300168,0.341850438,0.068965147,0.425892082,0.437454654,0.244508784,0.315427248,0.349764203,0.33300168,7.63732367,38.29431438,34.2953789,7.63732367,48.89198882,46.49122807,25.65445026,34.14634146,35.08930968,38.29431438,3,3,3,3,3,3,3,3,3,3,235,235,145,235,235,123,145,145,145,235,14,14,23,14,14,45,23,23,23,14,"D03, D04, D05, G03, G04",14.1984,Mixed (2025-05-15; NA),5,R03,NA,Ilo,C.Cham,NA,Gam/Tetra,NA,NA,NA,NA,NA,NA,NA,NA,NA,NA,NA,NA,NA,NA,NA,NA,NA,NA,NA,NA,NA,NA,NA,NA,NA,NA,NA,NA,NA,NA,NA,NA,NA,NA,NA,NA,NA,R03,NA,Ilo,C.Cham,NA,Gam/Tetra,NA,NA,NA,NA,NA,NA,NA,NA,NA,NA,NA,NA,NA,NA,NA,NA,NA,NA,NA,NA,NA,NA,NA,NA,NA,NA,NA,NA,NA,NA,NA,NA,NA,NA,NA,NA,NA,NA,NA,NA,NA,NA,NA,NA,NA,NA,NA,NA,NA,NA,NA,NA,NA,NA,NA,NA,NA,NA,NA,NA,NA,NA,NA,NA,NA,NA,NA,NA,NA,NA,NA,NA,NA,NA,NA,NA,NA,NA,NA,NA,NA,NA,NA,R03,NA,Ilo,C.Cham,NA,Gam/Tetra,NA,NA,NA
Lab_73,0.765927091,0.004794667,0.207940965,765.9270907,0.004946553,0.037444444,0.065111111,0.027555556,38946.44444,0.007192,0.429182372,0.002124664,0.122482418,429.1823716,0.003431148,0.009662834,0.029481319,0.009051294,23239.5958,0.003186996,0.247788558,0.001226675,0.070715257,247.7885578,0.001980974,0.00557884,0.017021047,0.005225767,13417.38689,0.001840013,0.560343637,0.443130712,0.589024958,0.560343637,0.693644346,0.258057894,0.452784757,0.328474385,0.596706481,0.443130712,64.62697841,44.93882091,60.03112444,64.62697841,71.35716785,28.78338279,51.87713311,34.67741935,60.81399529,44.93882091,3,3,3,3,3,3,3,3,3,3,234,234,124,234,124,123,123,123,124,234,1,1,3,1,3,4,4,4,3,1,"D12, E01, G05, G06",12.050875,Mixed (2025-05-15; NA),4,R03,NA,Paracas,C.Cham,NA,Gam/Tetra,NA,NA,NA,NA,NA,NA,NA,NA,NA,NA,NA,NA,NA,NA,NA,NA,NA,NA,NA,NA,NA,NA,NA,NA,NA,NA,NA,NA,NA,NA,NA,NA,NA,NA,NA,NA,NA,R03,NA,Paracas,C.Cham,NA,Gam/Tetra,NA,NA,NA,NA,NA,NA,NA,NA,NA,NA,NA,NA,NA,NA,NA,NA,NA,NA,NA,NA,NA,NA,NA,NA,NA,NA,NA,NA,NA,NA,NA,NA,NA,NA,NA,NA,NA,NA,NA,NA,NA,NA,NA,NA,NA,NA,NA,NA,NA,NA,NA,NA,NA,NA,NA,NA,NA,NA,NA,NA,NA,NA,NA,NA,NA,NA,NA,NA,NA,NA,NA,NA,NA,NA,NA,NA,NA,NA,NA,NA,NA,NA,NA,R03,NA,Paracas,C.Cham,NA,Gam/Tetra,NA,NA,NA
Lab_74,1.36386996,0.017888,NA,1363.86996,NA,0.056833333,0.202833333,0.053,NA,0.026832,0.579383074,0.00814587,NA,579.3830744,NA,0.013435029,0.078488853,0.009899495,NA,0.012218805,0.409685701,0.00576,NA,409.6857008,NA,0.0095,0.0555,0.007,NA,0.00864,0.42480815,0.455381827,NA,0.42480815,NA,0.236393469,0.386962298,0.186782923,NA,0.455381827,30.03847234,32.20035778,NA,30.03847234,NA,16.71554252,27.36236647,13.20754717,NA,32.20035778,2,2,2,2,2,2,2,2,2,2,NA,NA,NA,NA,NA,NA,NA,NA,NA,NA,NA,NA,NA,NA,NA,NA,NA,NA,NA,NA,"E02, E03",19.533,5/15/2025,2,R02,NA,Paracas,C.Cham,NA,Gam/Tetra,NA,NA,NA,NA,NA,NA,NA,NA,NA,NA,NA,NA,NA,NA,NA,NA,NA,NA,NA,NA,NA,NA,NA,NA,NA,NA,NA,NA,NA,NA,NA,NA,NA,NA,NA,NA,NA,R02,NA,Paracas,C.Cham,NA,Gam/Tetra,NA,NA,NA,NA,NA,NA,NA,NA,NA,NA,NA,NA,NA,NA,NA,NA,NA,NA,NA,NA,NA,NA,NA,NA,NA,NA,NA,NA,NA,NA,NA,NA,NA,NA,NA,NA,NA,NA,NA,NA,NA,NA,NA,NA,NA,NA,NA,NA,NA,NA,NA,NA,NA,NA,NA,NA,NA,NA,NA,NA,NA,NA,NA,NA,NA,NA,NA,NA,NA,NA,NA,NA,NA,NA,NA,NA,NA,NA,NA,NA,NA,NA,NA,R02,NA,Paracas,C.Cham,NA,Gam/Tetra,NA,NA,NA
Lab_75,1.545084689,0.016496,NA,1545.084689,NA,0.065833333,0.221833333,0.089,NA,0.024744,0.820178542,0.009198045,NA,820.1785416,NA,0.010606602,0.130814755,0.065053824,NA,0.013797068,0.579953809,0.006504,NA,579.9538086,NA,0.0075,0.0925,0.046,NA,0.009756,0.5308308,0.557592447,NA,0.5308308,NA,0.161112937,0.589698367,0.730941841,NA,0.557592447,37.53540585,39.42774006,NA,37.53540585,NA,11.39240506,41.69797145,51.68539326,NA,39.42774006,2,2,2,2,2,2,2,2,2,2,NA,NA,NA,NA,NA,NA,NA,NA,NA,NA,NA,NA,NA,NA,NA,NA,NA,NA,NA,NA,"E04, E05",15.88225,5/15/2025,2,R03,NA,Paracas,C.Cham,NA,Gam/Tetra,NA,NA,NA,NA,NA,NA,NA,NA,NA,NA,NA,NA,NA,NA,NA,NA,NA,NA,NA,NA,NA,NA,NA,NA,NA,NA,NA,NA,NA,NA,NA,NA,NA,NA,NA,NA,NA,R03,NA,Paracas,C.Cham,NA,Gam/Tetra,NA,NA,NA,NA,NA,NA,NA,NA,NA,NA,NA,NA,NA,NA,NA,NA,NA,NA,NA,NA,NA,NA,NA,NA,NA,NA,NA,NA,NA,NA,NA,NA,NA,NA,NA,NA,NA,NA,NA,NA,NA,NA,NA,NA,NA,NA,NA,NA,NA,NA,NA,NA,NA,NA,NA,NA,NA,NA,NA,NA,NA,NA,NA,NA,NA,NA,NA,NA,NA,NA,NA,NA,NA,NA,NA,NA,NA,NA,NA,NA,NA,NA,NA,R03,NA,Paracas,C.Cham,NA,Gam/Tetra,NA,NA,NA
Lab_47,NA,NA,NA,NA,NA,NA,NA,NA,NA,NA,NA,NA,NA,NA,NA,NA,NA,NA,NA,NA,NA,NA,NA,NA,NA,NA,NA,NA,NA,NA,NA,NA,NA,NA,NA,NA,NA,NA,NA,NA,NA,NA,NA,NA,NA,NA,NA,NA,NA,NA,NA,NA,NA,NA,NA,NA,NA,NA,NA,NA,NA,NA,NA,NA,NA,NA,NA,NA,NA,NA,NA,NA,NA,NA,NA,NA,NA,NA,NA,NA,NA,NA,NA,NA,NA,NA,NA,NA,NA,NA,NA,41.84823553,1.053652926,0.341,2.107305853,6.523830166,0.152564052,0.047376154,0.305128103,4.613044549,0.107879076,0.0335,0.215758151,0.155892598,0.144795357,0.138933004,0.144795357,11.02327133,10.23857789,9.824046921,10.23857789,2,2,2,2,NA,NA,NA,NA,NA,NA,NA,NA,"F11, F12",25.2,5/30/2025,2,R03,Caro Caido,Marcona,C.Cham,NA,Gam/Tetra,NA,NA,NA,NA,NA,NA,NA,NA,NA,NA,NA,NA,NA,NA,NA,NA,NA,NA,NA,NA,NA,NA,NA,NA,NA,NA,NA,NA,NA,NA,NA,NA,NA,NA,NA,NA,NA,NA,NA,NA,NA,NA,NA,NA,NA,NA,NA,NA,NA,NA,NA,NA,NA,NA,NA,NA,NA,NA,NA,NA,NA,NA,NA,NA,NA,NA,0.256681094,0.010127015,0.005846835,0.039453683,4.47940457,3,123,NA,NA,NA,3,NA,NA,NA,NA,NA,NA,R03,Caro Caido,Marcona,C.Cham,NA,Gam/Tetra,NA,NA,NA
Lab_28,NA,NA,NA,NA,NA,NA,NA,NA,NA,NA,NA,NA,NA,NA,NA,NA,NA,NA,NA,NA,NA,NA,NA,NA,NA,NA,NA,NA,NA,NA,NA,NA,NA,NA,NA,NA,NA,NA,NA,NA,NA,NA,NA,NA,NA,NA,NA,NA,NA,NA,NA,NA,NA,NA,NA,NA,NA,NA,NA,NA,NA,NA,NA,NA,NA,NA,NA,NA,NA,NA,NA,NA,NA,NA,NA,NA,NA,NA,NA,NA,NA,NA,NA,NA,NA,NA,NA,NA,NA,NA,NA,NA,NA,NA,NA,NA,NA,NA,NA,NA,NA,NA,NA,NA,NA,NA,NA,NA,NA,NA,NA,NA,NA,NA,NA,NA,NA,NA,NA,NA,NA,NA,NA,NA,NA,NA,NA,R02,NA,Paracas,C.Cham,many,Gam/Tetra,Yes,NA,NA,NA,NA,NA,NA,NA,NA,NA,NA,NA,NA,NA,NA,NA,NA,NA,NA,NA,NA,NA,NA,NA,NA,NA,NA,NA,NA,NA,NA,NA,NA,NA,NA,NA,NA,NA,NA,NA,NA,NA,NA,NA,NA,NA,NA,NA,NA,NA,NA,NA,NA,NA,NA,NA,NA,NA,NA,NA,NA,NA,NA,NA,NA,NA,NA,NA,NA,NA,NA,NA,NA,NA,NA,NA,NA,NA,NA,NA,NA,NA,NA,R02,NA,Paracas,C.Cham,many,Gam/Tetra,Yes,NA,NA
Lab_29,NA,NA,NA,NA,NA,NA,NA,NA,NA,NA,NA,NA,NA,NA,NA,NA,NA,NA,NA,NA,NA,NA,NA,NA,NA,NA,NA,NA,NA,NA,NA,NA,NA,NA,NA,NA,NA,NA,NA,NA,NA,NA,NA,NA,NA,NA,NA,NA,NA,NA,NA,NA,NA,NA,NA,NA,NA,NA,NA,NA,NA,NA,NA,NA,NA,NA,NA,NA,NA,NA,NA,NA,NA,NA,NA,NA,NA,NA,NA,NA,NA,NA,NA,NA,NA,NA,NA,NA,NA,NA,NA,NA,NA,NA,NA,NA,NA,NA,NA,NA,NA,NA,NA,NA,NA,NA,NA,NA,NA,NA,NA,NA,NA,NA,NA,NA,NA,NA,NA,NA,NA,NA,NA,NA,NA,NA,NA,R03,NA,Paracas,C.Cham,many,Gam/Tetra,Yes,NA,NA,NA,NA,NA,NA,NA,NA,NA,NA,NA,NA,NA,NA,NA,NA,NA,NA,NA,NA,NA,NA,NA,NA,NA,NA,NA,NA,NA,NA,NA,NA,NA,NA,NA,NA,NA,NA,NA,NA,NA,NA,NA,NA,NA,NA,NA,NA,NA,NA,NA,NA,NA,NA,NA,NA,NA,NA,NA,NA,NA,NA,NA,NA,NA,NA,NA,NA,NA,NA,NA,NA,NA,NA,NA,NA,NA,NA,NA,NA,NA,NA,R03,NA,Paracas,C.Cham,many,Gam/Tetra,Yes,NA,NA
Lab_32,NA,NA,NA,NA,NA,NA,NA,NA,NA,NA,NA,NA,NA,NA,NA,NA,NA,NA,NA,NA,NA,NA,NA,NA,NA,NA,NA,NA,NA,NA,NA,NA,NA,NA,NA,NA,NA,NA,NA,NA,NA,NA,NA,NA,NA,NA,NA,NA,NA,NA,NA,NA,NA,NA,NA,NA,NA,NA,NA,NA,NA,NA,NA,NA,NA,NA,NA,NA,NA,NA,NA,NA,NA,NA,NA,NA,NA,NA,NA,NA,NA,NA,NA,NA,NA,NA,NA,NA,NA,NA,NA,NA,NA,NA,NA,NA,NA,NA,NA,NA,NA,NA,NA,NA,NA,NA,NA,NA,NA,NA,NA,NA,NA,NA,NA,NA,NA,NA,NA,NA,NA,NA,NA,NA,NA,NA,NA,R03,Mendieta,Paracas,C.Cham,I34,Gam/Tetra,Yes,NA,NA,NA,NA,NA,NA,NA,NA,NA,NA,NA,NA,NA,NA,NA,NA,NA,NA,NA,NA,NA,NA,NA,NA,NA,NA,NA,NA,NA,NA,NA,NA,NA,NA,NA,NA,NA,NA,NA,NA,NA,NA,NA,NA,NA,NA,NA,NA,NA,NA,NA,NA,NA,NA,NA,NA,NA,NA,NA,NA,NA,NA,NA,NA,NA,NA,NA,NA,NA,NA,NA,NA,NA,NA,NA,NA,NA,NA,NA,NA,NA,NA,R03,Mendieta,Paracas,C.Cham,I34,Gam/Tetra,Yes,NA,NA
Lab_52,NA,NA,NA,NA,NA,NA,NA,NA,NA,NA,NA,NA,NA,NA,NA,NA,NA,NA,NA,NA,NA,NA,NA,NA,NA,NA,NA,NA,NA,NA,NA,NA,NA,NA,NA,NA,NA,NA,NA,NA,NA,NA,NA,NA,NA,NA,NA,NA,NA,NA,NA,NA,NA,NA,NA,NA,NA,NA,NA,NA,NA,NA,NA,NA,NA,NA,NA,NA,NA,NA,NA,NA,NA,NA,NA,NA,NA,NA,NA,NA,NA,NA,NA,NA,NA,NA,NA,NA,NA,NA,NA,NA,NA,NA,NA,NA,NA,NA,NA,NA,NA,NA,NA,NA,NA,NA,NA,NA,NA,NA,NA,NA,NA,NA,NA,NA,NA,NA,NA,NA,NA,NA,NA,NA,NA,NA,NA,R01,7H,Marcona,C.Cham,NA,Carp,NA,NA,NA,NA,NA,NA,NA,NA,NA,NA,NA,NA,NA,NA,NA,NA,NA,NA,NA,NA,NA,NA,NA,NA,NA,NA,NA,NA,NA,NA,NA,NA,NA,NA,NA,NA,NA,NA,NA,NA,NA,NA,NA,NA,NA,NA,NA,NA,NA,NA,NA,NA,NA,NA,NA,NA,NA,NA,NA,NA,NA,NA,NA,NA,NA,NA,NA,NA,NA,NA,NA,NA,NA,NA,NA,NA,NA,NA,NA,NA,NA,NA,NA,R01,7H,Marcona,C.Cham,NA,Carp,NA,NA,NA
Lab_53,NA,NA,NA,NA,NA,NA,NA,NA,NA,NA,NA,NA,NA,NA,NA,NA,NA,NA,NA,NA,NA,NA,NA,NA,NA,NA,NA,NA,NA,NA,NA,NA,NA,NA,NA,NA,NA,NA,NA,NA,NA,NA,NA,NA,NA,NA,NA,NA,NA,NA,NA,NA,NA,NA,NA,NA,NA,NA,NA,NA,NA,NA,NA,NA,NA,NA,NA,NA,NA,NA,NA,NA,NA,NA,NA,NA,NA,NA,NA,NA,NA,NA,NA,NA,NA,NA,NA,NA,NA,NA,NA,NA,NA,NA,NA,NA,NA,NA,NA,NA,NA,NA,NA,NA,NA,NA,NA,NA,NA,NA,NA,NA,NA,NA,NA,NA,NA,NA,NA,NA,NA,NA,NA,NA,NA,NA,NA,R04,7H,Marcona,C.Cham,NA,Carp,NA,NA,NA,NA,NA,NA,NA,NA,NA,NA,NA,NA,NA,NA,NA,NA,NA,NA,NA,NA,NA,NA,NA,NA,NA,NA,NA,NA,NA,NA,NA,NA,NA,NA,NA,NA,NA,NA,NA,NA,NA,NA,NA,NA,NA,NA,NA,NA,NA,NA,NA,NA,NA,NA,NA,NA,NA,NA,NA,NA,NA,NA,NA,NA,NA,NA,NA,NA,NA,NA,NA,NA,NA,NA,NA,NA,NA,NA,NA,NA,NA,NA,NA,R04,7H,Marcona,C.Cham,NA,Carp,NA,NA,NA
Lab_54,NA,NA,NA,NA,NA,NA,NA,NA,NA,NA,NA,NA,NA,NA,NA,NA,NA,NA,NA,NA,NA,NA,NA,NA,NA,NA,NA,NA,NA,NA,NA,NA,NA,NA,NA,NA,NA,NA,NA,NA,NA,NA,NA,NA,NA,NA,NA,NA,NA,NA,NA,NA,NA,NA,NA,NA,NA,NA,NA,NA,NA,NA,NA,NA,NA,NA,NA,NA,NA,NA,NA,NA,NA,NA,NA,NA,NA,NA,NA,NA,NA,NA,NA,NA,NA,NA,NA,NA,NA,NA,NA,NA,NA,NA,NA,NA,NA,NA,NA,NA,NA,NA,NA,NA,NA,NA,NA,NA,NA,NA,NA,NA,NA,NA,NA,NA,NA,NA,NA,NA,NA,NA,NA,NA,NA,NA,NA,R01,NA,Ilo,C.Cham,Ilo_01,Gam/Tetra,Yes,NA,NA,NA,NA,NA,NA,NA,NA,NA,NA,NA,NA,NA,NA,NA,NA,NA,NA,NA,NA,NA,NA,NA,NA,NA,NA,NA,NA,NA,NA,NA,NA,NA,NA,NA,NA,NA,NA,NA,NA,NA,NA,NA,NA,NA,NA,NA,NA,NA,NA,NA,NA,NA,NA,NA,NA,NA,NA,NA,NA,NA,NA,NA,NA,NA,NA,NA,NA,NA,NA,NA,NA,NA,NA,NA,NA,NA,NA,NA,NA,NA,NA,R01,NA,Ilo,C.Cham,Ilo_01,Gam/Tetra,Yes,NA,NA
Lab_55,NA,NA,NA,NA,NA,NA,NA,NA,NA,NA,NA,NA,NA,NA,NA,NA,NA,NA,NA,NA,NA,NA,NA,NA,NA,NA,NA,NA,NA,NA,NA,NA,NA,NA,NA,NA,NA,NA,NA,NA,NA,NA,NA,NA,NA,NA,NA,NA,NA,NA,NA,NA,NA,NA,NA,NA,NA,NA,NA,NA,NA,NA,NA,NA,NA,NA,NA,NA,NA,NA,NA,NA,NA,NA,NA,NA,NA,NA,NA,NA,NA,NA,NA,NA,NA,NA,NA,NA,NA,NA,NA,NA,NA,NA,NA,NA,NA,NA,NA,NA,NA,NA,NA,NA,NA,NA,NA,NA,NA,NA,NA,NA,NA,NA,NA,NA,NA,NA,NA,NA,NA,NA,NA,NA,NA,NA,NA,R02,NA,Ilo,C.Cham,Ilo_02,Gam/Tetra,Yes,NA,NA,NA,NA,NA,NA,NA,NA,NA,NA,NA,NA,NA,NA,NA,NA,NA,NA,NA,NA,NA,NA,NA,NA,NA,NA,NA,NA,NA,NA,NA,NA,NA,NA,NA,NA,NA,NA,NA,NA,NA,NA,NA,NA,NA,NA,NA,NA,NA,NA,NA,NA,NA,NA,NA,NA,NA,NA,NA,NA,NA,NA,NA,NA,NA,NA,NA,NA,NA,NA,NA,NA,NA,NA,NA,NA,NA,NA,NA,NA,NA,NA,R02,NA,Ilo,C.Cham,Ilo_02,Gam/Tetra,Yes,NA,NA
Lab_56,NA,NA,NA,NA,NA,NA,NA,NA,NA,NA,NA,NA,NA,NA,NA,NA,NA,NA,NA,NA,NA,NA,NA,NA,NA,NA,NA,NA,NA,NA,NA,NA,NA,NA,NA,NA,NA,NA,NA,NA,NA,NA,NA,NA,NA,NA,NA,NA,NA,NA,NA,NA,NA,NA,NA,NA,NA,NA,NA,NA,NA,NA,NA,NA,NA,NA,NA,NA,NA,NA,NA,NA,NA,NA,NA,NA,NA,NA,NA,NA,NA,NA,NA,NA,NA,NA,NA,NA,NA,NA,NA,NA,NA,NA,NA,NA,NA,NA,NA,NA,NA,NA,NA,NA,NA,NA,NA,NA,NA,NA,NA,NA,NA,NA,NA,NA,NA,NA,NA,NA,NA,NA,NA,NA,NA,NA,NA,R03,NA,Ilo,C.Cham,Ilo_03,Gam/Tetra,Yes,NA,NA,NA,NA,NA,NA,NA,NA,NA,NA,NA,NA,NA,NA,NA,NA,NA,NA,NA,NA,NA,NA,NA,NA,NA,NA,NA,NA,NA,NA,NA,NA,NA,NA,NA,NA,NA,NA,NA,NA,NA,NA,NA,NA,NA,NA,NA,NA,NA,NA,NA,NA,NA,NA,NA,NA,NA,NA,NA,NA,NA,NA,NA,NA,NA,NA,NA,NA,NA,NA,NA,NA,NA,NA,NA,NA,NA,NA,NA,NA,NA,NA,R03,NA,Ilo,C.Cham,Ilo_03,Gam/Tetra,Yes,NA,NA
Lab_68,NA,NA,NA,NA,NA,NA,NA,NA,NA,NA,NA,NA,NA,NA,NA,NA,NA,NA,NA,NA,NA,NA,NA,NA,NA,NA,NA,NA,NA,NA,NA,NA,NA,NA,NA,NA,NA,NA,NA,NA,NA,NA,NA,NA,NA,NA,NA,NA,NA,NA,NA,NA,NA,NA,NA,NA,NA,NA,NA,NA,NA,NA,NA,NA,NA,NA,NA,NA,NA,NA,NA,NA,NA,NA,NA,NA,NA,NA,NA,NA,NA,NA,NA,NA,NA,NA,NA,NA,NA,NA,NA,NA,NA,NA,NA,NA,NA,NA,NA,NA,NA,NA,NA,NA,NA,NA,NA,NA,NA,NA,NA,NA,NA,NA,NA,NA,NA,NA,NA,NA,NA,NA,NA,NA,NA,NA,NA,R03,NA,Ilo,C.Cham,NA,Gam/Tetra,NA,NA,NA,NA,NA,NA,NA,NA,NA,NA,NA,NA,NA,NA,NA,NA,NA,NA,NA,NA,NA,NA,NA,NA,NA,NA,NA,NA,NA,NA,NA,NA,NA,NA,NA,NA,NA,NA,NA,NA,NA,NA,NA,NA,NA,NA,NA,NA,NA,NA,NA,NA,NA,NA,NA,NA,NA,NA,NA,NA,NA,NA,NA,NA,NA,NA,NA,NA,NA,NA,NA,NA,NA,NA,NA,NA,NA,NA,NA,NA,NA,NA,NA,R03,NA,Ilo,C.Cham,NA,Gam/Tetra,NA,NA,NA
Lab_67,NA,NA,NA,NA,NA,NA,NA,NA,NA,NA,NA,NA,NA,NA,NA,NA,NA,NA,NA,NA,NA,NA,NA,NA,NA,NA,NA,NA,NA,NA,NA,NA,NA,NA,NA,NA,NA,NA,NA,NA,NA,NA,NA,NA,NA,NA,NA,NA,NA,NA,NA,NA,NA,NA,NA,NA,NA,NA,NA,NA,NA,NA,NA,NA,NA,NA,NA,NA,NA,NA,NA,NA,NA,NA,NA,NA,NA,NA,NA,NA,NA,NA,NA,NA,NA,NA,NA,NA,NA,NA,NA,NA,NA,NA,NA,NA,NA,NA,NA,NA,NA,NA,NA,NA,NA,NA,NA,NA,NA,NA,NA,NA,NA,NA,NA,NA,NA,NA,NA,NA,NA,NA,NA,NA,NA,NA,NA,R02,NA,Ilo,C.Cham,NA,Gam/Tetra,NA,NA,NA,NA,NA,NA,NA,NA,NA,NA,NA,NA,NA,NA,NA,NA,NA,NA,NA,NA,NA,NA,NA,NA,NA,NA,NA,NA,NA,NA,NA,NA,NA,NA,NA,NA,NA,NA,NA,NA,NA,NA,NA,NA,NA,NA,NA,NA,NA,NA,NA,NA,NA,NA,NA,NA,NA,NA,NA,NA,NA,NA,NA,NA,NA,NA,NA,NA,NA,NA,NA,NA,NA,NA,NA,NA,NA,NA,NA,NA,NA,NA,NA,R02,NA,Ilo,C.Cham,NA,Gam/Tetra,NA,NA,NA
