"ID","PE_mg_per_g_sample_mean","PE_mg_per_mL_mean","PE_pred_run2_mg_per_g_mean","PE_scaled_mean","PE_se_run2_mean","X455_mean","X564_mean","X592_mean","Xred_mean","total_PE_mg_mean","PE_mg_per_g_sample_sd","PE_mg_per_mL_sd","PE_pred_run2_mg_per_g_sd","PE_scaled_sd","PE_se_run2_sd","X455_sd","X564_sd","X592_sd","Xred_sd","total_PE_mg_sd","PE_mg_per_g_sample_se","PE_mg_per_mL_se","PE_pred_run2_mg_per_g_se","PE_scaled_se","PE_se_run2_se","X455_se","X564_se","X592_se","Xred_se","total_PE_mg_se","PE_mg_per_g_sample_cv","PE_mg_per_mL_cv","PE_pred_run2_mg_per_g_cv","PE_scaled_cv","PE_se_run2_cv","X455_cv","X564_cv","X592_cv","Xred_cv","total_PE_mg_cv","PE_mg_per_g_sample_max_dev_pct","PE_mg_per_mL_max_dev_pct","PE_pred_run2_mg_per_g_max_dev_pct","PE_scaled_max_dev_pct","PE_se_run2_max_dev_pct","X455_max_dev_pct","X564_max_dev_pct","X592_max_dev_pct","Xred_max_dev_pct","total_PE_mg_max_dev_pct","PE_mg_per_g_sample_n","PE_mg_per_mL_n","PE_pred_run2_mg_per_g_n","PE_scaled_n","PE_se_run2_n","X455_n","X564_n","X592_n","Xred_n","total_PE_mg_n","PE_mg_per_g_sample_included_rows","PE_mg_per_mL_included_rows","PE_pred_run2_mg_per_g_included_rows","PE_scaled_included_rows","PE_se_run2_included_rows","X455_included_rows","X564_included_rows","X592_included_rows","Xred_included_rows","total_PE_mg_included_rows","PE_mg_per_g_sample_excluded_rows","PE_mg_per_mL_excluded_rows","PE_pred_run2_mg_per_g_excluded_rows","PE_scaled_excluded_rows","PE_se_run2_excluded_rows","X455_excluded_rows","X564_excluded_rows","X592_excluded_rows","Xred_excluded_rows","total_PE_mg_excluded_rows","join_ids","avg_sample_weight","replicate_date","replicate_count"
"BLANK_01",Inf,9.60000000000001e-05,0.00267510922940488,Inf,0.00158422387026618,0.00166666666666667,0.00166666666666667,0.00066666666666667,-0.333333333333334,0.000144,NA,NA,NA,NA,NA,NA,NA,NA,NA,NA,NA,NA,NA,NA,NA,NA,NA,NA,NA,NA,NA,NA,NA,NA,NA,NA,NA,NA,NA,NA,-Inf,0,0,-Inf,0,0,0,0,0,0,1,1,1,1,1,1,1,1,1,1,NA,NA,NA,NA,NA,NA,NA,NA,NA,NA,NA,NA,NA,NA,NA,NA,NA,NA,NA,NA,"G07",0,NA,1
"Lab_01",0.0340425831878114,0.000544,0.103016868599273,34.0425831878114,0.00155891349092793,0.0145555555555556,0.0122222222222222,-0.000444444444444439,19038.3333333333,0.000816,0.00422713315498081,6.92820323027552e-05,0.0265321481597644,4.22713315498081,0.000121410033730076,0.00302459057529248,0.00101835015443463,0.00761820431840976,5034.16252551835,0.000103923048454133,0.00244053646492856,4.00000000000001e-05,0.015318342882219,2.44053646492856,7.0096115656381e-05,0.00174624818283352,0.00058794473579213,0.00439837231397544,2906.47508925235,6e-05,0.124171927014466,0.127356677027124,0.257551491522931,0.124171927014466,0.0778811874017513,0.207796299065896,0.083319558090106,-17.1409597164221,0.264422438528496,0.127356677027123,14.0870364025858,14.7058823529412,29.5947840462218,14.0870364025858,7.83639437123473,23.6641221374045,9.09090909090908,-875.00000000001,30.3843123522717,14.7058823529412,3,3,3,3,3,3,3,3,3,3,"3,4,5","2,4,5","1,2,3","3,4,5","1,3,7","3,4,5","3,4,5","4,6,7","1,2,3","2,4,5","1,2,6,7","1,3,6,7","4,5,6,7","1,2,6,7","2,4,5,6","1,2,6,7","1,2,6,7","1,2,3,5","4,5,6,7","1,3,6,7","A02, A03, A04, A06, A01",18.2857142857143,"Mixed (2025-05-06; NA)",7
"Lab_02",0.01044447586727,2e-04,0.0110884555005425,10.44447586727,0.00145284196381725,0.00766666666666667,0.00266666666666667,-0.000666666666666663,1596,0.000299999999999999,0.00193909700743306,6.03986754821662e-05,0.00327168266209843,1.93909700743306,5.76615899518971e-05,0.000577350269189622,0.00115470053837925,0.001,620.763239891023,9.05980132232493e-05,0.00111953817922628,3.48711915483255e-05,0.00188890686566556,1.11953817922628,3.32909344806296e-05,0.000333333333333331,0.000666666666666667,0.000577350269189626,358.397823654107,5.23067873224882e-05,0.185657665552146,0.301993377410831,0.295053054227287,0.185657665552146,0.039688824653987,0.0753065568508203,0.43301270189222,-1.50000000000001,0.388949398427959,0.301993377410831,19.2156685771021,32.0000000000002,32.6060536760282,19.2156685771021,4.55125151555505,8.69565217391299,50,0,42.9824561403509,32.0000000000002,3,3,3,3,3,3,3,3,3,3,"1,2,4","2,3,4","1,3,4","1,2,4","2,3,4","2,3,4","2,3,4","2,3,4","1,3,4","2,3,4","3","1","2","3","1","1","1","1","2","1","A06, A07, A08, A09",20.725,"2025-05-06",4
"Lab_03",0.0287192614118269,0.000607999999999999,0.0254848990677206,28.7192614118269,0.00115338575995467,0.0116666666666667,0.00822222222222222,-0.00055555555555555,4327.55555555556,0.000911999999999999,0.00199181518760388,0.000132181693134867,0.0014299804090047,1.99181518760388,1.99332461807239e-05,0.000881917103688198,0.000838870492807863,0.00327165152540788,271.321935332536,0.0001982725397023,0.00114997503473908,7.63151361133557e-05,0.000825599574074752,1.14997503473908,1.1508465048264e-05,0.000509175077217316,0.000484322104837854,0.00188888888888889,156.64779240129,0.000114472704170034,0.0693546800888003,0.217404100550768,0.0561108915991715,0.0693546800888003,0.0172823758301882,0.0755928946018456,0.102024789665821,-5.88897274573424,0.062696349440095,0.217404100550768,7.34895556465741,25.0000000000001,5.90315053597782,7.34895556465741,1.80471004191577,8.57142857142858,10.8108108108108,-340.000000000004,6.5959741193386,25.0000000000001,3,3,3,3,3,3,3,3,3,3,"1,4,5","3,5,6","4,5,7","1,4,5","4,5,7","1,5,7","1,5,6","5,6,7","4,5,7","3,5,6","2,3,6,7,8","1,2,4,7,8","1,2,3,6,8","2,3,6,7,8","1,2,3,6,8","2,3,4,6,8","2,3,4,7,8","1,2,3,4,8","1,2,3,6,8","1,2,4,7,8","A08, A09, A10, A11, A12, A05, A06",19.4125,"Mixed (2025-05-06; NA)",8
"Lab_04",0.011359594820516,0.000192,0.0448782858889961,11.359594820516,0.00101184867265449,0.0127777777777778,0.00933333333333333,-0.000777777777777775,8007.22222222222,0.000288,0.00269258977240646,4.80000000000005e-05,0.00110463367028504,2.69258977240646,6.75028692483851e-07,0.00117062819476142,0.00202758751009941,0.00150308325094097,209.591224724418,7.20000000000008e-05,0.0015545674299161,2.77128129211024e-05,0.000637760546894992,1.5545674299161,3.89727997316273e-07,0.000675862503366469,0.00117062819476142,0.000867805519545185,121.007550014426,4.15692193816535e-05,0.23703220184786,0.250000000000003,0.0246139897815458,0.23703220184786,0.000667124156730847,0.091614380459589,0.217241518939222,-1.93253560835268,0.0261752726360891,0.250000000000003,25.7235831619506,25.0000000000004,2.80416023619796,25.7235831619506,0.0769548277204345,9.56521739130435,25,-14.2857142857145,2.98203011170471,25.0000000000004,3,3,3,3,3,3,3,3,3,3,"3,4,5","3,4,5","1,2,6","3,4,5","1,2,6","1,5,6","1,3,6","4,5,6","1,2,6","3,4,5","1,2,6","1,2,6","3,4,5","1,2,6","3,4,5","2,3,4","2,4,5","1,2,3","3,4,5","1,2,6","A12, B01, B02, B03, A07, A08",22.5666666666667,"Mixed (2025-05-06; NA)",6
"Lab_05",0.0162621629135391,0.00012,0.029366270201924,16.2621629135391,0.00107846971552712,0.0161111111111111,0.00644444444444444,-0.000777777777777773,5064,0.00018,0.00160576091307225,4.45690675457469e-19,0.00549227021286944,1.60576091307225,2.24355269696698e-05,0.00192450089729875,0.00189541356769245,0.00615840287135601,1042.09356585673,6.71089616339568e-19,0.000927086495416441,2.57319631450676e-19,0.00317096368586234,0.927086495416441,1.29531575353499e-05,0.00111111111111111,0.0010943175335329,0.00355555555555555,601.653000768162,3.87453770644012e-19,0.0987421489754829,3.71408896214558e-15,0.187026482256831,0.0987421489754829,0.0208031126388227,0.119451779832336,0.294115898435035,-7.91794654888634,0.205784669402988,3.72827564633094e-15,10.5564578169072,4.17869587312122e-13,19.8675361447127,10.5564578169072,2.37938686841302,13.7931034482759,32.7586206896552,-457.14285714286,21.8601895734597,4.21634178188808e-13,3,3,3,3,3,3,3,3,3,3,"1,3,4","1,7,8","1,2,3","1,3,4","1,3,6","1,3,5","1,3,4","5,7,8","1,2,3","1,7,8","2,5,6,7,8","2,3,4,5,6","4,5,6,7,8","2,5,6,7,8","2,4,5,7,8","2,4,6,7,8","2,5,6,7,8","1,2,3,4,6","4,5,6,7,8","2,3,4,5,6","B02, B03, B04, B05, B06, A09, A10",19.25,"Mixed (2025-05-06; NA)",8
"Lab_06",0.07546065830721,0.001424,0.044104119829941,75.46065830721,0.00102309172209744,0.0498888888888889,0.0355555555555556,0.0212222222222222,7860.33333333333,0.002136,0.0234088026482666,0.000277128129211021,0.00645625380457904,23.4088026482666,8.53456472631516e-06,0.0233079226714707,0.0171992678569413,0.00983380413185578,1224.99809523661,0.000415692193816532,0.0135150785103836,0.00016,0.00372751987203025,13.5150785103836,4.92743324215434e-06,0.0134568354286246,0.00993000192706955,0.00567754946268499,707.252980041638,0.000240000000000001,0.310212012105254,0.194612450288638,0.146386637562962,0.310212012105254,0.00834193507969983,0.467196668247743,0.483729408476475,0.463372969563885,0.155845565739784,0.194612450288638,35.7181283610177,22.4719101123596,16.5825447550839,35.7181283610177,0.839222851505073,53.8975501113586,55,52.8795811518325,17.6540435096052,22.4719101123596,3,3,3,3,3,3,3,3,3,3,"1,3,4","2,3,4","2,3,4","1,3,4","2,3,4","1,3,4","1,3,4","1,3,4","2,3,4","2,3,4","2,5","1,5","1,5","2,5","1,5","2,5","2,5","2,5","1,5","1,5","B06, B07, B08, B09",19.32,"2025-05-06",5
"Lab_07",0.0843081192924312,0.000728,0.165764725931956,84.3081192924312,0.00113879307525829,0.0144444444444444,0.0162222222222222,0.00455555555555556,30944,0.001092,0.0212570039497656,0.000123158434546725,0.053749532284276,21.2570039497657,0.000137660462588698,0.000769800358919504,0.00183585684909537,0.000384900179459748,10198.3405022582,0.000184737651820087,0.0122727369525621,7.11055553385245e-05,0.0310323069331432,12.2727369525621,7.9478305132353e-05,0.000444444444444446,0.00105993244601883,0.000222222222222221,5888.01463426623,0.000106658333007787,0.252134718793021,0.169173673827919,0.324251929848689,0.252134718793021,0.120882771049055,0.0532938710021195,0.113169257820947,0.0844902832960423,0.329574085517651,0.169173673827919,29.1137717797869,18.6813186813186,34.8881901466403,29.1137717797869,13.816428067718,6.15384615384618,13.013698630137,9.75609756097555,35.4608324715615,18.6813186813186,3,3,3,3,3,3,3,3,3,3,"1,3,6","1,3,5","1,2,3","1,3,6","4,5,6","1,3,4","1,5,6","3,4,6","1,2,3","1,3,5","2,4,5","2,4,6","4,5,6","2,4,5","1,2,3","2,5,6","2,3,4","1,2,5","4,5,6","2,4,6","B08, B09, B10, B11, B12",18.1833333333333,"2025-05-06",6
"Lab_08",0.0441027387699265,0.000743999999999999,0.0447506246175331,44.1027387699265,0.00101256916991293,0.0132222222222222,0.0118888888888889,0.00422222222222222,7983,0.001116,0.00384541110643767,8.31384387633056e-05,0.00198228736738919,3.84541110643767,1.28744666346884e-06,0.00083887049280786,0.000509175077217312,0.000192450089729878,376.115673696271,0.000124707658144958,0.00222014913744657,4.79999999999997e-05,0.00114447414517334,2.22014913744656,7.43307677721019e-07,0.000484322104837852,0.000293972367896064,0.000111111111111113,217.15048545498,7.19999999999995e-05,0.0871921158116339,0.11174521339154,0.0442963061260275,0.0871921158116338,0.0012714653988325,0.0634439868510146,0.0428278102332319,0.045580284409708,0.0471145776896244,0.11174521339154,10.0430710330211,12.9032258064515,4.8169194938086,10.043071033021,0.138145288258155,6.72268907563025,4.67289719626165,5.26315789473691,5.12338719779532,12.9032258064515,3,3,3,3,3,3,3,3,3,3,"4,5,6","4,5,6","1,3,4","4,5,6","1,3,4","3,4,6","2,5,6","3,5,6","1,3,4","4,5,6","1,2,3","1,2,3","2,5,6","1,2,3","2,5,6","1,2,5","1,3,4","1,2,4","2,5,6","1,2,3","B11, B12, C01, C02, C03",17.6833333333333,"2025-05-06",6
"Lab_09",0.112017687205614,0.00076,0.027133369155648,112.017687205614,0.00113741460870835,0.0221111111111111,0.0167777777777778,0.0184444444444444,4640.33333333333,0.00114,0.0184086754373904,0.000132181693134866,0.00571247423776854,18.4086754373904,7.00405717631931e-05,0.00101835015443463,0.00384900179459751,0.00618540695987413,1083.87468525348,0.0001982725397023,0.0106282537192018,7.63151361133556e-05,0.00329809853891447,10.6282537192018,4.04379429616748e-05,0.000587944735792132,0.00222222222222223,0.00357114637333071,625.775341298918,0.000114472704170033,0.164337221171157,0.173923280440614,0.210533170613627,0.164337221171157,0.0615787516943634,0.0460560371352346,0.229410702989256,0.335353389390766,0.233576902216827,0.173923280440614,17.2690763052208,17.8947368421052,23.457867947,17.2690763052208,6.74142904871272,5.02512562814072,26.4900662251656,34.9397590361446,26.0254292076719,17.8947368421052,3,3,3,3,3,3,3,3,3,3,"1,2,3","1,2,3","4,5,6","1,2,3","4,5,6","1,3,5","1,3,5","2,3,6","4,5,6","1,2,3","4,5,6","4,5,6","1,2,3","4,5,6","1,2,3","2,4,6","2,4,6","1,4,5","1,2,3","4,5,6","C02, C03, C04, C05, C06",17.5166666666667,"2025-05-06",6
"Lab_10",0.0447800453514739,0.000727999999999999,0.0570394860012474,44.7800453514739,0.00108559597480512,0.0157777777777778,0.025,0.0123333333333333,10314.6666666667,0.001092,0.00447239119480485,9.99199679743745e-05,0.00639901274962492,4.47239119480485,6.45335250650551e-05,0.00367171369819074,0.00288675134594813,0,1214.13727944303,0.000149879951961562,0.00258213626024189,5.76888204074239e-05,0.00369447173354379,2.58213626024189,3.7258448068065e-05,0.00211986489203766,0.00166666666666667,0,700.982485119596,8.65332306111359e-05,0.0998746463899603,0.137252703261504,0.112185666425623,0.0998746463899603,0.0594452508693574,0.232714248476878,0.115470053837925,0,0.11770979312077,0.137252703261504,11.4036864492608,15.3846153846154,11.4883366939509,11.4036864492608,6.44008727898683,23.943661971831,13.3333333333333,0,12.0540330920372,15.3846153846154,3,3,3,3,3,3,3,3,3,3,"2,5,6","1,5,6","3,5,6","2,5,6","3,5,6","2,3,4","4,5,6","4,5,6","3,5,6","1,5,6","1,3,4","2,3,4","1,2,4","1,3,4","1,2,4","1,5,6","1,2,3","1,2,3","1,2,4","2,3,4","C05, C06, C07, C08, C09",17.95,"2025-05-06",6
"Lab_11",0.0356129032258065,0.000544,0.0442464211554708,35.6129032258065,0.00101962557227949,0.0248888888888889,0.0205555555555556,0.0135555555555556,7887.33333333333,0.000816,0.000670471280349273,3.66606055596472e-05,0.00541486377192812,0.670471280349273,7.81915983774417e-06,0.00189541356769244,0.00333888426695927,0.00241139271269008,1027.40660565004,5.49909083394708e-05,0.000387096774193566,2.1166010488517e-05,0.00312627305634785,0.387096774193566,4.51439403715831e-06,0.0010943175335329,0.00192770573032194,0.00139221823179352,593.173480339249,3.17490157327755e-05,0.018826639212706,0.0673908190434692,0.122379700561581,0.018826639212706,0.00766865803518792,0.0761550094162142,0.162432207581802,0.17788962634599,0.130260325287385,0.0673908190434692,2.17391304347836,7.35294117647073,13.8094173625277,2.17391304347836,0.828944470343186,8.48214285714285,18.3783783783784,20.4918032786886,14.6986729777703,7.35294117647073,3,3,3,3,3,3,3,3,3,3,"2,5,6","1,5,6","4,5,6","2,5,6","4,5,6","3,4,5","3,4,5","3,4,5","4,5,6","1,5,6","1,3,4","2,3,4","1,2,3","1,3,4","1,2,3","1,2,6","1,2,6","1,2,6","1,2,3","2,3,4","C08, C09, C10, C11, C12",17.7333333333333,"2025-05-06",6
"Lab_12",0.010324751513746,0.000159999999999999,0.0136124008216675,10.324751513746,0.00133456815953809,0.013,0.0115555555555556,-0.000444444444444442,2074.88888888889,0.000239999999999999,0.00186255555775307,1.38564064605515e-05,0.00100796048218847,1.86255555775307,1.44996425244648e-05,0.000666666666666666,0.000384900179459748,0.00245703826527733,191.248626235686,2.07846096908272e-05,0.00107534695264937,8.00000000000025e-06,0.000581946255724021,1.07534695264937,8.3713725146531e-06,0.00038490017945975,0.000222222222222221,0.00141857170386708,110.417445839319,1.20000000000004e-05,0.180397131618454,0.086602540378447,0.0740472232189971,0.180397131618455,0.0108646699090164,0.0512820512820512,0.0333086693763244,-5.52833609687404,0.0921729482768112,0.0866025403784469,18.418492474728,10.0000000000004,8.47489194287842,18.418492474728,1.23478241439509,5.12820512820514,3.84615384615382,-200.000000000002,10.5494270108172,10.0000000000004,3,3,3,3,3,3,3,3,3,3,"4,6,8","3,4,6","4,6,7","4,6,8","3,6,7","1,6,8","3,5,6","4,7,8","4,6,7","3,4,6","1,2,3,5,7","1,2,5,7,8","1,2,3,5,8","1,2,3,5,7","1,2,4,5,8","2,3,4,5,7","1,2,4,7,8","1,2,3,5,6","1,2,3,5,8","1,2,5,7,8","C11, C12, D01, D02, D03, A11, A12",19.6875,"Mixed (2025-05-06; NA)",8
"Lab_13",0.0381745048047147,0.000752,0.0726832621749212,38.1745048047147,0.00107490485981292,0.0166666666666667,0.00788888888888889,0.00666666666666667,13282.8888888889,0.001128,0.00506598476491668,3.66606055596466e-05,0.00269878433731821,5.06598476491668,3.19557290062261e-05,0.000881917103688199,0.000509175077217316,0.000333333333333331,512.062532350335,5.49909083394698e-05,0.00292484766773519,2.11660104885166e-05,0.00155814386363542,2.92484766773519,1.84496487438954e-05,0.000509175077217317,0.000293972367896066,0.000192450089729874,295.639440894387,3.17490157327749e-05,0.132705971978739,0.0487508052654875,0.0371307541318558,0.132705971978738,0.0297288906218062,0.052915026221292,0.0645433196472655,0.0499999999999997,0.0385505394672596,0.0487508052654874,15.3190571099368,5.3191489361702,4.26532568356012,15.3190571099367,3.37860993168949,6.00000000000003,7.04225352112678,4.99999999999997,4.42842085891624,5.31914893617019,3,3,3,3,3,3,3,3,3,3,"4,7,8","1,2,8","3,6,8","4,7,8","4,5,7","2,6,7","3,4,5","2,6,8","3,6,8","1,2,8","1,2,3,5,6","3,4,5,6,7","1,2,4,5,7","1,2,3,5,6","1,2,3,6,8","1,3,4,5,8","1,2,6,7,8","1,3,4,5,7","1,2,4,5,7","3,4,5,6,7","D02, D03, D04, D05, D06, B01, B02",19.875,"Mixed (2025-05-06; NA)",8
"Lab_14",0.0182502201165569,0.000311999999999999,0.0225931955884363,18.2502201165569,0.00119583359495206,0.00955555555555555,0.006,0.00222222222222223,3778.88888888889,0.000467999999999999,0.000985491603809847,4.51931569438751e-19,0.000341699238271089,0.985491603809846,5.33463970507039e-06,0.000693888666488713,0.000333333333333331,0.000192450089729878,64.8334047414632,6.77084039703117e-19,0.000568973842743731,2.60922813270753e-19,0.000197280147197703,0.568973842743731,3.07995566975205e-06,0.000400616808384889,0.000192450089729874,0.000111111111111113,37.4315836799637,3.90914652586594e-19,0.0539988886444056,1.448498619996e-15,0.0151239888546788,0.0539988886444056,0.00446102177392351,0.0726162557953305,0.0555555555555552,0.0866025403784449,0.0171567375087671,1.44676076859641e-15,5.65926769985726,1.56375313339256e-13,1.70808871941824,5.65926769985726,0.504025893229006,8.13953488372096,5.55555555555552,10.0000000000001,1.93766539253161,1.6216699161108e-13,3,3,3,3,3,3,3,3,3,3,"4,5,6","3,5,6","5,6,8","4,5,6","5,6,8","3,5,6","3,5,7","3,4,5","5,6,8","3,5,6","1,2,3,7,8","1,2,4,7,8","1,2,3,4,7","1,2,3,7,8","1,2,3,4,7","1,2,4,7,8","1,2,4,6,8","1,2,6,7,8","1,2,3,4,7","1,2,4,7,8","D05, D06, D07, D08, D09, B03, B04",19.3625,"Mixed (2025-05-06; NA)",8
"Lab_15",0.0366093344119548,0.00024,0.0354606319088725,36.6093344119548,0.00106079581433299,0.0172222222222222,0.00955555555555555,0.00655555555555556,6220.33333333333,0.00036,0.00579419883355832,2.39999999999997e-05,0.00784807106032551,5.79419883355832,4.77652148635129e-05,0.00365655170486763,0.00107151675122144,0.00107151675122144,1489.07902185657,3.59999999999995e-05,0.00334528225629311,1.38564064605508e-05,0.00453108593929824,3.34528225629311,2.75772596593495e-05,0.00211111111111111,0.000618640484758892,0.000618640484758891,859.720174113518,2.07846096908263e-05,0.158271078309094,0.0999999999999987,0.221317856954542,0.158271078309094,0.0450277180755533,0.212315905443927,0.112135473965035,0.16345170781344,0.239388943013221,0.0999999999999987,17.2878329580128,9.99999999999994,24.6820472512109,17.2878329580128,4.65155584187061,24.5161290322581,12.7906976744186,18.6440677966102,26.6973902791919,9.99999999999995,3,3,3,3,3,3,3,3,3,3,"1,2,4","1,2,3","3,4,5","1,2,4","3,4,5","1,3,4","1,3,5","1,3,4","3,4,5","1,2,3","3,5","4,5","1,2","3,5","1,2","2,5","2,4","2,5","1,2","4,5","D08, D09, D10, D11, D12",18.98,"2025-05-06",5
"Lab_16",0.00474802678696681,7.99999999999998e-05,0.0158886364279814,4.74802678696681,0.00131071185650352,0.00477777777777778,0.00822222222222222,-0.000222222222222216,2506.77777777778,0.00012,0.000916770917988551,1.38564064605508e-05,0.000139545444354342,0.916770917988551,2.59231766178224e-06,0.000192450089729874,0.00183585684909537,0.00359526437496965,26.4771040153003,2.07846096908263e-05,0.00052929793628591,7.99999999999989e-06,8.05665998621651e-05,0.52929793628591,1.496675299855e-06,0.00011111111111111,0.00105993244601883,0.0020757268546966,15.2865631305954,1.19999999999998e-05,0.193084613697854,0.173205080756886,0.00878271996384714,0.193084613697854,0.00197779370722834,0.0402802513388109,0.22327988705214,-16.1786896873639,0.010562206291286,0.173205080756886,22.2918882606503,19.9999999999998,0.987758643153587,22.2918882606503,0.222462307664466,4.65116279069765,22.972972972973,-700.000000000019,1.18789060768583,19.9999999999998,3,3,3,3,3,3,3,3,3,3,"4,6,7","4,6,7","5,7,8","4,6,7","5,7,8","3,7,8","1,5,6","4,5,8","5,7,8","4,6,7","1,2,3,5,8","1,2,3,5,8","1,2,3,4,6","1,2,3,5,8","1,2,3,4,6","1,2,4,5,6","2,3,4,7,8","1,2,3,6,7","1,2,3,4,6","1,2,3,5,8","D11, D12, E01, E02, E03, B05, B06",19.45,"Mixed (2025-05-06; 2025-05-12; NA)",8
"Lab_17",0.00343496624430477,0.000104,0.0122912823426749,3.43496624430477,0.0013799712891758,0.0204444444444444,0.00866666666666667,0.00411111111111111,1824.22222222222,0.000156,0.000721937397308985,2.77128129211021e-05,0.000938235549439553,0.721937397308985,1.87113997915698e-05,0.00083887049280786,0.000666666666666666,0.000192450089729878,178.019141709016,4.15692193816531e-05,0.000416810750674401,1.6e-05,0.000541690547032202,0.4168107506744,1.08030317065775e-05,0.000484322104837852,0.00038490017945975,0.000111111111111113,102.779399386607,2.4e-05,0.210173068951105,0.266469355010596,0.0763334144706796,0.210173068951105,0.0135592674560247,0.041031708887341,0.0769230769230768,0.0468121839883487,0.0975863244841726,0.266469355010596,22.3399105396668,30.7692307692307,8.81408441156322,22.3399105396668,1.56566530365776,4.34782608695651,7.6923076923077,5.40540540540548,11.2681203557071,30.7692307692307,3,3,3,3,3,3,3,3,3,3,"3,5,7","1,6,7","4,5,7","3,5,7","4,5,7","4,5,6","2,4,6","1,3,4","4,5,7","1,6,7","1,2,4,6","2,3,4,5","1,2,3,6","1,2,4,6","1,2,3,6","1,2,3,7","1,3,5,7","2,5,6,7","1,2,3,6","2,3,4,5","E02, E03, E04, E05, E06, B07, B08",18.8428571428571,"Mixed (2025-05-06; 2025-05-12; NA)",7
"Lab_18",0.0185777626143131,0.000143999999999999,0.0178176099518297,18.5777626143131,0.00129798161887322,0.0128888888888889,0.00588888888888889,0.00288888888888889,2872.77777777778,0.000215999999999999,0.00306283645311827,9.38946624210725e-20,0.00195091943285008,3.06283645311827,2.32991507829956e-05,0.000509175077217315,0.0007698003589195,0.000509175077217312,370.163977677961,1.40841993631609e-19,0.00176832945069163,5.42101086242752e-20,0.00112636385972327,1.76832945069163,1.34517709764522e-05,0.000293972367896066,0.000444444444444444,0.000293972367896064,213.714272156674,8.13151629364128e-20,0.164865733118935,6.52046266813006e-16,0.10949389048949,0.164865733118935,0.0179502933201949,0.0395049628875503,0.130720815665576,0.176252911344454,0.128852283856185,6.52046266813006e-16,18.5798056838434,7.52918175337159e-14,11.5887216701394,18.5798056838434,2.06622001872001,4.31034482758619,15.0943396226415,19.2307692307691,13.6375942757687,7.52918175337159e-14,3,3,3,3,3,3,3,3,3,3,"1,2,5","1,2,6","5,7,8","1,2,5","3,5,7","3,4,5","1,4,5","1,4,5","5,7,8","1,2,6","3,4,6,7,8","3,4,5,7,8","1,2,3,4,6","3,4,6,7,8","1,2,4,6,8","1,2,6,7,8","2,3,6,7,8","2,3,6,7,8","1,2,3,4,6","3,4,5,7,8","E05, E06, E07, E08, E09, B09, B10",20.0375,"Mixed (2025-05-06; 2025-05-12; NA)",8
"Lab_19",0.0118288084284969,0.000199999999999999,0.0154248395151436,11.8288084284969,0.00131942414944087,0.00944444444444444,0.0106666666666667,0.008,2418.77777777778,0.000299999999999999,0.00111617204951316,1.38564064605507e-05,0.000708272682553788,1.11617204951316,1.33244993194632e-05,0.00101835015443463,0.000881917103688195,0.002185812841434,134.386397018834,2.0784609690826e-05,0.000644422233248358,7.99999999999979e-06,0.000408921423932088,0.644422233248358,7.69290326890907e-06,0.000587944735792132,0.000509175077217315,0.00126197963240006,77.5880224942477,1.19999999999997e-05,0.0943604807077758,0.0692820323027535,0.045917669474514,0.0943604807077758,0.0100987232385505,0.107825310469549,0.0826797284707683,0.27322660517925,0.0555596294349536,0.0692820323027535,10.8937471274049,7.99999999999982,5.25433922567004,10.8937471274049,1.15584373847265,11.764705882353,9.37499999999999,29.1666666666667,6.35766456888236,7.99999999999981,3,3,3,3,3,3,3,3,3,3,"2,3,4","2,3,4","2,5,6","2,3,4","2,5,6","2,4,5","1,3,6","1,3,6","2,5,6","2,3,4","1,5,6","1,5,6","1,3,4","1,5,6","1,3,4","1,3,6","2,4,5","2,4,5","1,3,4","1,5,6","E10, E11, E12, B11, B12",22.95,"Mixed (2025-05-06; 2025-05-12; NA)",6
"Lab_20",0.0589118356505949,0.000815999999999999,0.034866831315921,58.9118356505949,0.00110691152975887,0.00955555555555555,0.0131111111111111,0.00522222222222222,6107.66666666667,0.001224,0.0193223291775584,6.34980314655504e-05,0.0158069627096,19.3223291775584,0.000163788829015293,0.000384900179459748,0.000192450089729874,0.000192450089729878,2999.1849448364,9.52470471983256e-05,0.0111557519520339,3.66606055596469e-05,0.00912615417545793,11.1557519520339,9.45635245222329e-05,0.000222222222222221,0.00011111111111111,0.000111111111111113,1731.58023525077,5.49909083394703e-05,0.327987219616765,0.0778162150313118,0.453352430175728,0.327987219616765,0.147969213990365,0.0402802513388109,0.0146783966743124,0.0368521448418915,0.491052493287628,0.0778162150313118,37.1818169271325,8.82352941176475,52.1446591455481,37.1818169271325,17.0859070517113,4.65116279069765,1.69491525423728,4.25531914893623,56.480925612618,8.82352941176475,3,3,3,3,3,3,3,3,3,3,"2,4,5","3,4,5","1,4,5","2,4,5","1,4,5","3,4,5","2,3,4","3,4,5","1,4,5","3,4,5","1,3","1,2","2,3","1,3","2,3","1,2","1,5","1,2","2,3","1,2","E11, E12, F01, F02, F03",16,"Mixed (2025-05-06; 2025-05-12)",5
"Lab_21",0.131901910248636,0.000848,0.207278063243918,131.901910248636,0.00486051514920451,0.0111111111111111,0.0167777777777778,0.00844444444444445,38820.6666666667,0.001272,0.00609802670425271,1.38564064605512e-05,0.0219574633728591,6.0980267042527,0.000625622928793829,0.000192450089729878,0.000693888666488711,0.000509175077217315,4166.16998373006,2.07846096908268e-05,0.00352069735922583,8.00000000000012e-06,0.0126771473890416,3.52069735922582,0.000361203566350319,0.000111111111111113,0.000400616808384888,0.000293972367896066,2405.33936159629,1.20000000000001e-05,0.0462315268426205,0.0163401019581972,0.105932403213457,0.0462315268426204,0.128715354152578,0.017320508075689,0.0413576026384,0.06029704861784,0.107318352348321,0.0163401019581972,5.19180483319445,1.88679245283022,12.1328250961326,5.19180483319446,14.7410248886187,2.00000000000004,4.63576158940397,6.57894736842103,12.2915629132249,1.88679245283022,3,3,3,3,3,3,3,3,3,3,"1,2,3","2,3,4","1,2,3","1,2,3","1,2,3","1,3,6","1,2,6","1,2,5","1,2,3","2,3,4","4,5,6","1,5,6","4,5,6","4,5,6","4,5,6","2,4,5","3,4,5","3,4,6","4,5,6","1,5,6","F02, F03, F04, F05, F06",16.85,"Mixed (2025-05-06; 2025-05-12)",6
"Lab_22",0.112733390607102,0.00076,0.198425515350775,112.733390607102,0.00105398409991791,0.0101111111111111,0.0107777777777778,0.00555555555555556,37141,0.00114,0.0235761217467851,1.38564064605517e-05,0.0119302076935164,23.5761217467851,5.64232511326888e-05,0.000192450089729878,0.000384900179459752,0.000693888666488713,2263.61635442051,2.07846096908275e-05,0.0136116802369538,8.00000000000038e-06,0.00688790862333982,13.6116802369538,3.25759792300117e-05,0.000111111111111113,0.000222222222222223,0.000400616808384889,1306.89951156672,1.20000000000006e-05,0.209131665603428,0.0182321137638838,0.0601243628997323,0.209131665603428,0.0535333039057075,0.0190335253579,0.0357123877849255,0.124899959967968,0.0609465645626265,0.0182321137638838,23.0779977899991,2.10526315789483,6.15688576950833,23.0779977899991,6.12466236685597,2.19780219780224,4.12371134020621,14,6.24108128483347,2.10526315789485,3,3,3,3,3,3,3,3,3,3,"1,2,3","1,5,6","1,2,3","1,2,3","4,5,6","2,3,6","1,2,4","2,4,6","1,2,3","1,5,6","4,5,6","2,3,4","4,5,6","4,5,6","1,2,3","1,4,5","3,5,6","1,3,5","4,5,6","2,3,4","F05, F06, F07, F08, F09",17.0333333333333,"Mixed (2025-05-06; 2025-05-12)",6
"Lab_23",0.0642339455195365,0.001072,0.0735932879357166,64.2339455195365,0.00109201468596352,0.00588888888888889,0.00977777777777778,-0.00111111111111111,13455.5555555556,0.001608,0.0100717473956931,0.000132181693134866,0.00724765195377491,10.0717473956931,9.26001145337118e-05,0.00107151675122144,0.00309719108105919,0.00397678448181628,1375.15657021031,0.0001982725397023,0.00581492607011332,7.63151361133556e-05,0.00418443380650466,5.81492607011333,5.34627010530287e-05,0.000618640484758892,0.00178816410438123,0.00229599759108576,793.947015988807,0.000114472704170033,0.156797894232261,0.123303818222823,0.0984825132436765,0.156797894232261,0.0847974992680689,0.181955674735716,0.31675817874469,-3.57910603363466,0.102199910255102,0.123303818222823,17.1435150538253,14.1791044776119,10.0731167002156,17.1435150538254,9.32698398711046,20.7547169811321,36.3636363636363,-110,10.4533443435177,14.1791044776119,3,3,3,3,3,3,3,3,3,3,"2,3,5","2,3,5","2,3,5","2,3,5","1,3,4","1,4,5","1,3,5","3,4,5","2,3,5","2,3,5","1,4","1,4","1,4","1,4","2,5","2,3","2,4","1,2","1,4","1,4","F10, F11, F12, C01, C02",24.56,"Mixed (2025-05-12; NA)",5
"Lab_24",0.0485190579840597,0.000823999999999999,0.0587910220698054,48.5190579840597,0.0013412315746553,0.00577777777777778,0.008,-0.000333333333333329,10647,0.001236,0.0180481961219288,0.000313228351207231,0.0201297260099625,18.0481961219288,0.000132795442240207,0.00171053381314896,0.00230940107675851,0.00152752523165195,3819.37835255948,0.000469842526810846,0.0104201308893828,0.000180842472887317,0.0116219027305653,10.4201308893828,7.6669484324539e-05,0.00098757715747951,0.00133333333333333,0.000881917103688198,2205.11911998725,0.000271263709330976,0.371981585624732,0.380131494183533,0.342394557897998,0.371981585624732,0.099010077565715,0.296053929198859,0.288675134594813,-4.5825756949559,0.358728125533905,0.380131494183533,40.9180142073628,42.7184466019418,39.0321609297718,40.9180142073628,10.779921445958,32.6923076923077,33.3333333333334,-100.000000000001,40.8941485864563,42.7184466019418,3,3,3,3,3,3,3,3,3,3,"1,2,3","1,2,3","1,2,3","1,2,3","2,4,5","2,3,5","1,2,3","1,2,3","1,2,3","1,2,3","4,5","4,5","4,5","4,5","1,3","1,4","4,5","4,5","4,5","4,5","G01, G02, G03, C03, C04",25.12,"Mixed (2025-05-12; NA)",5
"Lab_25",0.0111019285579621,0.000183999999999999,0.0123650682151719,11.1019285579621,0.00137858353984628,0.00766666666666667,0.00533333333333333,-0.000555555555555552,1838.22222222222,0.000275999999999999,0.00523840209909079,7.33212111192927e-05,0.00125240014314202,5.23840209909079,2.49186994396229e-05,0.00251661147842358,0.00360555127546399,0.00510265000142446,237.628172042265,0.000109981816678939,0.00302439286203357,4.2332020977033e-05,0.000723073559776169,3.02439286203357,1.43868178293217e-05,0.00145296631451356,0.00208166599946613,0.00294601635190286,137.19468909564,6.34980314655495e-05,0.471846136618662,0.398484843039635,0.101285340391841,0.471846136618662,0.0180755817252842,0.328253671098728,0.676040864149498,-9.18477000256408,0.129270644848911,0.398484843039635,53.0878897821532,43.4782608695649,11.1057783715711,53.0878897821532,1.98516954869488,34.7826086956521,75,-340.000000000003,14.1743230174081,43.4782608695649,3,3,3,3,3,3,3,3,3,3,"1,3,4","1,3,4","1,3,4","1,3,4","1,3,4","1,2,3","1,2,3","2,3,4","1,3,4","1,3,4","2","2","2","2","2","4","4","1","2","2","G04, G05, G06, C05",25.45,"Mixed (2025-05-12; NA)",4
"Lab_26",0.0880587295009176,0.00152,0.113495633698162,88.0587295009176,0.00156736026948518,0.0103333333333333,0.0144444444444444,-0.000111111111111108,21026.5555555556,0.00228,0.0201202262362011,0.000384998701296511,0.0300574929666946,20.1202262362011,0.000507010448548209,0.00264575131106459,0.00541944373255875,0.00646643756753398,5703.0551688774,0.000577498051944767,0.0116164180336269,0.000222279103831197,0.0173537016554864,11.6164180336269,0.000292722618951261,0.00152752523165195,0.00312891729785083,0.00373339947031365,3292.66043695465,0.000333418655746795,0.228486447059078,0.253288619274021,0.264833914638793,0.228486447059078,0.323480477602473,0.256040449457864,0.375192258407914,-58.1979381078074,0.271231070339077,0.253288619274021,22.9528035498185,26.3157894736842,29.4386050834547,22.9528035498184,34.4011866963434,29.0322580645162,40.7692307692308,-2900.00000000008,30.1497048705605,26.3157894736842,3,3,3,3,3,3,3,3,3,3,"1,3,5","1,3,5","1,3,5","1,3,5","1,4,5","1,2,3","1,3,5","2,4,5","1,3,5","1,3,5","2,4","2,4","2,4","2,4","2,3","4,5","2,4","1,3","2,4","2,4","G07, G08, G09, C07, C08",25.3,"Mixed (2025-05-12; NA)",5
"Lab_35",0.0223775064554178,0.000368,0.0343403749716771,22.3775064554178,0.0010709580002787,0.029,0.023,0.0106666666666667,6007.77777777778,0.000552,0.0076396011948961,0.000138564064605509,0.00826516948548487,7.6396011948961,5.34210221684088e-05,0.00152752523165194,0.00513160143944688,0.00152752523165194,1568.21853399658,0.000207846096908264,0.00441072580637465,7.99999999999996e-05,0.00477189782734257,4.41072580637465,3.08426415293158e-05,0.000881917103688193,0.00296273147243853,0.000881917103688195,905.411392751084,0.000119999999999999,0.341396446923893,0.376532784254102,0.240683728477098,0.341396446923893,0.0498815286449203,0.0526732838500669,0.223113106062908,0.14320549046737,0.261031381652842,0.376532784254102,39.3412730070087,43.478260869565,27.4602465270611,39.3412730070087,5.540371423465,5.74712643678159,24.6376811594203,15.625,29.781764379508,43.478260869565,3,3,3,3,3,3,3,3,3,3,"1,4,5","1,4,5","1,4,5","1,4,5","1,4,5","1,2,3","1,2,3","1,2,3","1,4,5","1,4,5","2,3","2,3","2,3","2,3","2,3","4,5","4,5","4,5","2,3","2,3","G10, G11, G12, C09, C10",24.78,"Mixed (2025-05-12; NA)",5
"Lab_36",0.0281373217880308,0.000472,0.0277910003843309,28.1373217880308,0.00112321430186319,0.0357777777777778,0.0251111111111111,0.0181111111111111,4765.11111111111,0.000708,0.00475906854010675,9.99199679743737e-05,0.00216768659468423,4.75906854010675,2.6575309648413e-05,0.00818082672631109,0.00880235658681705,0.00926362859870876,411.292992799447,0.000149879951961561,0.00274764950272251,5.76888204074234e-05,0.00125151443895968,2.74764950272251,1.53432621793089e-05,0.00472320251262939,0.0050820429449019,0.00534835846513722,237.460120108567,8.65332306111351e-05,0.169137225495683,0.211694847403334,0.0779995885252989,0.169137225495683,0.0236600527649352,0.228656647629813,0.350536324253776,0.511488695634226,0.0863134107912844,0.211694847403334,19.3630587830014,23.7288135593219,8.96809315920072,19.3630587830014,2.71806390645624,23.6024844720497,38.0530973451328,58.282208588957,9.92398451709182,23.7288135593219,3,3,3,3,3,3,3,3,3,3,"1,4,5","1,4,5","2,4,5","1,4,5","2,4,5","1,2,4","1,2,4","1,2,4","2,4,5","1,4,5","2,3","2,3","1,3","2,3","1,3","3,5","3,5","3,5","1,3","2,3","H01, H02, H03, C11, C12",25.04,"Mixed (2025-05-12; NA)",5
"Lab_37",0.203236978331577,0.003472,0.220206402189272,203.236978331577,0.00522952144992827,0.0574444444444444,0.0661111111111111,0.0321111111111111,41273.6666666667,0.005208,0.0229340114093099,0.000450493063209634,0.0182836513010826,22.9340114093099,0.000524063136798354,0.00920346150661281,0.00731310340973526,0.00353291402124103,3469.10742602954,0.000675739594814452,0.013240957660763,0.000260092291312142,0.0105560710004493,13.240957660763,0.000302567993102889,0.00531362097831926,0.00422222222222222,0.00203972886118731,2002.89010626589,0.000390138436968212,0.112843694083532,0.129750306223973,0.0830296082189628,0.112843694083532,0.100212446170489,0.160214997213763,0.110618370903558,0.11002154391408,0.0840513505632214,0.129750306223973,11.4334401752749,14.0552995391705,9.53610237602378,11.4334401752749,11.5099962726094,17.6015473887814,12.436974789916,11.7647058823529,9.65345135316304,14.0552995391705,3,3,3,3,3,3,3,3,3,3,"1,2,5","1,2,5","1,2,3","1,2,5","1,2,3","1,2,5","1,2,5","1,2,5","1,2,3","1,2,5","3,4","3,4","4,5","3,4","4,5","3,4","3,4","3,4","4,5","3,4","H04, H05, H06, D01, D02",25.32,"Mixed (2025-05-12; NA)",5
"Lab_38",0.0134496841740936,0.000368,0.0153059622761208,13.4496841740936,0.00132162383893568,0.0245555555555556,0.0155555555555556,-0.000555555555555557,2396.22222222222,0.000551999999999999,0.000885991561380133,0.000110851251684409,0.000505772149550536,0.885991561380133,9.52921498000017e-06,0.00157527187541754,0.0032885885748775,0.00397678448181628,95.9643066361038,0.000166276877526613,0.000511527466462557,6.40000000000004e-05,0.000292007686691617,0.511527466462557,5.50169483386891e-06,0.000909483641319162,0.00189866749895945,0.00229599759108576,55.4050182689504,9.60000000000006e-05,0.0658745253726258,0.301226227403285,0.0330441262317498,0.0658745253726258,0.00721023236662724,0.0641513433427957,0.211409265527839,-7.15821206726929,0.0400481665457171,0.301226227403285,7.34698078976808,34.7826086956524,3.80684429602766,7.34698078976808,0.830687068560603,7.2398190045249,24.2857142857143,-319.999999999999,4.61374385606974,34.7826086956524,3,3,3,3,3,3,3,3,3,3,"1,4,6","2,4,5","2,5,6","1,4,6","2,5,6","2,3,4","2,3,4","1,6,7","2,5,6","2,4,5","2,3,5,7","1,3,6,7","1,3,4,7","2,3,5,7","1,3,4,7","1,5,6,7","1,5,6,7","2,3,4,5","1,3,4,7","1,3,6,7","F09, F10, H07, H08, H09, D03, D04",20.7285714285714,"Mixed (2025-05-06; 2025-05-12; NA)",7
"Lab_39",0.0632302562302562,0.00124,0.0696480861657817,63.2302562302562,0.00102446755681009,0.0223333333333333,0.0583333333333333,0.0288888888888889,12707,0.00186,0.00311964536846602,0.000222997757836262,0.00294675840342136,3.11964536846601,2.88006514328072e-06,0.00602771377334171,0.0167032930884901,0.0081808267263111,559.112689893549,0.000334496636754393,0.00180112809326003,0.000128747815515449,0.00170131175745211,1.80112809326002,1.66280638575678e-06,0.00348010216963685,0.00964365076099296,0.0047232025126294,322.803862017376,0.000193121723273173,0.0493378574508012,0.179836901480856,0.0423092516340974,0.0493378574508012,0.0028112799904064,0.269897631642166,0.286342167231258,0.283182463603076,0.044000369079527,0.179836901480856,5.67438090850041,20,4.40411832822699,5.67438090850038,0.323818534302193,28.3582089552239,30.8571428571429,29.2307692307692,4.58015267175572,20,3,3,3,3,3,3,3,3,3,3,"1,5,6","4,5,6","4,5,6","1,5,6","1,2,3","1,2,3","4,5,6","1,4,5","4,5,6","4,5,6","2,3,4","1,2,3","1,2,3","2,3,4","4,5,6","4,5,6","1,2,3","2,3,6","1,2,3","1,2,3","F11, F12, G01, H10, H11, H12",17.9333333333333,"Mixed (2025-05-06; 2025-05-12)",6
"Lab_40",0.0301284828527065,0.00052,0.0475140812231918,30.1284828527065,0.00103635709893546,0.0251111111111111,0.0183333333333333,0.01,8507.33333333333,0.000780000000000001,0.00678596378925503,0.000123158434546725,0.00879811092178285,6.78596378925503,3.71604780874721e-05,0.00539890249478059,0.00458257569495584,0.00346410161513775,1669.33789269878,0.000184737651820088,0.00391787802043745,7.11055553385248e-05,0.00507959170905152,3.91787802043745,2.14546120270172e-05,0.00311705780869012,0.00264575131106459,0.002,963.792681718083,0.000106658333007787,0.225234168691154,0.236843143359087,0.185168495218391,0.225234168691154,0.0358568278498244,0.215000541827546,0.249958674270319,0.346410161513775,0.19622340248007,0.236843143359087,22.7190356601024,26.1538461538461,20.6650138417549,22.7190356601024,4.12201790694999,24.7787610619469,27.2727272727273,40,21.8987540161429,26.1538461538462,3,3,3,3,3,3,3,3,3,3,"1,2,3","1,2,3","1,2,3","1,2,3","1,2,3","1,2,5","1,2,3","1,2,3","1,2,3","1,2,3","4,5","4,5","4,5","4,5","4,5","3,4","4,5","4,5","4,5","4,5","A01, A02, A03, D05, D06",25.42,"Mixed (2025-05-15; NA)",5
"Lab_41",0.0919886930199431,0.001552,0.114522194289329,91.9886930199431,0.00228271115269549,0.0316666666666667,0.0283333333333333,0.0113333333333333,21221.3333333333,0.002328,0.00659270070848916,0.000132181693134867,0.00626002266954738,6.59270070848916,0.00016374137727549,0.0135769412362775,0.006,0.00404145188432738,1187.76554925625,0.0001982725397023,0.00380629752873285,7.63151361133559e-05,0.00361422577339634,3.80629752873285,9.45361282474845e-05,0.00783865067753656,0.00346410161513775,0.00233333333333333,685.756759597259,0.000114472704170034,0.0716685985206885,0.08516861671061,0.054662091556961,0.0716685985206885,0.0717310979455897,0.428745512724554,0.211764705882353,0.356598695675945,0.0559703544824194,0.08516861671061,7.52000789766333,8.76288659793817,5.53171744142683,7.52000789766334,7.27925542037887,49.4736842105263,21.1764705882353,38.2352941176471,5.66411158582558,8.76288659793817,3,3,3,3,3,3,3,3,3,3,"2,3,4","2,3,4","2,3,4","2,3,4","2,3,4","2,3,4","2,3,4","2,3,4","2,3,4","2,3,4","1","1","1","1","1","1","1","1","1","1","G06, A04, A05, A06",21.625,"Mixed (2025-05-06; 2025-05-15)",4
"Lab_42",0.062085425959318,0.00104,0.077156677095588,62.085425959318,0.00116184148687554,0.026,0.02,0.007,14131.6666666667,0.00156,0.00695350059801727,0.000133626344707921,0.00611955013711501,6.95350059801727,9.52852167013813e-05,0.00305505046330389,0.00208166599946613,0.001,1161.11254120061,0.000200439517061881,0.0040146054420755,7.71492060879437e-05,0.00353312391898276,4.01460544207549,5.50129455123343e-05,0.00176383420737639,0.00120185042515466,0.000577350269189626,670.368638221621,0.000115723809131916,0.111998919079231,0.128486869911462,0.0793132929964521,0.111998919079231,0.0820122346961678,0.117501940896303,0.104083299973307,0.142857142857143,0.0821638783724926,0.128486869911462,11.3064093512711,13.8461538461538,9.15555095715836,11.306409351271,8.29914820094612,12.8205128205128,11.6666666666667,14.2857142857143,9.48460903408421,13.8461538461538,3,3,3,3,3,3,3,3,3,3,"3,4,5","3,4,5","3,4,5","3,4,5","1,2,3","3,4,5","3,4,5","1,3,4","3,4,5","3,4,5","1,2","1,2","1,2","1,2","4,5","1,2","1,2","2,5","1,2","1,2","G08, G10, A07, A08, A09",18.96,"Mixed (2025-05-06; 2025-05-15)",5
"Lab_43",0.0665480449782776,0.003152,0.185301585283087,66.5480449782776,0.00423546216680189,0.035,0.0367777777777778,0.0135555555555556,34650.8888888889,0.004728,0.0130748288455369,0.000912946876877291,0.0197084047316433,13.0748288455369,0.000557497031969192,0.00272845092395749,0.00567972351961425,0.00138777733297742,3739.43760378384,0.00136942031531594,0.00754875595357902,0.000527090125120932,0.0113786527771124,7.54875595357902,0.00032187106147983,0.00157527187541754,0.00327918990297194,0.000801233616769777,2158.96530716241,0.000790635187681398,0.196472020324635,0.289640506623506,0.106358532775284,0.196472020324635,0.131626020966242,0.0779557406844997,0.154433570019723,0.102377016367187,0.107917508718887,0.289640506623506,20.3233455900002,29.6954314720812,11.7179475591739,20.3233455900002,14.4932831475934,8.5714285714286,17.8247734138973,11.4754098360656,11.8897062124428,29.6954314720812,3,3,3,3,3,3,3,3,3,3,"2,3,8","4,5,6","2,4,5","2,3,8","2,4,5","3,4,7","5,6,7","5,6,7","2,4,5","4,5,6","1,4,5,6,7","1,2,3,7,8","1,3,6,7,8","1,4,5,6,7","1,3,6,7,8","1,2,5,6,8","1,2,3,4,8","1,2,3,4,8","1,3,6,7,8","1,2,3,7,8","G11, G12, H01, A10, A11, A12, D07, D08",19.375,"Mixed (2025-05-06; 2025-05-15; NA)",8
"Lab_44",0.123158469945355,0.002064,0.140648249174868,123.158469945355,0.00298492908597748,0.0252222222222222,0.0265555555555556,0.00833333333333333,26178.4444444444,0.003096,0.00257078734327737,8.42852300228209e-05,0.00606818618628671,2.57078734327738,0.000166683586268129,0.00245703826527733,0.00397678448181629,0.00115470053837925,1151.36683667396,0.000126427845034231,0.00148424476467047,4.86621002423852e-05,0.0035034689281454,1.48424476467048,9.62348134013966e-05,0.00141857170386708,0.00229599759108576,0.000666666666666665,664.741953089717,7.29931503635778e-05,0.0208738168346685,0.0408358672591187,0.0431444132570903,0.0208738168346686,0.0558417240299513,0.0974156140418325,0.149753390528647,0.13856406460551,0.0439814840456763,0.0408358672591187,2.4027394257019,4.26356589147282,4.48377404399527,2.40273942570191,5.80908164513138,11.0132158590308,17.1548117154812,16,4.57076644907175,4.26356589147282,3,3,3,3,3,3,3,3,3,3,"4,5,6","4,5,6","1,2,5","4,5,6","1,2,5","1,4,5","1,4,5","3,4,5","1,2,5","4,5,6","1,2,3","1,2,3","3,4,6","1,2,3","3,4,6","2,3,6","2,3,6","1,2,6","3,4,6","1,2,3","H02, H03, H04, B01, B02, B03",17.4333333333333,"Mixed (2025-05-06; 2025-05-15)",6
"Lab_45",0.0847124799504229,0.00146933333333333,0.0879780194596412,84.7124799504229,0.00162526167181004,0.00933333333333333,0.0211111111111111,0.003,16184.8888888889,0.002204,0.0046346771322961,0.000114356168759422,0.00438705653162256,4.6346771322961,0.00010048218730676,0.00115470053837925,0.00211695098702863,0,832.392290885688,0.000171534253139132,0.00267583208993816,6.60235648167463e-05,0.00253286826948239,2.67583208993816,5.80134178903202e-05,0.000666666666666665,0.00122222222222222,0,480.581913214221,9.90353472251195e-05,0.0547106770455605,0.0778286085023286,0.0498653704478431,0.0547106770455605,0.0618252365447427,0.123717914826348,0.100276625701356,0,0.0514302134911247,0.0778286085023287,6.30651022540239,8.52994555353901,5.30435177219466,6.3065102254024,6.60540625245155,14.2857142857143,11.578947368421,0,5.47080953427064,8.52994555353901,3,3,3,3,3,3,3,3,3,3,"4,6,8","4,6,8","3,5,6","4,6,8","3,5,6","1,2,3","4,6,8","1,2,3","3,5,6","4,6,8","1,2,3,5,7","1,2,3,5,7","1,2,4,7,8","1,2,3,5,7","1,2,4,7,8","4,5,6,7,8","1,2,3,5,7","4,5,6,7,8","1,2,4,7,8","1,2,3,5,7","H05, H06, H07, B04, B05, B06, D09, D10",19.5625,"Mixed (2025-05-07; 2025-05-15; NA)",8
"Lab_46",0.0349040781666997,0.000517333333333334,0.0492632748830991,34.9040781666997,0.00102166687083632,0.0142222222222222,0.0108888888888889,0.00266666666666667,8839.22222222222,0.000776000000000001,0.00255505337721284,0.000136782065101143,0.00138822992453132,2.55505337721283,5.94105901539937e-06,0.0028349668493718,0.00126197963240006,0.000577350269189624,263.400272785933,0.000205173097651715,0.00147516075512769,7.89711621064579e-05,0.000801494920625251,1.47516075512769,3.43007202181228e-06,0.00163676887362847,0.000728604280478,0.000333333333333333,152.074218397579,0.000118456743159687,0.0732021446035634,0.264398321716127,0.0281798140262815,0.0732021446035634,0.0058150647583748,0.199333606596454,0.115896088689802,0.216506350946109,0.0297990327840986,0.264398321716127,8.32016864284486,30.4123711340206,3.17863598533833,8.32016864284485,0.661859657836281,22.65625,13.265306122449,24.9999999999999,3.36128115847297,30.4123711340206,3,3,3,3,3,3,3,3,3,3,"2,4,5","3,4,5","2,5,6","2,4,5","2,5,6","3,4,5","3,4,5","1,2,4","2,5,6","3,4,5","1,3,6","1,2,6","1,3,4","1,3,6","1,3,4","1,2,6","1,2,6","3,5,6","1,3,4","1,2,6","H08, H09, H10, B07, B08, B09",17.05,"Mixed (2025-05-07; 2025-05-15)",6
"Lab_48",0.0831192308607863,0.001432,0.0971262964449347,83.1192308607863,0.00184565570428261,0.022,0.0216666666666667,0.006,17920.6666666667,0.002148,0.0142904306255486,0.000181725067065609,0.0108984326971472,14.2904306255486,0.0002687033708189,0.00404145188432738,0.00321455025366432,0,2067.8492046891,0.000272587600598414,0.00825058396849615,0.000104919016388832,0.00629221305144293,8.25058396849615,0.000155135963474452,0.00233333333333333,0.00185592145427668,0,1193.8732949708,0.000157378524583248,0.171926887166258,0.12690297979442,0.112208877472498,0.171926887166258,0.145586942459207,0.183702358378517,0.14836385786143,0,0.115389078048943,0.12690297979442,19.8220203303055,14.5251396648045,12.717571728153,19.8220203303055,16.5316522722379,19.6969696969697,16.9230769230769,0,13.0780104906812,14.5251396648045,3,3,3,3,3,3,3,3,3,3,"2,3,4","2,3,4","2,3,4","2,3,4","2,3,4","2,3,4","2,3,4","1,2,4","2,3,4","2,3,4","1","1","1","1","1","1","1","3","1","1","H11, B10, B11, B12",21.925,"Mixed (2025-05-07; 2025-05-15)",4
"Lab_49",0.0620422339538761,0.000992000000000001,0.0793658612542757,62.0422339538761,0.00143600465787455,0.0193333333333333,0.0163333333333333,0.005,14550.8333333333,0.001488,0.00358366982185125,3.39411254969543e-05,0.00140498450221251,3.58366982185125,2.91055774358496e-05,0,0,0,266.579256507328,5.09116882454316e-05,0.0025340372325646,2.4e-05,0.000993474068976471,2.53403723256461,2.05807511752394e-05,0,0,0,188.5,3.60000000000001e-05,0.0577617792504932,0.034214844250962,0.0177026303250356,0.0577617792504933,0.0202684422200476,0,0,0,0.0183205490984934,0.0342148442509621,4.08437458014241,2.41935483870969,1.25176499476713,4.08437458014242,1.43319529378834,0,0,0,1.29545845026058,2.41935483870969,2,2,2,2,2,2,2,2,2,2,"1,2","1,2","1,2","1,2","1,2","1,3","1,2","1,2","1,2","1,2","3","3","3","3","3","2","3","3","3","3","C01, C02, C03",23.7333333333333,"2025-05-15",3
"Lab_50",0.0230449790794979,0.000368,0.0251227041301067,23.0449790794979,0.00115890530495889,0.0218333333333333,0.0118333333333333,0.0055,4258.83333333333,0.000552,0.00205771031931065,3.39411254969543e-05,0.00238139283001006,2.05771031931065,3.38351615655928e-05,0.000707106781186548,0.000707106781186548,0.000707106781186548,451.841233178204,5.09116882454315e-05,0.00145502092050209,2.4e-05,0.00168389901876914,1.45502092050209,2.39250721855731e-05,5e-04,5e-04,5e-04,319.5,3.60000000000001e-05,0.0892910473996177,0.092231319285202,0.0947904659338098,0.0892910473996176,0.0291957948771259,0.0323865701306816,0.0597555026354829,0.128564869306645,0.106095072949134,0.0922313192852019,6.31383051155192,6.52173913043479,6.70269812536293,6.31383051155191,2.06445445397473,2.29007633587786,4.22535211267606,9.0909090909091,7.50205455328142,6.5217391304348,2,2,2,2,2,2,2,2,2,2,"1,3","1,3","2,3","1,3","2,3","1,3","1,3","1,3","2,3","1,3","2","2","1","2","1","2","2","2","1","2","C04, C05, C06",24.4666666666667,"2025-05-15",3
"Lab_51",0.0278195331309536,0.000452,0.0376215038891396,27.8195331309536,0.00106489901204506,0.0228333333333333,0.0123333333333333,0.005,6630.33333333333,0.000678,0.0255041047341816,0.000424264068711929,0.0131703321772388,25.5041047341816,7.19448160445044e-05,0.00353553390593274,0.00424264068711929,0,2498.91536471326,0.000636396103067893,0.0180341254056317,3e-04,0.00931283119300493,18.0341254056318,5.08726672962878e-05,0.0025,0.003,0,1767,0.00045,0.916769688913444,0.938637320159134,0.350074580113761,0.916769688913444,0.0675602242379208,0.154840900989755,0.343997893550213,0,0.376891362633341,0.938637320159134,64.8254063816978,66.3716814159292,24.7540109519474,64.8254063816978,4.77722926971176,10.9489051094891,24.3243243243243,0,26.6502438288673,66.3716814159292,2,2,2,2,2,2,2,2,2,2,NA,NA,NA,NA,NA,NA,NA,NA,NA,NA,NA,NA,NA,NA,NA,NA,NA,NA,NA,NA,"C07, C08",23.95,"2025-05-15",2
"Lab_57",0.098595146871009,0.001656,0.114705780567327,98.595146871009,0.00228727923615342,0.0221666666666667,0.0311666666666667,0.0161666666666667,21256.1666666667,0.002484,0.000939196746403543,6.78822509939093e-05,0.00629447963988577,0.939196746403544,0.000164723755719746,0.0148492424049175,0.0120208152801713,0.0120208152801713,1194.30335342408,0.000101823376490864,0.000664112388250288,4.80000000000005e-05,0.00445086923740388,0.664112388250288,0.000116477284691948,0.0105,0.00849999999999999,0.0085,844.5,7.20000000000009e-05,0.00952579083463697,0.0409916974600901,0.0548749994006725,0.00952579083463698,0.072017335319655,0.669890634808308,0.385694607919935,0.743555584340493,0.0561862057328028,0.0409916974600902,0.673575129533646,2.89855072463771,3.88024841938233,0.673575129533647,5.09239461675136,47.3684210526316,27.2727272727272,52.5773195876288,3.97296470828073,2.89855072463772,2,2,2,2,2,2,2,2,2,2,NA,NA,NA,NA,NA,NA,NA,NA,NA,NA,NA,NA,NA,NA,NA,NA,NA,NA,NA,NA,"E01, E02",25.2,NA,2
"Lab_58",0.0557057619186897,0.000972,0.0566521101706386,55.7057619186897,0.00107766032872314,0.0261666666666667,0.0246666666666667,0.0141666666666667,10241.1666666667,0.001458,0.0122030209175581,0.000220617315730204,0.00550440877922515,12.2030209175581,5.31027758437082e-05,0.00212132034355964,0.00141421356237309,0.00353553390593274,1044.39671581253,0.000330925973595305,0.00862883884176663,0.000156000000000001,0.00389220477421287,8.62883884176663,3.75493328989153e-05,0.0015,0.000999999999999994,0.0025,738.5,0.000234000000000001,0.219062095145025,0.226972547047535,0.0971615843195538,0.219062095145025,0.0492759865315137,0.0810695672697953,0.0573329822583684,0.249567099242311,0.101980247935215,0.226972547047535,15.490029297798,16.0493827160494,6.87036151431851,15.490029297798,3.48433842260903,5.73248407643313,4.05405405405403,17.6470588235294,7.21109248620763,16.0493827160494,2,2,2,2,2,2,2,2,2,2,NA,NA,NA,NA,NA,NA,NA,NA,NA,NA,NA,NA,NA,NA,NA,NA,NA,NA,NA,NA,"E03, E04",26.15,NA,2
"Lab_59",0.0474871794871795,0.000792,0.0490574357229192,47.4871794871795,0.00104925182905916,0.0171666666666667,0.0161666666666667,0.00766666666666667,8800.16666666667,0.001188,0.0068172346083626,3.3941125496954e-05,0.0119516851421632,6.8172346083626,4.47200241814213e-05,0.0106066017177982,0.00636396103067893,0.00565685424949238,2267.69144726526,5.09116882454311e-05,0.00482051282051281,2.39999999999998e-05,0.0084511176106301,4.82051282051281,3.16218323535094e-05,0.0075,0.0045,0.004,1603.5,3.59999999999998e-05,0.143559476094029,0.042854956435548,0.243626373169348,0.143559476094029,0.0426208684539732,0.617860294240672,0.393647074062614,0.737850554281614,0.25768732947466,0.0428549564355481,10.1511879049676,3.03030303030301,17.226986054393,10.1511879049676,3.01375051038643,43.6893203883495,27.8350515463917,52.1739130434782,18.2212458097385,3.03030303030301,2,2,2,2,2,2,2,2,2,2,NA,NA,NA,NA,NA,NA,NA,NA,NA,NA,NA,NA,NA,NA,NA,NA,NA,NA,NA,NA,"E05, E06",25.2,NA,2
"Lab_60",0.0325348098155489,0.000516,0.0406432110485376,32.5348098155489,0.00109570071124206,0.0401666666666667,0.0256666666666667,0.0166666666666667,7203.66666666667,0.000774,0.0304656156276514,0.000458205194208883,0.0197964925086283,30.4656156276514,5.8587768047317e-05,0.0120208152801713,0.014142135623731,0.00989949493661167,3756.15122166294,0.000687307791313324,0.0215424434033352,0.000324,0.0139982340965597,21.5424434033352,4.14278080808424e-05,0.0085,0.01,0.007,2656,0.000486,0.936400606008504,0.887994562420316,0.487079932857338,0.936400606008504,0.0534705941560479,0.299273409464846,0.550992297028479,0.5939696961967,0.521422130627404,0.887994562420316,66.2135218415806,62.7906976744186,34.4417523503312,66.2135218415806,3.78094197218152,21.1618257261411,38.961038961039,42,36.8701124427375,62.7906976744186,2,2,2,2,2,2,2,2,2,2,NA,NA,NA,NA,NA,NA,NA,NA,NA,NA,NA,NA,NA,NA,NA,NA,NA,NA,NA,NA,"E07, E08",24.75,NA,2
"Lab_61",0.0435160944206008,0.000683999999999999,0.0476634097746737,43.5160944206008,0.00104920882701178,0.0571666666666667,0.0496666666666667,0.0406666666666667,8535.66666666667,0.001026,0.0127506830092502,0.00018667619023325,0.0127827502455939,12.7506830092502,3.33618080023944e-05,0.0502045814642449,0.0424264068711928,0.0424264068711929,2425.37625946986,0.000280014285349875,0.0090160944206009,0.000132000000000001,0.00903876938087348,9.0160944206009,2.35903606711367e-05,0.0355,0.03,0.03,1715,0.000198000000000001,0.293010739567059,0.272918406773757,0.268187909887768,0.293010739567058,0.0317971095395863,0.878214253018861,0.854222957138111,1.0432723001113,0.284146084211722,0.272918406773757,20.7189880908352,19.2982456140352,18.9637489713887,20.7189880908353,2.2483951777573,62.0991253644315,60.4026845637584,73.7704918032787,20.0921622993713,19.2982456140352,2,2,2,2,2,2,2,2,2,2,NA,NA,NA,NA,NA,NA,NA,NA,NA,NA,NA,NA,NA,NA,NA,NA,NA,NA,NA,NA,"E09, E10",23.65,NA,2
"Lab_62",0.0436197926141532,0.000672,0.0321736469697832,43.6197926141532,0.00114053753201347,0.0246666666666667,0.0166666666666667,0.00766666666666667,5596.66666666667,0.001008,0.0467763291765602,0.00071276363543604,0.019729411020459,46.7763291765602,0.000180916931008329,0.0282842712474619,0.0240416305603426,0.015556349186104,3743.42329960158,0.00106914545315406,0.0330758595597599,0.000504,0.0139508003213831,33.0758595597599,0.000127927588747448,0.02,0.017,0.011,2647,0.000756,1.07236477693346,1.06066017177982,0.61321649482225,1.07236477693346,0.158624267882657,1.14665964516737,1.44249783362056,2.02908902427444,0.668866581227204,1.06066017177982,75.8276405675249,75,43.3609541824259,75.8276405675249,11.2164295480578,81.0810810810811,102,143.478260869565,47.2960095294818,75,2,2,2,2,2,2,2,2,2,2,NA,NA,NA,NA,NA,NA,NA,NA,NA,NA,NA,NA,NA,NA,NA,NA,NA,NA,NA,NA,"E11, E12",23.45,NA,2
"Lab_63",0.0701067667003319,0.001104,0.0733066356770877,70.1067667003319,0.00137517997202134,0.0131666666666667,0.0151666666666667,0.00416666666666667,13401.1666666667,0.001656,0.0201450447284801,0.000339411254969543,0.0244139349442816,20.1450447284801,0.000436479136945501,0.00919238815542512,0.0120208152801713,0.00919238815542512,4632.25652355307,0.000509116882454315,0.0142446977348146,0.00024,0.0172632589545487,14.2446977348146,0.000308637357580616,0.0065,0.0085,0.0065,3275.5,0.00036,0.287348078889292,0.307437730950673,0.333038540355663,0.287348078889292,0.317397828521262,0.698156062437351,0.792581227264042,2.20617315730203,0.345660690503544,0.307437730950673,20.3185775143545,21.7391304347826,23.5493810281959,20.3185775143545,22.4434156881269,49.3670886075949,56.0439560439561,156,24.441901824468,21.7391304347826,2,2,2,2,2,2,2,2,2,2,NA,NA,NA,NA,NA,NA,NA,NA,NA,NA,NA,NA,NA,NA,NA,NA,NA,NA,NA,NA,"F01, F02",23.55,NA,2
"Lab_64",0.0199425304602348,0.00036,0.033587876192641,19.9425304602348,0.00106005006627708,0.008,0.00633333333333333,-0.000666666666666665,5865,0.00054,0.00173055501646093,4.15692193816528e-05,0.000635131104120099,1.73055501646093,5.48794827142707e-06,0.00208166599946613,0.00208166599946613,0.0055075705472861,120.5086442266,6.23538290724793e-05,0.000999136404601173,2.39999999999999e-05,0.000366693113934443,0.999136404601173,3.16846841180716e-06,0.00120185042515466,0.00120185042515466,0.00317979733805648,69.5756981839045,3.59999999999998e-05,0.0867771028311393,0.115470053837924,0.0189095345141011,0.0867771028311393,0.0051770651651397,0.260208249933267,0.328684105178863,-8.26135582092917,0.0205470834145951,0.115470053837925,9.3629875929068,13.3333333333333,2.09742169363835,9.3629875929068,0.572264366428006,29.1666666666667,36.8421052631579,-400.000000000001,2.2790565501563,13.3333333333333,3,3,3,3,3,3,3,3,3,3,"1,3,4","1,2,4","1,2,4","1,3,4","1,2,4","1,2,3","2,3,6","3,4,5","1,2,4","1,2,4","2,5,6","3,5,6","3,5,6","2,5,6","3,5,6","4,5,6","1,4,5","1,2,6","3,5,6","3,5,6","F07, F08, F09, F10, F11, F12",23.9333333333333,NA,6
"Lab_65",0.0887187008155673,0.001404,0.0843507996640383,88.7187008155673,0.0015478965646052,0.0176666666666667,0.0221666666666667,0.00866666666666667,15496.6666666667,0.002106,0.0245216011670029,0.000424264068711928,0.00945848983187098,24.5216011670029,0.000207729504352704,0.00282842712474619,0.00636396103067892,0.00282842712474619,1794.63701065146,0.000636396103067891,0.0173393904707397,0.000299999999999999,0.00668816229989998,17.3393904707397,0.000146886941180318,0.002,0.0045,0.002,1269,0.000449999999999999,0.276397207596396,0.302182385122456,0.112132782019178,0.276397207596396,0.134201153425059,0.160099648570539,0.287095986346418,0.326356975932253,0.115807937878132,0.302182385122456,19.5442339792437,21.3675213675213,7.92898505590739,19.5442339792437,9.48945456299158,11.3207547169811,20.3007518796992,23.0769230769231,8.18885781888579,21.3675213675213,2,2,2,2,2,2,2,2,2,2,NA,NA,NA,NA,NA,NA,NA,NA,NA,NA,NA,NA,NA,NA,NA,NA,NA,NA,NA,NA,"F03, F04",23.65,NA,2
"Lab_66",0.0519516806722689,0.000828,0.0561092569658397,51.9516806722689,0.00108294038492141,0.0106666666666667,0.0111666666666667,0.00266666666666667,10138.1666666667,0.001242,0.0050180813169079,8.48528137423858e-05,0.00940258859172989,5.0180813169079,8.62518427374987e-05,0,0.000707106781186548,0,1784.03040893366,0.000127279220613579,0.00354831932773109,6e-05,0.00664863415391947,3.54831932773109,6.0989262889521e-05,0,5e-04,0,1261.5,9e-05,0.0965913181628112,0.102479243650224,0.167576423217551,0.0965913181628112,0.0796459749201784,0,0.0633229953301386,0,0.175971698591165,0.102479243650224,6.83003760766711,7.24637681159421,11.8494425224117,6.83003760766711,5.63182089602719,0,4.47761194029851,0,12.4430781370728,7.2463768115942,2,2,2,2,2,2,2,2,2,2,NA,NA,NA,NA,NA,NA,NA,NA,NA,NA,NA,NA,NA,NA,NA,NA,NA,NA,NA,NA,"F05, F06",23.9,NA,2
"Lab_70",0.334046400977779,0.00386,0.292649196126106,334.046400977779,0.00731505933504551,0.0273333333333333,0.0533333333333333,0.0165,55018.8333333333,0.00579,0.0144740891591509,5.09116882454305e-05,0.0172809367022796,14.4740891591509,0.000499551553521492,0.00282842712474618,0.0014142135623731,0.00212132034355964,3278.85414436202,7.63675323681456e-05,0.0102347265959343,3.59999999999994e-05,0.0122194675274374,10.2347265959343,0.000353236291047321,0.00199999999999999,0.001,0.0015,2318.5,5.39999999999989e-05,0.0433295767198334,0.013189556540267,0.0590500057100211,0.0433295767198333,0.0682908409407159,0.103479041149251,0.0265165042944956,0.128564869306645,0.0595951230826175,0.0131895565402669,3.0638637524537,0.932642487046621,4.17546594666603,3.0638637524537,4.82889167221121,7.31707317073169,1.875,9.09090909090908,4.21401156573658,0.932642487046621,2,2,2,2,2,2,2,2,2,2,"1,2","1,2","1,2","1,2","1,2","1,3","2,3","2,3","1,2","1,2","3","3","3","3","3","2","1","1","3","3","C09, C10, C11",16.8611666666667,"2025-05-15",3
"Lab_71",0.0980284510293682,0.00133333333333333,0.120506462789695,98.0284510293682,0.00245473104132459,0.038,0.0284444444444444,0.0186666666666667,22356.7777777778,0.002,0.00734883949382184,0.000178228317989407,0.0247997877976745,7.34883949382185,0.000642320695429877,0.0055075705472861,0.01209836230117,0.00208166599946613,4705.46755656926,0.000267342476984111,0.00424285445998939,0.000102900167368399,0.014318164160833,4.2428544599894,0.000370844026412507,0.00317979733805648,0.00698499273133409,0.00120185042515466,2716.70296044832,0.000154350251052598,0.0749663941096062,0.133671238492056,0.205796330118448,0.0749663941096062,0.261666424800363,0.144936067033845,0.425333049650506,0.111517821399972,0.210471634299931,0.133671238492056,8.36745735038695,15.4,23.5564667474835,8.36745735038695,29.9234305753696,14.9122807017544,48.4375,12.5,24.0916252093573,15.4,3,3,3,3,3,3,3,3,3,3,"2,3,4","2,3,5","2,3,5","2,3,4","2,3,5","1,2,3","2,3,5","1,2,3","2,3,5","2,3,5","1,5","1,4","1,4","1,5","1,4","4,5","1,4","4,5","1,4","1,4","C12, D01, D02, G01, G02",15.2762,"Mixed (2025-05-15; NA)",5
"Lab_72",0.314169552230201,0.00318933333333333,0.118309283475342,314.169552230201,0.00681427929131019,0.038,0.0212222222222222,0.00911111111111111,21939.8888888889,0.004784,0.0216667494554083,0.0010620533571028,0.0404440803376875,21.6667494554083,0.00290214759437477,0.0166232768530556,0.00518901974614916,0.00287389270141724,7673.7877532208,0.0015930800356542,0.0125093036305441,0.000613176791617049,0.0233504006700907,12.5093036305441,0.0016755556948403,0.00959745336592531,0.0029958819472695,0.00165924272478534,4430.46342502608,0.000919765187425574,0.0689651473276201,0.333001679693605,0.341850437680293,0.0689651473276201,0.425892081951453,0.437454654027778,0.24450878384996,0.315427247716526,0.349764203095261,0.333001679693605,7.63732366989742,38.2943143812709,34.295378902917,7.63732366989742,48.8919888239023,46.4912280701754,25.6544502617801,34.1463414634147,35.0893096794778,38.2943143812709,3,3,3,3,3,3,3,3,3,3,"2,3,5","2,3,5","1,4,5","2,3,5","2,3,5","1,2,3","1,4,5","1,4,5","1,4,5","2,3,5","1,4","1,4","2,3","1,4","1,4","4,5","2,3","2,3","2,3","1,4","D03, D04, D05, G03, G04",14.1984,"Mixed (2025-05-15; NA)",5
"Lab_73",0.765927090736439,0.00479466666666667,0.207940964892065,765.92709073644,0.00494655256179477,0.0374444444444444,0.0651111111111111,0.0275555555555556,38946.4444444444,0.007192,0.429182371585864,0.00212466405187581,0.122482418051517,429.182371585864,0.00343114821737694,0.00966283448944306,0.0294813186297382,0.00905129415751836,23239.595801929,0.00318699607781372,0.247788557766541,0.00122667536228802,0.0707152570330397,247.788557766541,0.00198097434693208,0.00557884009361475,0.0170210472469445,0.00522576711835771,13417.3868921018,0.00184001304343203,0.560343636850872,0.443130711598125,0.589024957709001,0.560343636850872,0.69364434614074,0.258057894376818,0.45278475711202,0.32847438474865,0.596706480743817,0.443130711598125,64.6269784111641,44.9388209121246,60.0311244439206,64.6269784111641,71.3571678516425,28.7833827893175,51.8771331058021,34.6774193548387,60.8139952869753,44.9388209121246,3,3,3,3,3,3,3,3,3,3,"2,3,4","2,3,4","1,2,4","2,3,4","1,2,4","1,2,3","1,2,3","1,2,3","1,2,4","2,3,4","1","1","3","1","3","4","4","4","3","1","D12, E01, G05, G06",12.050875,"Mixed (2025-05-15; NA)",4
"Lab_74",1.36386996031742,0.017888,NA,1363.86996031742,NA,0.0568333333333333,0.202833333333333,0.053,NA,0.026832,0.57938307436903,0.00814587011926902,NA,579.38307436903,NA,0.0134350288425444,0.0784888527117067,0.00989949493661166,NA,0.0122188051789035,0.409685700791051,0.00576,NA,409.685700791051,NA,0.0095,0.0555,0.007,NA,0.00863999999999999,0.424808149769782,0.455381826882213,NA,0.424808149769782,NA,0.236393469370283,0.386962297674807,0.186782923332296,NA,0.455381826882213,30.0384723405524,32.2003577817531,-Inf,30.0384723405524,-Inf,16.7155425219941,27.3623664749384,13.2075471698113,-Inf,32.2003577817531,2,2,2,2,2,2,2,2,2,2,NA,NA,NA,NA,NA,NA,NA,NA,NA,NA,NA,NA,NA,NA,NA,NA,NA,NA,NA,NA,"E02, E03",19.533,"2025-05-15",2
"Lab_75",1.5450846885062,0.016496,NA,1545.0846885062,NA,0.0658333333333333,0.221833333333333,0.089,NA,0.024744,0.820178541626824,0.00919804500967461,NA,820.178541626824,NA,0.0106066017177982,0.130814754519511,0.0650538238691623,NA,0.0137970675145119,0.57995380856802,0.006504,NA,579.95380856802,NA,0.0075,0.0925,0.046,NA,0.009756,0.53083080023256,0.557592447240216,NA,0.53083080023256,NA,0.161112937485543,0.589698367480892,0.730941841226543,NA,0.557592447240216,37.5354058507125,39.4277400581959,-Inf,37.5354058507125,-Inf,11.3924050632912,41.6979714500375,51.685393258427,-Inf,39.4277400581959,2,2,2,2,2,2,2,2,2,2,NA,NA,NA,NA,NA,NA,NA,NA,NA,NA,NA,NA,NA,NA,NA,NA,NA,NA,NA,NA,"E04, E05",15.88225,"2025-05-15",2
