"join_id","Protein_mg_per_g_mean","Protein_mg_total_mean","X600_mean","con_mg_per_ml_mean","Protein_mg_per_g_sd","Protein_mg_total_sd","X600_sd","con_mg_per_ml_sd","Protein_mg_per_g_se","Protein_mg_total_se","X600_se","con_mg_per_ml_se","Protein_mg_per_g_cv","Protein_mg_total_cv","X600_cv","con_mg_per_ml_cv","Protein_mg_per_g_max_dev_pct","Protein_mg_total_max_dev_pct","X600_max_dev_pct","con_mg_per_ml_max_dev_pct","Protein_mg_per_g_n","Protein_mg_total_n","X600_n","con_mg_per_ml_n","Protein_mg_per_g_included_rows","Protein_mg_total_included_rows","X600_included_rows","con_mg_per_ml_included_rows","Protein_mg_per_g_excluded_rows","Protein_mg_total_excluded_rows","X600_excluded_rows","con_mg_per_ml_excluded_rows","join_ids","avg_sample_weight","replicate_date","replicate_count","Sample Code","Location","region","variety","Ind_ID","Life_S","Large Ind?"
"Lab_01",34.8410733262455,0.480623608036831,0.163055555555556,0.961247216073662,1.85154378539845,0.096593714568907,0.0299955243575018,0.193187429137814,1.06898930291618,0.0557684071083843,0.0173179240622876,0.111536814216769,0.0531425587283415,0.200975800925503,0.183958922805803,0.200975800925503,5.83995671355544,21.7384038034809,19.8977853492334,21.7384038034809,3,3,3,3,134,235,235,235,25,14,14,14,"A01, A02, A04, A05, A06",16.9,"Mixed (2025-05-30; 2025-06-07)",5,"R01","Mendieta","Paracas","C.Cham","I45","Tetra","Yes"
"Lab_02",18.054735905649,0.282040235150196,0.101388888888889,0.564080470300391,5.15991480056787,0.184391821734115,0.0572597234181752,0.36878364346823,2.9790781991034,0.106458667914557,0.033058916729207,0.212917335829114,0.285792870498507,0.653778428584562,0.564753436453235,0.653778428584562,32.6649251614922,73.2006006576833,63.2328767123288,73.2006006576833,3,3,3,3,145,145,145,145,23,23,23,23,"A03, A04, A07, A08, A09",16.46,"Mixed (2025-05-30; 2025-06-07)",5,"R02","Mendieta","Paracas","C.Cham","I38","Tetra","Yes"
"Lab_03",40.0882674845062,0.796389061320535,0.261111111111111,1.59277812264107,2.41499928392927,0.348937125717932,0.10835645052497,0.697874251435864,1.39430048666932,0.201458943463502,0.0625596258790241,0.402917886927005,0.0602420467500286,0.438149068922846,0.414982150946695,0.438149068922846,6.78876321499154,50.4550184974879,47.7872340425532,50.4550184974879,3,3,3,3,124,124,124,124,3,3,3,3,"A05, A06, A10, A12",17.85,"Mixed (2025-05-30; 2025-06-07)",4,"R04","Mendieta","Paracas","C.Cham","I26","Carp","Yes"
"Lab_04",23.1554227248873,0.342151958834799,0.120055555555556,0.684303917669598,6.79932354458752,0.0476808367746618,0.0148064675558177,0.0953616735493236,3.92559127877497,0.0275285439470376,0.0085485180290988,0.0550570878940752,0.293638497788237,0.13935573228059,0.123330132348319,0.13935573228059,29.6950846655528,15.7386460636313,13.9287366959741,15.7386460636313,3,3,3,3,134,245,245,245,25,13,13,13,"A07, A08, B01, B02, B03",15.7,"Mixed (2025-05-30; 2025-06-07)",5,"R02","Mendieta","Paracas","C.Cham","I37","Carp","Yes"
"Lab_05",28.8465029844078,0.251805469368357,0.092,0.503610938736713,2.2644287850211,0.0607883890556887,0.0188767935130237,0.121576778111377,1.30736856859267,0.0350961927849056,0.0108985218161812,0.0701923855698112,0.0784992477682676,0.241410121901537,0.20518253818504,0.241410121901537,8.78315825770543,26.4300317522479,22.463768115942,26.4300317522479,3,3,3,3,145,345,345,345,23,12,12,12,"A09, A10, D03, D04, D05",16.02,"Mixed (2025-05-30; 2025-06-07)",5,"R05","Mendieta","Paracas","C.Cham","I47","Gam","Yes"
"Lab_06",47.3358519454682,1.17280295010746,0.378,2.34560590021491,5.30885466486255,0.111576694546261,0.0346482322781408,0.223153389092523,3.75392713385815,0.0788966373360416,0.0245,0.157793274672083,0.112152933699777,0.0951367785492342,0.0916619901538117,0.0951367785492342,7.93040999490775,6.72718612524064,6.48148148148149,6.72718612524064,2,2,2,2,NA,NA,NA,NA,NA,NA,NA,NA,"A11, A12",24.8,"2025-05-30",2,"R04","Concession","Paracas","C.Cham","I63","Gam","Yes"
"Lab_07",27.8095053338975,0.46559567711568,0.158388888888889,0.931191354231361,11.4798289021247,0.345975750727771,0.107436846221052,0.691951501455543,6.62788230689256,0.199749192815762,0.0620286920866087,0.399498385631523,0.412802340936707,0.743081965174284,0.678310498764971,0.743081965174284,47.6112311542622,77.5411301546501,70.7821816906349,77.5411301546501,3,3,3,3,123,235,235,235,45,14,14,14,"B01, B02, B09, B10, B11",16.24,"Mixed (2025-05-30; 2025-06-07)",5,"R01","Concession","Paracas","C.Cham","I49","Gam","Yes"
"Lab_08",24.7459198284323,0.209941947516579,0.079,0.419883895033159,7.40109908992357,0.0162083414799106,0.00503322295684716,0.0324166829598212,4.27302655186647,0.00935789031654375,0.00290593262902711,0.0187157806330875,0.299083612217152,0.0772039207582877,0.0637116829980653,0.0772039207582877,33.9991641153188,8.18072729093101,6.75105485232065,8.18072729093101,3,3,3,3,234,345,345,345,15,12,12,12,"B03, B04, B12, D06, D07",16.6,"Mixed (2025-05-30; 2025-06-07)",5,"R03","Concession","Paracas","C.Cham","I65","Gam","Yes"
"Lab_09",31.5955811100831,0.344119902169711,0.120666666666667,0.688239804339423,3.04733900966733,0.0214416203603281,0.0066583281184794,0.0428832407206561,1.75938199754348,0.0123793252868972,0.00384418753155694,0.0247586505737943,0.0964482659473807,0.0623085739160578,0.0551795147940282,0.0623085739160578,11.0417881346202,6.86252665714893,6.07734806629835,6.86252665714893,3,3,3,3,134,345,345,345,25,12,12,12,"B05, B06, D08, D09, D10",16.34,"Mixed (2025-05-30; 2025-06-07)",5,"R02","Concession","Paracas","C.Cham","many","Gam/Tetra","No"
"Lab_10",30.032073450312,0.464522253478455,0.158055555555556,0.929044506956911,5.57328804948099,0.244579483482713,0.075949971350542,0.489158966965426,3.21773935563917,0.141208030627004,0.0438497364041798,0.282416061254008,0.185577864235781,0.526518335023225,0.480527059511338,0.526518335023225,19.4392188047966,58.5405728273956,53.427065026362,58.5405728273956,3,3,3,3,245,245,245,245,13,13,13,13,"B07, B08, D11, D12, E01",16.4,"Mixed (2025-05-30; 2025-06-07)",5,"R01","Mendieta","Paracas","F. Glom","many","Gam/Tetra","No"
"Lab_11",34.0868831449488,0.438760086185054,0.150055555555556,0.877520172370108,2.18302223016733,0.140764207208335,0.0437119146398494,0.28152841441667,1.26036847223404,0.0812702529239965,0.025237085684111,0.162540505847993,0.0640428818582324,0.320822726680215,0.291304873571747,0.320822726680215,7.38100820919189,37.0235995057091,33.6171788226583,37.0235995057091,3,3,3,3,345,145,145,145,12,23,23,23,"B09, B10, E02, E03, E04",16.28,"Mixed (2025-05-30; 2025-06-07)",5,"R02","Mendieta","Paracas","F. Glom","many","Gam/Tetra","No"
"Lab_12",41.6354037477699,0.732878162784719,0.241388888888889,1.46575632556944,0.520979945829984,0.241205440966563,0.0749022202113702,0.482410881933127,0.300787911967338,0.139260026272048,0.0432448170019352,0.278520052544096,0.0125129072600356,0.329120791442406,0.310296884650095,0.329120791442406,1.3719233315054,37.8372723277056,35.6731875719218,37.8372723277056,3,3,3,3,123,245,245,245,45,13,13,13,"B11, B12, E05, E06, E07",16.22,"Mixed (2025-05-30; 2025-06-07)",5,"R03","Mendieta","Paracas","F. Glom","many","Gam/Tetra","No"
"Lab_13",40.2608473036679,0.389203694933164,0.134666666666667,0.778407389866328,1.17959965642658,0.0243834978080666,0.00757187779440036,0.0487669956161333,0.681042179173876,0.0140778190232719,0.004371625682868,0.0281556380465438,0.0292989277530459,0.0626497079177367,0.0562268153049531,0.0626497079177367,3.30978781730241,7.17079897523689,6.43564356435643,7.17079897523689,3,3,3,3,134,345,345,345,25,12,12,12,"C01, C02, E08, E09, E10",16.26,"Mixed (2025-05-30; 2025-06-07)",5,"R01","Caro Caido","Marcona","C.Cham","many","Tetra","Yes"
"Lab_14",36.9828613915649,0.513899740790808,0.173388888888889,1.02779948158162,1.88926308994673,0.155303973993898,0.0482269902916675,0.310607947987796,1.09076655355077,0.0896647911915955,0.0278438658270997,0.179329582383191,0.0510848273729743,0.302206756817799,0.278143487744318,0.302206756817799,5.58432635054934,33.2812322369862,30.6312079461711,33.2812322369862,3,3,3,3,145,234,234,234,23,15,15,15,"C03, C04, E11, E12, F01",16.28,"Mixed (2025-05-30; 2025-06-07)",5,"R02","Caro Caido","Marcona","C.Cham","CC10","Carp","Yes"
"Lab_15",26.3189537704639,0.403337106156627,0.139055555555556,0.806674212313254,2.38027531870879,0.235639308725038,0.0731737531369558,0.471278617450077,1.37425259600194,0.136046418324058,0.0422468860712367,0.272092836648117,0.0904395873585228,0.584224226157692,0.526219559115144,0.584224226157692,10.4276929814222,67.4210192779572,60.7271274470635,67.4210192779572,3,3,3,3,135,135,135,135,24,24,24,24,"C05, C06, F02, F03, F04",16.44,"Mixed (2025-05-30; 2025-06-07)",5,"R03","Caro Caido","Marcona","C.Cham","CC11","Gam","No"
"Lab_16",28.2331815970663,0.379721786137676,0.131722222222222,0.759443572275352,6.19266763017735,0.133487397483102,0.0414522259599776,0.266974794966204,3.57533832328477,0.0770689848702916,0.0239324538165022,0.154137969740583,0.219340055915654,0.351540002065363,0.314694250223364,0.351540002065363,25.0039295826835,40.5184515661353,36.2716153521721,40.5184515661353,3,3,3,3,245,245,245,245,13,13,13,13,"C07, C08, F05, F06, F07",16.28,"Mixed (2025-05-30; 2025-06-07)",5,"R01","7H","Marcona","F. Glom","many","Carp",NA
"Lab_17",20.626955080917,0.320683486090298,0.113388888888889,0.641366972180595,4.33607959231544,0.221240094047806,0.0687023235361022,0.442480188095612,2.50343671985096,0.127733027854039,0.0396653049875214,0.255466055708078,0.210214235465464,0.689901736896766,0.605899962591788,0.689901736896766,24.2395375166642,78.4383823615134,68.8878000979912,78.4383823615134,3,3,3,3,135,135,135,135,24,24,24,24,"C09, C10, F08, F09, F10",16.32,"Mixed (2025-05-30; 2025-06-07)",5,"R02","7H","Marcona","F. Glom","many","Gam/Tetra",NA
"Lab_18",30.4376832738393,0.273273942112858,0.0986666666666667,0.546547884225715,4.11530334941107,0.0966260160879975,0.0300055550412475,0.193252032175995,2.37597149657945,0.0557870563991265,0.0173237152802484,0.111574112798253,0.135204224066163,0.3535866440134,0.304110355147779,0.3535866440134,15.4329176145744,35.7449196334787,30.7432432432432,35.7449196334787,3,3,3,3,123,345,345,345,45,12,12,12,"C11, C12, F11, F12, G01",16.62,"Mixed (2025-05-30; 2025-06-07)",5,"R04","7H","Marcona","F. Glom","many","Carp",NA
"Lab_19",42.1257707711724,0.637343459071689,0.211722222222222,1.27468691814338,2.8689400217217,0.284612327940209,0.0883814858272763,0.569224655880418,1.65638329382992,0.164321004150966,0.0510270746337571,0.328642008301931,0.0681041549911529,0.446560365355841,0.417440762238513,0.446560365355841,7.67215646017347,51.4247086978971,48.071372343217,51.4247086978971,3,3,3,3,145,145,145,145,23,23,23,23,"D01, D02, G02, G03, G04",16.06,"Mixed (2025-05-30; 2025-06-07)",5,"R04","7H","Marcona","F. Glom","many","Gam/Tetra",NA
"Lab_20",27.113006083778,0.265759976652282,0.0963333333333333,0.531519953304565,2.45721166421124,0.00455415079780661,0.0014142135623731,0.00910830159561321,1.73751103057445,0.00322027091167518,0.001,0.00644054182335035,0.0906285218473585,0.0171363305158821,0.0146804176024889,0.0171363305158821,6.40840423671804,1.21172155124343,1.03806228373703,1.21172155124343,2,2,2,2,23,23,23,23,1,1,1,1,"G05, G06, G07",10.0333333333333,"2025-06-07",3,"R01","Powder Ilo","Ilo","C.Cham","many","Unknown",NA
"Lab_21",30.2180446581631,0.246438351182231,0.0903333333333333,0.492876702364463,1.34233149652621,0.0364332063824528,0.0113137084989848,0.0728664127649056,0.949171703793967,0.0257621672934014,0.00800000000000001,0.0515243345868028,0.0444215207076143,0.147839028331722,0.125244005523817,0.147839028331722,3.14107585229728,10.4537979457391,8.85608856088562,10.4537979457391,2,2,2,2,13,23,23,23,2,1,1,1,"G08, G09, G10",10.1333333333333,"2025-06-07",3,"R02","Powder Ilo","Ilo","C.Cham","many","Unknown",NA
"Lab_22",27.6738163634424,0.301182956680709,0.107333333333333,0.602365913361418,8.69316263485481,0.100191317551745,0.0311126983722081,0.20038263510349,6.14699424906335,0.0708459600568537,0.022,0.141691920113707,0.314129519423228,0.33265931995601,0.289869860610634,0.33265931995601,22.2123113355036,23.52256609658,20.4968944099379,23.52256609658,2,2,2,2,NA,NA,NA,NA,NA,NA,NA,NA,"G11, H01",10.85,"2025-06-07",2,"R03","Powder Ilo","Ilo","C.Cham","many","Unknown",NA
"Lab_23",45.7817997037888,1.12449888643233,0.363,2.24899777286466,3.14353486119342,0.0933600913550351,0.0289913780286484,0.18672018271007,2.22281481724618,0.0660155536893409,0.0205,0.132031107378682,0.0686634182476942,0.0830237294865062,0.0798660551753401,0.0830237294865062,4.85523686623928,5.87066421193062,5.6473829201102,5.87066421193062,2,2,2,2,NA,NA,NA,NA,NA,NA,NA,NA,"D03, D04",24.55,"2025-05-30",2,"R01","Ilo mariculture","Ilo","C.Cham","many","Gam","Yes"
"Lab_24",36.0727825563356,0.92967249627598,0.3025,1.85934499255196,1.29245450259856,0.022770753989033,0.00707106781186548,0.045541507978066,0.913903343162531,0.0161013545583759,0.005,0.0322027091167517,0.0358290769662726,0.0244933071379938,0.0233754307830264,0.0244933071379938,2.53349832865061,1.73193835709604,1.65289256198347,1.73193835709604,2,2,2,2,NA,NA,NA,NA,NA,NA,NA,NA,"D05, D06",25.8,"2025-05-30",2,"R02","Ilo mariculture","Ilo","C.Cham","many","Gam","Yes"
"Lab_25",45.5991692386615,1.16797254373994,0.3765,2.33594508747988,7.02136007823579,0.100191317551745,0.0311126983722081,0.20038263510349,4.96485132447303,0.0708459600568537,0.022,0.141691920113707,0.153979999975146,0.0857822541195399,0.0826366490629696,0.0857822541195399,10.888030214953,6.06572135933944,5.84329349269589,6.06572135933944,2,2,2,2,NA,NA,NA,NA,NA,NA,NA,NA,"D07, D08",25.75,"2025-05-30",2,"R03","Ilo mariculture","Ilo","C.Cham","many","Gam","Yes"
"Lab_26",35.9626772190143,0.947383986290193,0.308,1.89476797258039,6.57774573855279,0.170780654917747,0.0530330085889911,0.341561309835495,4.65116861665159,0.120760159187819,0.0375,0.241520318375638,0.182904784827171,0.18026550732243,0.1721850928214,0.18026550732243,12.9333213662759,12.7466962641723,12.1753246753247,12.7466962641723,2,2,2,2,NA,NA,NA,NA,NA,NA,NA,NA,"D09, D10",26.35,"2025-05-30",2,NA,NA,NA,NA,NA,NA,NA
"Lab_35",37.8556956054002,0.913571141717604,0.2975,1.82714228343521,9.29426388484647,0.159395277923231,0.0494974746830583,0.318790555846462,6.57203701911216,0.112709481908631,0.035,0.225418963817262,0.245518243324015,0.174474948522949,0.166378066161541,0.174474948522949,17.360761475942,12.3372419247751,11.764705882353,12.3372419247751,2,2,2,2,NA,NA,NA,NA,NA,NA,NA,NA,"D11, D12",24.35,"2025-05-30",2,"Carp 01","Mendieta","Paracas","C.Cham",NA,"Carp","No"
"Lab_36",34.41629130836,0.903910328982578,0.2945,1.80782065796516,1.05017788624087,0.0592039603714856,0.0183847763108502,0.118407920742971,0.742587904813071,0.0418635218517771,0.013,0.0837270437035542,0.0305139759781662,0.065497603548932,0.0624270842473691,0.065497603548932,2.15766393351247,4.63137996209179,4.41426146010187,4.63137996209179,2,2,2,2,NA,NA,NA,NA,NA,NA,NA,NA,"E01, E02",26.25,"2025-05-30",2,"R05","Mendieta","Paracas","C.Cham",NA,"Gam/Tetra",NA
"Lab_37",43.0214223863551,1.09068604185974,0.3525,2.18137208371948,0.114347609539867,0.0728664127649054,0.0226274169979695,0.145732825529811,0.0808559701181117,0.0515243345868026,0.016,0.103048669173605,0.00265792256966693,0.0668078713473405,0.0641912538949489,0.0668078713473405,0.187943507288034,4.72402988663429,4.53900709219859,4.72402988663429,2,2,2,2,NA,NA,NA,NA,NA,NA,NA,NA,"E03, E04",25.35,"2025-05-30",2,"R01","Mendieta","Paracas","C.Cham",NA,"Carp",NA
"Lab_38",28.5585721217712,0.723575157928769,0.2385,1.44715031585754,4.24170563101691,0.159395277923231,0.0494974746830583,0.318790555846462,2.99933881548922,0.112709481908631,0.035,0.225418963817262,0.148526530420732,0.220288488592531,0.207536581480328,0.220288488592531,10.502411684661,15.5767484101115,14.6750524109015,15.5767484101115,2,2,2,2,NA,NA,NA,NA,NA,NA,NA,NA,"E05, E06",25.2,"2025-05-30",2,"R03","Mendieta","Paracas","C.Cham",NA,"Gam/Tetra",NA
"Lab_39",48.7248154274281,1.24042863925263,0.399,2.48085727850527,9.90810875554014,0.302851028054139,0.0940452018978108,0.605702056108277,7.00609088977624,0.214148015626399,0.0665,0.428296031252797,0.203348307605137,0.244150302944157,0.235702260395516,0.244150302944157,14.37889672504,17.2640334840563,16.6666666666667,17.2640334840563,2,2,2,2,NA,NA,NA,NA,NA,NA,NA,NA,"E07, E08",25.35,"2025-05-30",2,"R04","Mendieta","Paracas","F. Glom",NA,"Gam/Tetra",NA
"Lab_40",47.2658951132739,1.25975026472268,0.405,2.51950052944537,1.07631036755428,0.0387102817813561,0.0120208152801713,0.0774205635627122,0.761066359559017,0.027372302749239,0.00850000000000001,0.0547446054984779,0.0227713949979129,0.0307285363340468,0.0296810253831391,0.0307285363340468,1.61018078201016,2.17283564177417,2.09876543209877,2.17283564177417,2,2,2,2,NA,NA,NA,NA,NA,NA,NA,NA,"E09, E10",26.65,"2025-05-30",2,"R03","Mendieta","Paracas","F. Glom",NA,"Carp",NA
"Lab_41",44.2785971966488,1.1148380736973,0.36,2.2296761473946,8.69590647351355,0.120684996141875,0.037476659402887,0.241369992283749,6.14893443598543,0.0853371791593919,0.0265,0.170674358318784,0.196390740088119,0.108253385840716,0.104101831674686,0.108253385840716,13.8869224078554,7.65467032143742,7.36111111111112,7.65467032143742,2,2,2,2,NA,NA,NA,NA,NA,NA,NA,NA,"E11, E12",25.4,"2025-05-30",2,"R05","Mendieta","Paracas","F. Glom",NA,"Gam/Tetra",NA
"Lab_42",32.7068720530324,0.831454233469887,0.272,1.66290846693977,4.0106798918443,0.166226504119941,0.051618795026618,0.332453008239882,2.83597894869163,0.117539888276144,0.0365,0.235079776552287,0.122624991021496,0.199922614412861,0.189774981715507,0.199922614412861,8.67089626942392,14.1366636363877,13.4191176470588,14.1366636363877,2,2,2,2,NA,NA,NA,NA,NA,NA,NA,NA,"F01, F02",25.3,"2025-05-30",2,"R01","Mendieta","Paracas","C.Cham",NA,"Gam/Tetra",NA
"Lab_43",32.6362041622797,0.823403556190699,0.2695,1.6468071123814,3.36344496269128,0.00910830159561321,0.00282842712474619,0.0182166031912264,2.37831474126674,0.00644054182335035,0.002,0.0128810836467007,0.103058705784746,0.0110617710199733,0.010495091371971,0.0110617710199733,7.28735097207031,0.7821853300156,0.742115027829314,0.7821853300156,2,2,2,2,NA,NA,NA,NA,NA,NA,NA,NA,"F03, F04",25.35,"2025-05-30",2,"R04","Concession","Paracas","C.Cham",NA,"Gam/Tetra",NA
"Lab_44",32.6531778964085,0.779929898883084,0.256,1.55985979776617,9.84386312873921,0.252755369278266,0.0784888527117068,0.505510738556532,6.96066237140372,0.178725035597972,0.0555,0.357450071195944,0.301467231151854,0.32407447084697,0.306597080905105,0.32407447084697,21.3169523453009,22.9155255945334,21.6796875,22.9155255945334,2,2,2,2,NA,NA,NA,NA,NA,NA,NA,NA,"F05, F06",23.8,"2025-05-30",2,"R03","Concession","Paracas","C.Cham",NA,"Gam/Tetra",NA
"Lab_45",30.263094871727,0.763828544324708,0.251,1.52765708864942,9.54680303159146,0.275526123267299,0.0855599205235723,0.551052246534598,6.75060916229061,0.194826390156348,0.0605,0.389652780312695,0.315460235380964,0.360717238592973,0.34087617738475,0.360717238592973,22.3064071632584,25.5065605499977,24.1035856573705,25.5065605499977,2,2,2,2,NA,NA,NA,NA,NA,NA,NA,NA,"F07, F08",25.05,"2025-05-30",2,"R02","Caro Caido","Marcona","C.Cham",NA,"Gam/Tetra",NA
"Lab_46",43.514667238386,1.16958267919578,0.377,2.33916535839156,11.4444180842442,0.316513480447558,0.0982878425849301,0.633026960895117,8.09242563410303,0.223808828361424,0.0695,0.447617656722849,0.263001392646492,0.270620868517989,0.260710457784961,0.270620868517989,18.597006820184,19.1357851259663,18.4350132625995,19.1357851259663,2,2,2,2,NA,NA,NA,NA,NA,NA,NA,NA,"F09, F10",26.85,"2025-05-30",2,"R03","Caro Caido","Marcona","C.Cham",NA,"Carp",NA
"Lab_47",41.8482355271971,1.05365292637547,0.341,2.10730585275095,6.5238301656869,0.152564051726521,0.0473761543394987,0.305128103453042,4.61304454946657,0.107879075541118,0.0335,0.215758151082236,0.155892598182475,0.144795357092905,0.138933003928149,0.144795357092905,11.0232713311617,10.2385778884721,9.82404692082112,10.2385778884721,2,2,2,2,NA,NA,NA,NA,NA,NA,NA,NA,"F11, F12",25.2,"2025-05-30",2,"R03","Caro Caido","Marcona","C.Cham",NA,"Gam/Tetra",NA
"Lab_49",48.1601287169658,1.1663624082841,0.376,2.33272481656821,5.05095313966472,0.0478185833769692,0.0148492424049175,0.0956371667539385,3.57156321651241,0.0338128445725893,0.0105,0.0676256891451785,0.104878314785014,0.0409980491803723,0.0394926659705253,0.0409980491803723,7.41601675839007,2.89899985908609,2.79255319148936,2.89899985908609,2,2,2,2,NA,NA,NA,NA,NA,NA,NA,NA,"G01, G02",24.3,"2025-05-30",2,"R01","7H","Marcona","C.Cham",NA,"Gam/Tetra",NA
"Lab_50",31.5339798665972,0.833064368925725,0.2725,1.66612873785145,12.1909807113861,0.309682254250848,0.0961665222413705,0.619364508501697,8.6203251303355,0.218978421993911,0.068,0.437956843987823,0.386598227149233,0.371738686471729,0.352904668775671,0.371738686471729,27.336622801192,26.2858946033539,24.954128440367,26.2858946033539,2,2,2,2,NA,NA,NA,NA,NA,NA,NA,NA,"G03, G04",26.5,"2025-05-30",2,"R03","7H","Marcona","F. Glom",NA,"Carp",NA
"Lab_28",NA,NA,NA,NA,NA,NA,NA,NA,NA,NA,NA,NA,NA,NA,NA,NA,NA,NA,NA,NA,NA,NA,NA,NA,NA,NA,NA,NA,NA,NA,NA,NA,NA,NA,NA,NA,"R02","Mercado Lima","Paracas","C.Cham","many","Gam","Yes"
"Lab_29",NA,NA,NA,NA,NA,NA,NA,NA,NA,NA,NA,NA,NA,NA,NA,NA,NA,NA,NA,NA,NA,NA,NA,NA,NA,NA,NA,NA,NA,NA,NA,NA,NA,NA,NA,NA,"R03","Mercado Lima","Paracas","C.Cham","many","Gam","Yes"
"Lab_32",NA,NA,NA,NA,NA,NA,NA,NA,NA,NA,NA,NA,NA,NA,NA,NA,NA,NA,NA,NA,NA,NA,NA,NA,NA,NA,NA,NA,NA,NA,NA,NA,NA,NA,NA,NA,"R03","Mendieta","Paracas","C.Cham","I34","Gam","Yes"
"Lab_48",NA,NA,NA,NA,NA,NA,NA,NA,NA,NA,NA,NA,NA,NA,NA,NA,NA,NA,NA,NA,NA,NA,NA,NA,NA,NA,NA,NA,NA,NA,NA,NA,NA,NA,NA,NA,"R02","7H","Marcona","F. Glom",NA,"Carp",NA
"Lab_51",NA,NA,NA,NA,NA,NA,NA,NA,NA,NA,NA,NA,NA,NA,NA,NA,NA,NA,NA,NA,NA,NA,NA,NA,NA,NA,NA,NA,NA,NA,NA,NA,NA,NA,NA,NA,"R03","7H","Marcona","C.Cham",NA,"Carp",NA
"Lab_52",NA,NA,NA,NA,NA,NA,NA,NA,NA,NA,NA,NA,NA,NA,NA,NA,NA,NA,NA,NA,NA,NA,NA,NA,NA,NA,NA,NA,NA,NA,NA,NA,NA,NA,NA,NA,"R01","7H","Marcona","C.Cham",NA,"Carp",NA
"Lab_53",NA,NA,NA,NA,NA,NA,NA,NA,NA,NA,NA,NA,NA,NA,NA,NA,NA,NA,NA,NA,NA,NA,NA,NA,NA,NA,NA,NA,NA,NA,NA,NA,NA,NA,NA,NA,"R04","7H","Marcona","C.Cham",NA,"Carp",NA
"Lab_54",NA,NA,NA,NA,NA,NA,NA,NA,NA,NA,NA,NA,NA,NA,NA,NA,NA,NA,NA,NA,NA,NA,NA,NA,NA,NA,NA,NA,NA,NA,NA,NA,NA,NA,NA,NA,"R01","Ilo","Ilo","C.Cham","Ilo_01","Gam","Yes"
"Lab_55",NA,NA,NA,NA,NA,NA,NA,NA,NA,NA,NA,NA,NA,NA,NA,NA,NA,NA,NA,NA,NA,NA,NA,NA,NA,NA,NA,NA,NA,NA,NA,NA,NA,NA,NA,NA,"R02","Ilo","Ilo","C.Cham","Ilo_02","Gam","Yes"
"Lab_56",NA,NA,NA,NA,NA,NA,NA,NA,NA,NA,NA,NA,NA,NA,NA,NA,NA,NA,NA,NA,NA,NA,NA,NA,NA,NA,NA,NA,NA,NA,NA,NA,NA,NA,NA,NA,"R03","Ilo","Ilo","C.Cham","Ilo_03","Gam","Yes"
"Lab_57",NA,NA,NA,NA,NA,NA,NA,NA,NA,NA,NA,NA,NA,NA,NA,NA,NA,NA,NA,NA,NA,NA,NA,NA,NA,NA,NA,NA,NA,NA,NA,NA,NA,NA,NA,NA,"R01","Lima Market Freeze Dry","Paracas","C.Cham",NA,"Gam",NA
"Lab_58",NA,NA,NA,NA,NA,NA,NA,NA,NA,NA,NA,NA,NA,NA,NA,NA,NA,NA,NA,NA,NA,NA,NA,NA,NA,NA,NA,NA,NA,NA,NA,NA,NA,NA,NA,NA,"R02","Lima Market Freeze Dry","Paracas","C.Cham",NA,"Gam",NA
"Lab_59",NA,NA,NA,NA,NA,NA,NA,NA,NA,NA,NA,NA,NA,NA,NA,NA,NA,NA,NA,NA,NA,NA,NA,NA,NA,NA,NA,NA,NA,NA,NA,NA,NA,NA,NA,NA,"R03","Lima Market Freeze Dry","Paracas","C.Cham",NA,"Gam",NA
"Lab_60",NA,NA,NA,NA,NA,NA,NA,NA,NA,NA,NA,NA,NA,NA,NA,NA,NA,NA,NA,NA,NA,NA,NA,NA,NA,NA,NA,NA,NA,NA,NA,NA,NA,NA,NA,NA,"R01","Lima Market Oven Dry","Paracas","C.Cham",NA,"Gam",NA
"Lab_61",NA,NA,NA,NA,NA,NA,NA,NA,NA,NA,NA,NA,NA,NA,NA,NA,NA,NA,NA,NA,NA,NA,NA,NA,NA,NA,NA,NA,NA,NA,NA,NA,NA,NA,NA,NA,"R02","Lima Market Oven Dry","Paracas","C.Cham",NA,"Gam",NA
"Lab_62",NA,NA,NA,NA,NA,NA,NA,NA,NA,NA,NA,NA,NA,NA,NA,NA,NA,NA,NA,NA,NA,NA,NA,NA,NA,NA,NA,NA,NA,NA,NA,NA,NA,NA,NA,NA,"R03","Lima Market Oven Dry","Paracas","C.Cham",NA,"Gam",NA
"Lab_63",NA,NA,NA,NA,NA,NA,NA,NA,NA,NA,NA,NA,NA,NA,NA,NA,NA,NA,NA,NA,NA,NA,NA,NA,NA,NA,NA,NA,NA,NA,NA,NA,NA,NA,NA,NA,"R01","Ilo Freeze Dry","Ilo","C.Cham",NA,"Gam",NA
"Lab_65",NA,NA,NA,NA,NA,NA,NA,NA,NA,NA,NA,NA,NA,NA,NA,NA,NA,NA,NA,NA,NA,NA,NA,NA,NA,NA,NA,NA,NA,NA,NA,NA,NA,NA,NA,NA,"R02","Ilo Freeze Dry","Ilo","C.Cham",NA,"Gam",NA
"Lab_66",NA,NA,NA,NA,NA,NA,NA,NA,NA,NA,NA,NA,NA,NA,NA,NA,NA,NA,NA,NA,NA,NA,NA,NA,NA,NA,NA,NA,NA,NA,NA,NA,NA,NA,NA,NA,"R03","Ilo Freeze Dry","Ilo","C.Cham",NA,"Gam",NA
"Lab_68",NA,NA,NA,NA,NA,NA,NA,NA,NA,NA,NA,NA,NA,NA,NA,NA,NA,NA,NA,NA,NA,NA,NA,NA,NA,NA,NA,NA,NA,NA,NA,NA,NA,NA,NA,NA,"R03","Ilo oven dry","Ilo","C.Cham",NA,"Gam",NA
"Lab_67",NA,NA,NA,NA,NA,NA,NA,NA,NA,NA,NA,NA,NA,NA,NA,NA,NA,NA,NA,NA,NA,NA,NA,NA,NA,NA,NA,NA,NA,NA,NA,NA,NA,NA,NA,NA,"R02","Ilo oven dry","Ilo","C.Cham",NA,"Gam",NA
"Lab_64",NA,NA,NA,NA,NA,NA,NA,NA,NA,NA,NA,NA,NA,NA,NA,NA,NA,NA,NA,NA,NA,NA,NA,NA,NA,NA,NA,NA,NA,NA,NA,NA,NA,NA,NA,NA,"R01","Ilo oven dry","Ilo","C.Cham",NA,"Gam",NA
"Lab_70",NA,NA,NA,NA,NA,NA,NA,NA,NA,NA,NA,NA,NA,NA,NA,NA,NA,NA,NA,NA,NA,NA,NA,NA,NA,NA,NA,NA,NA,NA,NA,NA,NA,NA,NA,NA,"R01","Ilo Fresh","Ilo","C.Cham",NA,"Gam",NA
"Lab_71",NA,NA,NA,NA,NA,NA,NA,NA,NA,NA,NA,NA,NA,NA,NA,NA,NA,NA,NA,NA,NA,NA,NA,NA,NA,NA,NA,NA,NA,NA,NA,NA,NA,NA,NA,NA,"R02","Ilo Fresh","Ilo","C.Cham",NA,"Gam",NA
"Lab_72",NA,NA,NA,NA,NA,NA,NA,NA,NA,NA,NA,NA,NA,NA,NA,NA,NA,NA,NA,NA,NA,NA,NA,NA,NA,NA,NA,NA,NA,NA,NA,NA,NA,NA,NA,NA,"R03","Ilo Fresh","Ilo","C.Cham",NA,"Gam",NA
"Lab_73",NA,NA,NA,NA,NA,NA,NA,NA,NA,NA,NA,NA,NA,NA,NA,NA,NA,NA,NA,NA,NA,NA,NA,NA,NA,NA,NA,NA,NA,NA,NA,NA,NA,NA,NA,NA,"R03","Lima Market Fresh","Paracas","C.Cham",NA,"Gam",NA
"Lab_74",NA,NA,NA,NA,NA,NA,NA,NA,NA,NA,NA,NA,NA,NA,NA,NA,NA,NA,NA,NA,NA,NA,NA,NA,NA,NA,NA,NA,NA,NA,NA,NA,NA,NA,NA,NA,"R02","Lima Market Fresh","Paracas","C.Cham",NA,"Gam",NA
"Lab_75",NA,NA,NA,NA,NA,NA,NA,NA,NA,NA,NA,NA,NA,NA,NA,NA,NA,NA,NA,NA,NA,NA,NA,NA,NA,NA,NA,NA,NA,NA,NA,NA,NA,NA,NA,NA,"R03","Lima Market Fresh","Paracas","C.Cham",NA,"Gam",NA
