"join_id","Protein_mg_in_reaction_mean","Protein_mg_per_g_mean","Protein_mg_total_mean","X600_mean","con_mg_per_ml_mean","sample weight_mean","Protein_mg_in_reaction_sd","Protein_mg_per_g_sd","Protein_mg_total_sd","X600_sd","con_mg_per_ml_sd","sample weight_sd","Protein_mg_in_reaction_se","Protein_mg_per_g_se","Protein_mg_total_se","X600_se","con_mg_per_ml_se","sample weight_se","Protein_mg_in_reaction_cv","Protein_mg_per_g_cv","Protein_mg_total_cv","X600_cv","con_mg_per_ml_cv","sample weight_cv","Protein_mg_in_reaction_max_dev_pct","Protein_mg_per_g_max_dev_pct","Protein_mg_total_max_dev_pct","X600_max_dev_pct","con_mg_per_ml_max_dev_pct","sample weight_max_dev_pct","Protein_mg_in_reaction_n","Protein_mg_per_g_n","Protein_mg_total_n","X600_n","con_mg_per_ml_n","sample weight_n","Protein_mg_in_reaction_included_rows","Protein_mg_per_g_included_rows","Protein_mg_total_included_rows","X600_included_rows","con_mg_per_ml_included_rows","sample weight_included_rows","Protein_mg_in_reaction_excluded_rows","Protein_mg_per_g_excluded_rows","Protein_mg_total_excluded_rows","X600_excluded_rows","con_mg_per_ml_excluded_rows","sample weight_excluded_rows","avg_sample_weight","replicate_date","replicate_count","Sample Code","Location","region","variety","Ind_ID","Life_S","Large Ind?"
"Lab_01",0.463356896652451,216.547581100519,5.79196120815564,0.242,1.15839224163113,1.5,0.169656055238617,81.4160296903358,2.12070069048271,0.0657609306503489,0.424140138096543,0.707106781186548,0.119964947128586,57.5698266913218,1.49956183910732,0.0465,0.299912367821464,0.5,0.366145527269168,0.375972935262405,0.366145527269168,0.271739382852682,0.366145527269168,0.471404520791032,25.8903985233153,26.5853012066658,25.8903985233153,19.2148760330579,25.8903985233153,33.3333333333333,2,2,2,2,2,2,12,12,12,12,12,12,NA,NA,NA,NA,NA,NA,26.8,NA,2,"R01","Mendieta","Paracas","C.Cham","I45","Tetra","Yes"
"Lab_02",0.355001460536309,176.126878182562,4.43751825670387,0.2,0.887503651340773,3.5,0.125873847435103,53.9700070038798,1.57342309293879,0.0487903679018718,0.314684618587757,0.707106781186548,0.0890062510954022,38.1625579331289,1.11257813869253,0.0345,0.222515627738506,0.5,0.354572759348489,0.306426864319584,0.354572759348489,0.243951839509359,0.354572759348489,0.202030508910442,25.0720802559343,21.6676513698108,25.0720802559342,17.25,25.0720802559342,14.2857142857143,2,2,2,2,2,2,12,12,12,12,12,12,NA,NA,NA,NA,NA,NA,25,NA,2,"R02","Mendieta","Paracas","C.Cham","I38","Tetra","Yes"
"Lab_03",0.673618040544488,330.530376908247,8.4202255068061,0.3235,1.68404510136122,5.5,0.0291881385356761,23.4734118665067,0.364851731695953,0.0113137084989848,0.0729703463391902,0.707106781186548,0.020639130688789,16.5982087083916,0.257989133609863,0.00800000000000001,0.0515978267219723,0.5,0.0433303990969173,0.0710174117310335,0.0433303990969175,0.0349728237990256,0.0433303990969173,0.128564869306645,3.06392190329497,5.02168934173309,3.06392190329498,2.47295208655333,3.06392190329496,9.09090909090909,2,2,2,2,2,2,12,12,12,12,12,12,NA,NA,NA,NA,NA,NA,25.5,NA,2,"R04","Mendieta","Paracas","C.Cham","I26","Carp","Yes"
"Lab_04",0.259545481100661,130.813754426284,3.24431851375826,0.163,0.648863702751651,7.5,0.114928295484224,53.1343367314874,1.43660369355281,0.0445477272147525,0.287320738710561,0.707106781186548,0.0812665770871064,37.5716498166842,1.01583221358883,0.0315,0.203166442717766,0.5,0.442805996840497,0.406183103332836,0.442805996840497,0.273298939967807,0.442805996840497,0.0942809041582063,31.3111123115985,28.7214826770044,31.3111123115985,19.3251533742331,31.3111123115985,6.66666666666667,2,2,2,2,2,2,12,12,12,12,12,12,NA,NA,NA,NA,NA,NA,24.6,NA,2,"R02","Mendieta","Paracas","C.Cham","I37","Carp","Yes"
"Lab_05",0.486575918677339,245.582095673792,6.08219898346673,0.251,1.21643979669335,9.5,0.0383094318280749,6.01727854512912,0.478867897850935,0.0148492424049175,0.095773579570187,0.707106781186548,0.0270888590290355,4.25485846354913,0.338610737862943,0.0105,0.0677221475725887,0.5,0.0787326917703029,0.0245021060212871,0.0787326917703028,0.0591603283064443,0.0787326917703028,0.0744322927564787,5.56724202518515,1.73256053210039,5.56724202518514,4.18326693227092,5.56724202518514,5.26315789473684,2,2,2,2,2,2,12,12,12,12,12,12,NA,NA,NA,NA,NA,NA,24.75,NA,2,"R05","Mendieta","Paracas","C.Cham","I47","Gam","Yes"
"Lab_06",0.814222118361863,410.839717389514,10.1777764795233,0.378,2.03555529590466,11.5,0.0893886742655079,52.0831838067332,1.11735842831885,0.0346482322781408,0.22347168566377,0.707106781186548,0.063207337734416,36.8283724555264,0.7900917216802,0.0245,0.15801834433604,0.5,0.10978413905698,0.126772513956711,0.10978413905698,0.0916619901538117,0.10978413905698,0.0614875461901346,7.76291091939178,8.96417042868562,7.76291091939177,6.48148148148149,7.76291091939178,4.34782608695652,2,2,2,2,2,2,12,12,12,12,12,12,NA,NA,NA,NA,NA,NA,24.8,NA,2,"R04","Concession","Paracas","C.Cham","I63","Gam","Yes"
"Lab_07",0.574292224104691,282.887588782864,7.17865280130864,0.285,1.43573056026173,13.5,0.0529035010959128,11.0940225739388,0.66129376369891,0.0205060966544099,0.132258752739782,0.707106781186548,0.0374084243734299,7.84465859266874,0.467605304667873,0.0145,0.0935210609335747,0.5,0.0921194800754758,0.0392170707158673,0.0921194800754757,0.0719512163312627,0.0921194800754757,0.0523782800878924,6.51383090407481,2.77306566414621,6.5138309040748,5.08771929824562,6.5138309040748,3.7037037037037,2,2,2,2,2,2,12,12,12,12,12,12,NA,NA,NA,NA,NA,NA,25.35,NA,2,"R01","Concession","Paracas","C.Cham","I49","Gam","Yes"
"Lab_08",0.602671028801776,293.29705320894,7.53338786002221,0.296,1.50667757200444,15.5,0.0565520184128723,30.7337417996627,0.706900230160904,0.021920310216783,0.141380046032181,0.707106781186548,0.0399883157095285,21.732037237778,0.499853946369106,0.0155,0.0999707892738212,0.5,0.0938356345505911,0.1047870800726,0.0938356345505911,0.0740551020837262,0.0938356345505911,0.045619792334616,6.63518135076658,7.40956549000731,6.63518135076657,5.23648648648649,6.63518135076658,3.2258064516129,2,2,2,2,2,2,12,12,12,12,12,12,NA,NA,NA,NA,NA,NA,25.7,NA,2,"R03","Concession","Paracas","C.Cham","I65","Gam","Yes"
"Lab_09",0.451747385640007,217.244689424784,5.64684232050009,0.2375,1.12936846410002,17.5,0.00729703463391907,3.5817422599557,0.0912129329239882,0.00282842712474619,0.0182425865847977,0.707106781186548,0.00515978267219727,2.53267424047711,0.0644972834024657,0.002,0.0128994566804932,0.5,0.0161529094929483,0.0164871337911153,0.0161529094929483,0.0119091668410366,0.0161529094929484,0.0404061017820884,1.14218318383564,1.16581641060276,1.14218318383564,0.842105263157896,1.14218318383563,2.85714285714286,2,2,2,2,2,2,12,12,12,12,12,12,NA,NA,NA,NA,NA,NA,26,NA,2,"R02","Concession","Paracas","C.Cham","many","Gam/Tetra","No"
"Lab_10",0.563972658760297,276.224083939221,7.04965823450371,0.281,1.40993164690074,19.5,0.140467916702941,62.0849126991884,1.75584895878676,0.0544472221513642,0.351169791757352,0.707106781186548,0.0993258164397967,43.9006627789709,1.24157270549746,0.0385,0.248314541099492,0.5,0.249068664093951,0.224762851282907,0.249068664093951,0.193762356410549,0.249068664093951,0.0362618862146947,17.6118141361907,15.8931336300967,17.6118141361907,13.7010676156584,17.6118141361907,2.56410256410256,2,2,2,2,2,2,12,12,12,12,12,12,NA,NA,NA,NA,NA,NA,25.45,NA,2,"R01","Mendieta","Paracas","F. Glom","many","Gam/Tetra","No"
"Lab_11",0.658138692527897,323.307332821364,8.22673365659871,0.3175,1.64534673131974,21.5,0.426876526084262,208.276929707252,5.33595657605328,0.165462986797652,1.06719131521066,0.707106781186548,0.301847286323538,147.274029360712,3.77309107904422,0.117,0.754618215808845,0.5,0.648611806190331,0.644207255955841,0.648611806190331,0.521143265504416,0.648611806190331,0.0328886874970487,45.8637806514838,45.5523319175953,45.8637806514838,36.8503937007874,45.8637806514838,2.32558139534884,2,2,2,2,2,2,12,12,12,12,12,12,NA,NA,NA,NA,NA,NA,25.4,NA,2,"R02","Mendieta","Paracas","F. Glom","many","Gam/Tetra","No"
"Lab_12",0.68909738856108,350.87105687548,8.6137173570135,0.3295,1.7227434714027,23.5,0.00729703463391903,4.72599850459733,0.0912129329239888,0.00282842712474619,0.0182425865847975,0.707106781186548,0.00515978267219724,3.34178559047825,0.0644972834024662,0.002,0.0128994566804931,0.5,0.0105892646744115,0.0134693312884868,0.0105892646744116,0.00858399734369102,0.0105892646744114,0.0300896502632573,0.748774085905558,0.952425549213715,0.748774085905568,0.606980273141123,0.748774085905555,2.12765957446809,2,2,2,2,2,2,12,12,12,12,12,12,NA,NA,NA,NA,NA,NA,24.55,NA,2,"R03","Mendieta","Paracas","F. Glom","many","Gam/Tetra","No"
"Lab_13",0.823251738038208,406.914087992554,10.2906467254776,0.3815,2.05812934509552,25.5,0.102158484874866,70.6652811299055,1.27698106093583,0.0395979797464467,0.255396212187165,0.707106781186548,0.0722369574107612,49.96789948141,0.902961967634515,0.028,0.180592393526903,0.5,0.124091429334006,0.173661426859221,0.124091429334006,0.103795490816374,0.124091429334006,0.0277296776935901,8.77458911692071,12.2797172562687,8.77458911692072,7.33944954128441,8.77458911692071,1.96078431372549,2,2,2,2,2,2,12,12,12,12,12,12,NA,NA,NA,NA,NA,NA,25.4,NA,2,"R01","Caro Caido","Marcona","C.Cham","many","Tetra","Yes"
"Lab_14",0.5588128760881,270.616911424095,6.98516095110125,0.279,1.39703219022025,27.5,0.191547159140374,85.719238758091,2.39433948925468,0.0742462120245875,0.478867897850935,0.707106781186548,0.135444295145177,60.6126550039949,1.69305368931472,0.0525,0.338610737862943,0.5,0.342775135178123,0.316754922325444,0.342775135178123,0.26611545528526,0.342775135178123,0.025712973861329,24.2378622506586,22.397955355054,24.2378622506586,18.8172043010753,24.2378622506586,1.81818181818182,2,2,2,2,2,2,12,12,12,12,12,12,NA,NA,NA,NA,NA,NA,25.7,NA,2,"R02","Caro Caido","Marcona","C.Cham","CC10","Carp","Yes"
"Lab_15",0.542043582403459,267.960499889105,6.77554478004324,0.2725,1.35510895600865,29.5,0.178777348531016,79.061517459541,2.2347168566377,0.0692964645562816,0.446943371327539,0.707106781186548,0.126414675468832,55.9049351265401,1.5801834433604,0.049,0.31603668867208,0.5,0.329820985497706,0.295049149006143,0.329820985497706,0.254298952500116,0.329820985497706,0.0239697213961542,23.3218655423058,20.8631254045564,23.3218655423058,17.9816513761468,23.3218655423058,1.69491525423729,2,2,2,2,2,2,12,12,12,12,12,12,NA,NA,NA,NA,NA,NA,25.15,NA,2,"R03","Caro Caido","Marcona","C.Cham","CC11","Gam","No"
"Lab_16",0.478836244669043,227.811173229406,5.98545305836304,0.248,1.19709061167261,31.5,0.249923436211726,110.242462768218,3.12404295264658,0.096873629022557,0.624808590529315,0.707106781186548,0.176722556522755,77.9531929981121,2.20903195653444,0.0685,0.441806391306888,0.5,0.521939262105077,0.4839203503737,0.521939262105077,0.390619471865149,0.521939262105077,0.0224478343233825,36.9066791602003,34.2183361303413,36.9066791602003,27.6209677419355,36.9066791602003,1.58730158730159,2,2,2,2,2,2,12,12,12,12,12,12,NA,NA,NA,NA,NA,NA,26,NA,2,"R01","7H","Marcona","F. Glom","many","Carp",NA
"Lab_17",0.533013962727114,255.899240949983,6.66267453408892,0.269,1.33253490681778,33.5,0.282760092064362,121.571951153186,3.53450115080452,0.109601551083915,0.706900230160904,0.707106781186548,0.199941578547643,85.9643510624972,2.49926973184553,0.0775,0.499853946369107,0.5,0.53049284228437,0.475077419932432,0.53049284228437,0.407440710349126,0.53049284228437,0.0211076651100462,37.5115086150204,33.5930465222832,37.5115086150203,28.8104089219331,37.5115086150204,1.49253731343284,2,2,2,2,2,2,12,12,12,12,12,12,NA,NA,NA,NA,NA,NA,25.65,NA,2,"R02","7H","Marcona","F. Glom","many","Gam/Tetra",NA
"Lab_18",0.556232984752001,267.946733551104,6.95291230940002,0.278,1.39058246188,35.5,0.0164183279263178,8.6387589328728,0.205229099078972,0.00636396103067893,0.0410458198157944,0.707106781186548,0.0116095110124438,6.10852502247022,0.145118887655547,0.0045,0.0290237775311094,0.5,0.029516998050085,0.0322405831128566,0.029516998050085,0.0228919461535213,0.029516998050085,0.0199185008784943,2.08716694814852,2.27975349485095,2.08716694814852,1.61870503597122,2.08716694814853,1.40845070422535,2,2,2,2,2,2,12,12,12,12,12,12,NA,NA,NA,NA,NA,NA,25.95,NA,2,"R04","7H","Marcona","F. Glom","many","Carp",NA
"Lab_19",0.747144943623299,386.829084207603,9.33931179529123,0.352,1.86786235905825,37.5,0.140467916702941,73.8385882255528,1.75584895878676,0.0544472221513642,0.351169791757352,0.707106781186548,0.0993258164397966,52.2117664475295,1.24157270549746,0.0385,0.248314541099492,0.5,0.188006246849156,0.190881687132721,0.188006246849156,0.154679608384557,0.188006246849156,0.0188561808316413,13.294049205247,13.4973735375876,13.2940492052471,10.9375,13.294049205247,1.33333333333333,2,2,2,2,2,2,12,12,12,12,12,12,NA,NA,NA,NA,NA,NA,24.15,NA,2,"R04","7H","Marcona","F. Glom","many","Gam/Tetra",NA
"Lab_23",0.775523748320384,394.636227228692,9.69404685400479,0.363,1.93880937080096,39.5,0.0747946049976698,32.3994943496225,0.934932562470873,0.0289913780286484,0.186986512494175,0.707106781186548,0.0528877723900216,22.9099021616333,0.66109715487527,0.0205,0.132219430975054,0.5,0.0964439904769631,0.0820996454814752,0.0964439904769632,0.0798660551753401,0.0964439904769632,0.0179014374983936,6.81961996709515,5.80532160529626,6.81961996709515,5.6473829201102,6.81961996709515,1.26582278481013,2,2,2,2,2,2,12,12,12,12,12,12,NA,NA,NA,NA,NA,NA,24.55,NA,2,"R01","Ilo mariculture","Ilo","C.Cham","many","Gam","Yes"
"Lab_24",0.619440322486417,300.396033400829,7.74300403108022,0.3025,1.54860080621604,41.5,0.0182425865847975,9.27419483179915,0.228032332309969,0.00707106781186548,0.0456064664619938,0.707106781186548,0.0128994566804931,6.55784605561041,0.161243208506163,0.005,0.0322486417012326,0.5,0.0294501115322494,0.0308732266761468,0.0294501115322494,0.0233754307830264,0.0294501115322494,0.017038717618953,2.08243735711537,2.18306679398128,2.08243735711537,1.65289256198347,2.08243735711537,1.20481927710843,2,2,2,2,2,2,12,12,12,12,12,12,NA,NA,NA,NA,NA,NA,25.8,NA,2,"R02","Ilo mariculture","Ilo","C.Cham","many","Gam","Yes"
"Lab_25",0.810352281357715,395.6447138455,10.1294035169714,0.3765,2.02588070339429,43.5,0.0802673809731091,66.1262101909039,1.00334226216386,0.0311126983722081,0.200668452432773,0.707106781186548,0.0567576093941695,46.7582916401551,0.709470117427119,0.022,0.141894023485424,0.5,0.0990524526427249,0.167135330959398,0.0990524526427249,0.0826366490629696,0.0990524526427248,0.016255328303139,7.00406609568301,11.8182525897248,7.00406609568302,5.84329349269589,7.00406609568301,1.14942528735632,2,2,2,2,2,2,12,12,12,12,12,12,NA,NA,NA,NA,NA,NA,25.75,NA,2,"R03","Ilo mariculture","Ilo","C.Cham","many","Gam","Yes"
"Lab_26",0.63362972483496,300.671530160019,7.920371560437,0.308,1.5840743120874,45.5,0.136819399385982,65.7116956399756,1.71024249232477,0.0530330085889911,0.342048498464954,0.707106781186548,0.0967459251036981,46.4651855902933,1.20932406379623,0.0375,0.241864812759245,0.5,0.215929578464171,0.21854977624587,0.215929578464171,0.1721850928214,0.215929578464171,0.0155408083777263,15.2685269190768,15.4538028810257,15.2685269190768,12.1753246753247,15.2685269190768,1.0989010989011,2,2,2,2,2,2,12,12,12,12,12,12,NA,NA,NA,NA,NA,NA,26.35,NA,2,NA,NA,NA,NA,NA,NA,NA
"Lab_35",0.606540865805924,314.57446243254,7.58176082257405,0.2975,1.51635216451481,47.5,0.127698106093583,88.3909924067839,1.59622632616978,0.0494974746830583,0.319245265233957,0.707106781186548,0.0902961967634515,62.5018701266455,1.12870245954314,0.035,0.225740491908629,0.5,0.210535041070823,0.280985912598481,0.210535041070823,0.166378066161541,0.210535041070823,0.0148864585512957,14.8870755218567,19.8687044216276,14.8870755218567,11.764705882353,14.8870755218567,1.05263157894737,2,2,2,2,2,2,12,12,12,12,12,12,NA,NA,NA,NA,NA,NA,24.35,NA,2,"Carp 01","Mendieta","Paracas","C.Cham",NA,"Carp","No"
"Lab_36",0.598801191797628,284.922659206874,7.48501489747036,0.2945,1.49700297949407,49.5,0.0474307251204735,12.6084608089665,0.592884064005918,0.0183847763108502,0.118576812801184,0.707106781186548,0.0335385873692819,8.91552813834502,0.419232342116024,0.013,0.0838464684232049,0.5,0.0792094701383013,0.0442522221435954,0.0792094701383013,0.0624270842473691,0.0792094701383014,0.0142849854785161,5.60095534689862,3.12910463603099,5.60095534689862,4.41426146010187,5.60095534689863,1.01010101010101,2,2,2,2,2,2,12,12,12,12,12,12,NA,NA,NA,NA,NA,NA,26.25,NA,2,"R05","Mendieta","Paracas","C.Cham",NA,"Gam/Tetra",NA
"Lab_37",0.748434889291348,368.886528203482,9.35543611614185,0.3525,1.87108722322837,51.5,0.058376277071352,5.11899339469413,0.7297034633919,0.0226274169979695,0.14594069267838,0.707106781186548,0.0412782613775778,3.61967494223737,0.515978267219722,0.016,0.103195653443944,0.5,0.0779978030241553,0.0138768781273314,0.0779978030241553,0.0641912538949489,0.0779978030241552,0.0137302287609038,5.51527754360329,0.981243462553541,5.51527754360328,4.53900709219859,5.51527754360328,0.970873786407767,2,2,2,2,2,2,12,12,12,12,12,12,NA,NA,NA,NA,NA,NA,25.35,NA,2,"R01","Mendieta","Paracas","C.Cham",NA,"Carp",NA
"Lab_38",0.454327276976106,223.645344675246,5.67909096220133,0.2385,1.13581819244027,53.5,0.127698106093583,47.0261651860334,1.59622632616978,0.0494974746830583,0.319245265233957,0.707106781186548,0.0902961967634515,33.252520296243,1.12870245954314,0.035,0.225740491908629,0.5,0.281070744736065,0.210271156121402,0.281070744736065,0.207536581480328,0.281070744736065,0.013216949181057,19.8747029596025,14.8684160381378,19.8747029596025,14.6750524109015,19.8747029596025,0.934579439252336,2,2,2,2,2,2,12,12,12,12,12,12,NA,NA,NA,NA,NA,NA,25.2,NA,2,"R03","Mendieta","Paracas","C.Cham",NA,"Gam/Tetra",NA
"Lab_39",0.868399836419934,426.07512874298,10.8549979552492,0.399,2.17099959104983,55.5,0.242626401577807,101.811009880827,3.03283001972259,0.0940452018978108,0.606566003944518,0.707106781186548,0.171562773850558,71.991255486183,2.14453467313197,0.0665,0.428906934626395,0.5,0.279394803409981,0.238950839916877,0.279394803409981,0.235702260395516,0.279394803409981,0.0127406627240819,19.756196011948,16.8963759275445,19.756196011948,16.6666666666667,19.756196011948,0.900900900900901,2,2,2,2,2,2,12,12,12,12,12,12,NA,NA,NA,NA,NA,NA,25.35,NA,2,"R04","Mendieta","Paracas","F. Glom",NA,"Gam/Tetra",NA
"Lab_40",0.883879184436525,414.532717962896,11.0484898054566,0.405,2.20969796109131,57.5,0.0310123971941559,11.2465026701078,0.387654964926949,0.0120208152801713,0.0775309929853897,0.707106781186548,0.0219290763568383,7.95247830266584,0.274113454460479,0.00850000000000001,0.0548226908920957,0.5,0.0350866925482879,0.0271305549182597,0.035086692548288,0.0296810253831391,0.035086692548288,0.0122975092380269,2.48100382303019,1.91841993600555,2.4810038230302,2.09876543209877,2.48100382303019,0.869565217391304,2,2,2,2,2,2,12,12,12,12,12,12,NA,NA,NA,NA,NA,NA,26.65,NA,2,"R03","Mendieta","Paracas","F. Glom",NA,"Carp",NA
"Lab_41",0.767784074312088,381.479592284812,9.5973009289011,0.36,1.91946018578022,59.5,0.0966857088994269,81.5653993042213,1.20857136124284,0.037476659402887,0.241714272248567,0.707106781186548,0.0683671204066133,57.6754469582034,0.854589005082667,0.0265,0.170917801016533,0.5,0.125928255266371,0.213813270627921,0.125928255266371,0.104101831674686,0.125928255266371,0.0118841475829672,8.90447232418415,15.1188813568677,8.90447232418416,7.36111111111112,8.90447232418415,0.840336134453782,2,2,2,2,2,2,12,12,12,12,12,12,NA,NA,NA,NA,NA,NA,25.4,NA,2,"R05","Mendieta","Paracas","F. Glom",NA,"Gam/Tetra",NA
"Lab_42",0.54075363673541,265.40897940332,6.75942045919262,0.272,1.35188409183852,61.5,0.133170882069022,45.0258125026043,1.66463602586277,0.051618795026618,0.332927205172555,0.707106781186548,0.0941660337675995,31.8380573490255,1.17707542209499,0.0365,0.235415084418999,0.5,0.246269045684075,0.169646907214026,0.246269045684074,0.189774981715507,0.246269045684074,0.0114976712388057,17.4138512199549,11.9958478498363,17.4138512199549,13.4191176470588,17.4138512199549,0.813008130081301,2,2,2,2,2,2,12,12,12,12,12,12,NA,NA,NA,NA,NA,NA,25.3,NA,2,"R01","Mendieta","Paracas","C.Cham",NA,"Gam/Tetra",NA
"Lab_43",0.534303908395163,264.750697750166,6.67879885493954,0.2695,1.33575977098791,63.5,0.00729703463391903,27.9682871062694,0.0912129329239882,0.00282842712474619,0.0182425865847975,0.707106781186548,0.00515978267219724,19.7765654710154,0.0644972834024657,0.002,0.0128994566804931,0.5,0.0136570863871021,0.105640088369708,0.0136570863871021,0.010495091371971,0.0136570863871021,0.0111355398612055,0.965701839557049,7.46988228513668,0.965701839557048,0.742115027829314,0.965701839557045,0.78740157480315,2,2,2,2,2,2,12,12,12,12,12,12,NA,NA,NA,NA,NA,NA,25.35,NA,2,"R04","Concession","Paracas","C.Cham",NA,"Gam/Tetra",NA
"Lab_44",0.499475375357832,261.139373319184,6.2434421919729,0.256,1.24868843839458,65.5,0.202492711091253,100.144376103933,2.53115888864066,0.0784888527117068,0.506231777728131,0.707106781186548,0.143183969153473,70.8127674407874,1.78979961441841,0.0555,0.357959922883683,0.5,0.4054107991734,0.38349014486425,0.4054107991734,0.306597080905105,0.4054107991734,0.0107955233768939,28.6668725261769,27.1168481951723,28.6668725261769,21.6796875,28.6668725261769,0.763358778625954,2,2,2,2,2,2,12,12,12,12,12,12,NA,NA,NA,NA,NA,NA,23.8,NA,2,"R03","Concession","Paracas","C.Cham",NA,"Gam/Tetra",NA
"Lab_45",0.486575918677339,240.436354281176,6.08219898346673,0.251,1.21643979669335,67.5,0.22073529767605,98.6094659004169,2.75919122095063,0.0855599205235723,0.551838244190125,0.707106781186548,0.156083425833966,69.7274220273684,1.95104282292458,0.0605,0.390208564584915,0.5,0.453650271628887,0.410127104926482,0.453650271628887,0.34087617738475,0.453650271628887,0.0104756560175785,32.0779183355906,29.0003657041922,32.0779183355906,24.1035856573705,32.0779183355906,0.740740740740741,2,2,2,2,2,2,12,12,12,12,12,12,NA,NA,NA,NA,NA,NA,25.05,NA,2,"R02","Caro Caido","Marcona","C.Cham",NA,"Gam/Tetra",NA
"Lab_46",0.811642227025764,377.404952636686,10.1455278378221,0.377,2.02910556756441,69.5,0.253571953528686,115.068519133323,3.16964941910857,0.0982878425849301,0.633929883821714,0.707106781186548,0.179302447858854,81.365730180267,2.24128059823567,0.0695,0.448256119647134,0.5,0.312418384708607,0.304894035781496,0.312418384708607,0.260710457784961,0.312418384708607,0.0101741982904539,22.0913158394804,21.559264024443,22.0913158394804,18.4350132625995,22.0913158394804,0.719424460431655,2,2,2,2,2,2,12,12,12,12,12,12,NA,NA,NA,NA,NA,NA,26.85,NA,2,"R03","Caro Caido","Marcona","C.Cham",NA,"Carp",NA
"Lab_47",0.718766138926214,356.893542773473,8.98457673657767,0.341,1.79691534731553,71.5,0.122225330118143,64.6333874674412,1.52781662647679,0.0473761543394987,0.305563325295359,0.707106781186548,0.0864263597593036,45.7027065692853,1.08032949699129,0.0335,0.216065899398259,0.5,0.170048814904858,0.181099907174463,0.170048814904858,0.138933003928149,0.170048814904858,0.00988960533128039,12.0242670151961,12.8056972435317,12.0242670151961,9.82404692082112,12.0242670151961,0.699300699300699,2,2,2,2,2,2,12,12,12,12,12,12,NA,NA,NA,NA,NA,NA,25.2,NA,2,"R03","Caro Caido","Marcona","C.Cham",NA,"Gam/Tetra",NA
"Lab_49",0.809062335689666,417.670982007509,10.1132791961208,0.376,2.02265583922416,73.5,0.0383094318280749,46.4449161297167,0.478867897850937,0.0148492424049175,0.0957735795701872,0.707106781186548,0.0270888590290355,32.8415151469632,0.338610737862944,0.0105,0.0677221475725888,0.5,0.0473504081677699,0.111199767593339,0.0473504081677699,0.0394926659705253,0.0473504081677698,0.00962050042430677,3.3481794707381,7.86301097316181,3.34817947073811,2.79255319148936,3.3481794707381,0.680272108843537,2,2,2,2,2,2,12,12,12,12,12,12,NA,NA,NA,NA,NA,NA,24.3,NA,2,"R01","7H","Marcona","C.Cham",NA,"Gam/Tetra",NA
"Lab_50",0.542043582403459,256.650633704356,6.77554478004324,0.2725,1.35510895600865,75.5,0.248099177553246,121.136881566358,3.10123971941558,0.0961665222413705,0.620247943883116,0.707106781186548,0.175432610854706,85.6567104073634,2.19290763568382,0.068,0.438581527136765,0.5,0.457710755384572,0.471991359685865,0.457710755384572,0.352904668775671,0.457710755384572,0.00936565273094765,32.3650378954448,33.3748291095334,32.3650378954448,24.954128440367,32.3650378954448,0.662251655629139,2,2,2,2,2,2,12,12,12,12,12,12,NA,NA,NA,NA,NA,NA,26.5,NA,2,"R03","7H","Marcona","F. Glom",NA,"Carp",NA
"Lab_20",NA,NA,NA,NA,NA,NA,NA,NA,NA,NA,NA,NA,NA,NA,NA,NA,NA,NA,NA,NA,NA,NA,NA,NA,NA,NA,NA,NA,NA,NA,NA,NA,NA,NA,NA,NA,NA,NA,NA,NA,NA,NA,NA,NA,NA,NA,NA,NA,NA,NA,NA,"R01","Powder Ilo","Ilo","C.Cham","many","Unknown",NA
"Lab_21",NA,NA,NA,NA,NA,NA,NA,NA,NA,NA,NA,NA,NA,NA,NA,NA,NA,NA,NA,NA,NA,NA,NA,NA,NA,NA,NA,NA,NA,NA,NA,NA,NA,NA,NA,NA,NA,NA,NA,NA,NA,NA,NA,NA,NA,NA,NA,NA,NA,NA,NA,"R02","Powder Ilo","Ilo","C.Cham","many","Unknown",NA
"Lab_22",NA,NA,NA,NA,NA,NA,NA,NA,NA,NA,NA,NA,NA,NA,NA,NA,NA,NA,NA,NA,NA,NA,NA,NA,NA,NA,NA,NA,NA,NA,NA,NA,NA,NA,NA,NA,NA,NA,NA,NA,NA,NA,NA,NA,NA,NA,NA,NA,NA,NA,NA,"R03","Powder Ilo","Ilo","C.Cham","many","Unknown",NA
"Lab_28",NA,NA,NA,NA,NA,NA,NA,NA,NA,NA,NA,NA,NA,NA,NA,NA,NA,NA,NA,NA,NA,NA,NA,NA,NA,NA,NA,NA,NA,NA,NA,NA,NA,NA,NA,NA,NA,NA,NA,NA,NA,NA,NA,NA,NA,NA,NA,NA,NA,NA,NA,"R02","Mercado Lima","Paracas","C.Cham","many","Gam","Yes"
"Lab_29",NA,NA,NA,NA,NA,NA,NA,NA,NA,NA,NA,NA,NA,NA,NA,NA,NA,NA,NA,NA,NA,NA,NA,NA,NA,NA,NA,NA,NA,NA,NA,NA,NA,NA,NA,NA,NA,NA,NA,NA,NA,NA,NA,NA,NA,NA,NA,NA,NA,NA,NA,"R03","Mercado Lima","Paracas","C.Cham","many","Gam","Yes"
"Lab_32",NA,NA,NA,NA,NA,NA,NA,NA,NA,NA,NA,NA,NA,NA,NA,NA,NA,NA,NA,NA,NA,NA,NA,NA,NA,NA,NA,NA,NA,NA,NA,NA,NA,NA,NA,NA,NA,NA,NA,NA,NA,NA,NA,NA,NA,NA,NA,NA,NA,NA,NA,"R03","Mendieta","Paracas","C.Cham","I34","Gam","Yes"
"Lab_48",NA,NA,NA,NA,NA,NA,NA,NA,NA,NA,NA,NA,NA,NA,NA,NA,NA,NA,NA,NA,NA,NA,NA,NA,NA,NA,NA,NA,NA,NA,NA,NA,NA,NA,NA,NA,NA,NA,NA,NA,NA,NA,NA,NA,NA,NA,NA,NA,NA,NA,NA,"R02","7H","Marcona","F. Glom",NA,"Carp",NA
"Lab_51",NA,NA,NA,NA,NA,NA,NA,NA,NA,NA,NA,NA,NA,NA,NA,NA,NA,NA,NA,NA,NA,NA,NA,NA,NA,NA,NA,NA,NA,NA,NA,NA,NA,NA,NA,NA,NA,NA,NA,NA,NA,NA,NA,NA,NA,NA,NA,NA,NA,NA,NA,"R03","7H","Marcona","C.Cham",NA,"Carp",NA
"Lab_52",NA,NA,NA,NA,NA,NA,NA,NA,NA,NA,NA,NA,NA,NA,NA,NA,NA,NA,NA,NA,NA,NA,NA,NA,NA,NA,NA,NA,NA,NA,NA,NA,NA,NA,NA,NA,NA,NA,NA,NA,NA,NA,NA,NA,NA,NA,NA,NA,NA,NA,NA,"R01","7H","Marcona","C.Cham",NA,"Carp",NA
"Lab_53",NA,NA,NA,NA,NA,NA,NA,NA,NA,NA,NA,NA,NA,NA,NA,NA,NA,NA,NA,NA,NA,NA,NA,NA,NA,NA,NA,NA,NA,NA,NA,NA,NA,NA,NA,NA,NA,NA,NA,NA,NA,NA,NA,NA,NA,NA,NA,NA,NA,NA,NA,"R04","7H","Marcona","C.Cham",NA,"Carp",NA
"Lab_54",NA,NA,NA,NA,NA,NA,NA,NA,NA,NA,NA,NA,NA,NA,NA,NA,NA,NA,NA,NA,NA,NA,NA,NA,NA,NA,NA,NA,NA,NA,NA,NA,NA,NA,NA,NA,NA,NA,NA,NA,NA,NA,NA,NA,NA,NA,NA,NA,NA,NA,NA,"R01","Ilo","Ilo","C.Cham","Ilo_01","Gam","Yes"
"Lab_55",NA,NA,NA,NA,NA,NA,NA,NA,NA,NA,NA,NA,NA,NA,NA,NA,NA,NA,NA,NA,NA,NA,NA,NA,NA,NA,NA,NA,NA,NA,NA,NA,NA,NA,NA,NA,NA,NA,NA,NA,NA,NA,NA,NA,NA,NA,NA,NA,NA,NA,NA,"R02","Ilo","Ilo","C.Cham","Ilo_02","Gam","Yes"
"Lab_56",NA,NA,NA,NA,NA,NA,NA,NA,NA,NA,NA,NA,NA,NA,NA,NA,NA,NA,NA,NA,NA,NA,NA,NA,NA,NA,NA,NA,NA,NA,NA,NA,NA,NA,NA,NA,NA,NA,NA,NA,NA,NA,NA,NA,NA,NA,NA,NA,NA,NA,NA,"R03","Ilo","Ilo","C.Cham","Ilo_03","Gam","Yes"
"Lab_57",NA,NA,NA,NA,NA,NA,NA,NA,NA,NA,NA,NA,NA,NA,NA,NA,NA,NA,NA,NA,NA,NA,NA,NA,NA,NA,NA,NA,NA,NA,NA,NA,NA,NA,NA,NA,NA,NA,NA,NA,NA,NA,NA,NA,NA,NA,NA,NA,NA,NA,NA,"R01","Lima Market Freeze Dry","Paracas","C.Cham",NA,"Gam",NA
"Lab_58",NA,NA,NA,NA,NA,NA,NA,NA,NA,NA,NA,NA,NA,NA,NA,NA,NA,NA,NA,NA,NA,NA,NA,NA,NA,NA,NA,NA,NA,NA,NA,NA,NA,NA,NA,NA,NA,NA,NA,NA,NA,NA,NA,NA,NA,NA,NA,NA,NA,NA,NA,"R02","Lima Market Freeze Dry","Paracas","C.Cham",NA,"Gam",NA
"Lab_59",NA,NA,NA,NA,NA,NA,NA,NA,NA,NA,NA,NA,NA,NA,NA,NA,NA,NA,NA,NA,NA,NA,NA,NA,NA,NA,NA,NA,NA,NA,NA,NA,NA,NA,NA,NA,NA,NA,NA,NA,NA,NA,NA,NA,NA,NA,NA,NA,NA,NA,NA,"R03","Lima Market Freeze Dry","Paracas","C.Cham",NA,"Gam",NA
"Lab_60",NA,NA,NA,NA,NA,NA,NA,NA,NA,NA,NA,NA,NA,NA,NA,NA,NA,NA,NA,NA,NA,NA,NA,NA,NA,NA,NA,NA,NA,NA,NA,NA,NA,NA,NA,NA,NA,NA,NA,NA,NA,NA,NA,NA,NA,NA,NA,NA,NA,NA,NA,"R01","Lima Market Oven Dry","Paracas","C.Cham",NA,"Gam",NA
"Lab_61",NA,NA,NA,NA,NA,NA,NA,NA,NA,NA,NA,NA,NA,NA,NA,NA,NA,NA,NA,NA,NA,NA,NA,NA,NA,NA,NA,NA,NA,NA,NA,NA,NA,NA,NA,NA,NA,NA,NA,NA,NA,NA,NA,NA,NA,NA,NA,NA,NA,NA,NA,"R02","Lima Market Oven Dry","Paracas","C.Cham",NA,"Gam",NA
"Lab_62",NA,NA,NA,NA,NA,NA,NA,NA,NA,NA,NA,NA,NA,NA,NA,NA,NA,NA,NA,NA,NA,NA,NA,NA,NA,NA,NA,NA,NA,NA,NA,NA,NA,NA,NA,NA,NA,NA,NA,NA,NA,NA,NA,NA,NA,NA,NA,NA,NA,NA,NA,"R03","Lima Market Oven Dry","Paracas","C.Cham",NA,"Gam",NA
"Lab_63",NA,NA,NA,NA,NA,NA,NA,NA,NA,NA,NA,NA,NA,NA,NA,NA,NA,NA,NA,NA,NA,NA,NA,NA,NA,NA,NA,NA,NA,NA,NA,NA,NA,NA,NA,NA,NA,NA,NA,NA,NA,NA,NA,NA,NA,NA,NA,NA,NA,NA,NA,"R01","Ilo Freeze Dry","Ilo","C.Cham",NA,"Gam",NA
"Lab_65",NA,NA,NA,NA,NA,NA,NA,NA,NA,NA,NA,NA,NA,NA,NA,NA,NA,NA,NA,NA,NA,NA,NA,NA,NA,NA,NA,NA,NA,NA,NA,NA,NA,NA,NA,NA,NA,NA,NA,NA,NA,NA,NA,NA,NA,NA,NA,NA,NA,NA,NA,"R02","Ilo Freeze Dry","Ilo","C.Cham",NA,"Gam",NA
"Lab_66",NA,NA,NA,NA,NA,NA,NA,NA,NA,NA,NA,NA,NA,NA,NA,NA,NA,NA,NA,NA,NA,NA,NA,NA,NA,NA,NA,NA,NA,NA,NA,NA,NA,NA,NA,NA,NA,NA,NA,NA,NA,NA,NA,NA,NA,NA,NA,NA,NA,NA,NA,"R03","Ilo Freeze Dry","Ilo","C.Cham",NA,"Gam",NA
"Lab_68",NA,NA,NA,NA,NA,NA,NA,NA,NA,NA,NA,NA,NA,NA,NA,NA,NA,NA,NA,NA,NA,NA,NA,NA,NA,NA,NA,NA,NA,NA,NA,NA,NA,NA,NA,NA,NA,NA,NA,NA,NA,NA,NA,NA,NA,NA,NA,NA,NA,NA,NA,"R03","Ilo oven dry","Ilo","C.Cham",NA,"Gam",NA
"Lab_67",NA,NA,NA,NA,NA,NA,NA,NA,NA,NA,NA,NA,NA,NA,NA,NA,NA,NA,NA,NA,NA,NA,NA,NA,NA,NA,NA,NA,NA,NA,NA,NA,NA,NA,NA,NA,NA,NA,NA,NA,NA,NA,NA,NA,NA,NA,NA,NA,NA,NA,NA,"R02","Ilo oven dry","Ilo","C.Cham",NA,"Gam",NA
"Lab_64",NA,NA,NA,NA,NA,NA,NA,NA,NA,NA,NA,NA,NA,NA,NA,NA,NA,NA,NA,NA,NA,NA,NA,NA,NA,NA,NA,NA,NA,NA,NA,NA,NA,NA,NA,NA,NA,NA,NA,NA,NA,NA,NA,NA,NA,NA,NA,NA,NA,NA,NA,"R01","Ilo oven dry","Ilo","C.Cham",NA,"Gam",NA
"Lab_70",NA,NA,NA,NA,NA,NA,NA,NA,NA,NA,NA,NA,NA,NA,NA,NA,NA,NA,NA,NA,NA,NA,NA,NA,NA,NA,NA,NA,NA,NA,NA,NA,NA,NA,NA,NA,NA,NA,NA,NA,NA,NA,NA,NA,NA,NA,NA,NA,NA,NA,NA,"R01","Ilo Fresh","Ilo","C.Cham",NA,"Gam",NA
"Lab_71",NA,NA,NA,NA,NA,NA,NA,NA,NA,NA,NA,NA,NA,NA,NA,NA,NA,NA,NA,NA,NA,NA,NA,NA,NA,NA,NA,NA,NA,NA,NA,NA,NA,NA,NA,NA,NA,NA,NA,NA,NA,NA,NA,NA,NA,NA,NA,NA,NA,NA,NA,"R02","Ilo Fresh","Ilo","C.Cham",NA,"Gam",NA
"Lab_72",NA,NA,NA,NA,NA,NA,NA,NA,NA,NA,NA,NA,NA,NA,NA,NA,NA,NA,NA,NA,NA,NA,NA,NA,NA,NA,NA,NA,NA,NA,NA,NA,NA,NA,NA,NA,NA,NA,NA,NA,NA,NA,NA,NA,NA,NA,NA,NA,NA,NA,NA,"R03","Ilo Fresh","Ilo","C.Cham",NA,"Gam",NA
"Lab_73",NA,NA,NA,NA,NA,NA,NA,NA,NA,NA,NA,NA,NA,NA,NA,NA,NA,NA,NA,NA,NA,NA,NA,NA,NA,NA,NA,NA,NA,NA,NA,NA,NA,NA,NA,NA,NA,NA,NA,NA,NA,NA,NA,NA,NA,NA,NA,NA,NA,NA,NA,"R03","Lima Market Fresh","Paracas","C.Cham",NA,"Gam",NA
"Lab_74",NA,NA,NA,NA,NA,NA,NA,NA,NA,NA,NA,NA,NA,NA,NA,NA,NA,NA,NA,NA,NA,NA,NA,NA,NA,NA,NA,NA,NA,NA,NA,NA,NA,NA,NA,NA,NA,NA,NA,NA,NA,NA,NA,NA,NA,NA,NA,NA,NA,NA,NA,"R02","Lima Market Fresh","Paracas","C.Cham",NA,"Gam",NA
"Lab_75",NA,NA,NA,NA,NA,NA,NA,NA,NA,NA,NA,NA,NA,NA,NA,NA,NA,NA,NA,NA,NA,NA,NA,NA,NA,NA,NA,NA,NA,NA,NA,NA,NA,NA,NA,NA,NA,NA,NA,NA,NA,NA,NA,NA,NA,NA,NA,NA,NA,NA,NA,"R03","Lima Market Fresh","Paracas","C.Cham",NA,"Gam",NA
