"ID","PE_mg_per_g_sample_mean","PE_mg_per_mL_mean","PE_scaled_mean","X455_mean","X564_mean","X565_mean","X592_mean","Xred_mean","diff_absorbance_mean","total_PE_mg_mean","PE_mg_per_g_sample_sd","PE_mg_per_mL_sd","PE_scaled_sd","X455_sd","X564_sd","X565_sd","X592_sd","Xred_sd","diff_absorbance_sd","total_PE_mg_sd","PE_mg_per_g_sample_se","PE_mg_per_mL_se","PE_scaled_se","X455_se","X564_se","X565_se","X592_se","Xred_se","diff_absorbance_se","total_PE_mg_se","PE_mg_per_g_sample_cv","PE_mg_per_mL_cv","PE_scaled_cv","X455_cv","X564_cv","X565_cv","X592_cv","Xred_cv","diff_absorbance_cv","total_PE_mg_cv","PE_mg_per_g_sample_max_dev_pct","PE_mg_per_mL_max_dev_pct","PE_scaled_max_dev_pct","X455_max_dev_pct","X564_max_dev_pct","X565_max_dev_pct","X592_max_dev_pct","Xred_max_dev_pct","diff_absorbance_max_dev_pct","total_PE_mg_max_dev_pct","PE_mg_per_g_sample_n","PE_mg_per_mL_n","PE_scaled_n","X455_n","X564_n","X565_n","X592_n","Xred_n","diff_absorbance_n","total_PE_mg_n","join_ids","avg_sample_weight","replicate_date","replicate_count"
"BLANK_02",Inf,9.60000000000002e-05,Inf,0.019,0.011,0.01,0.008,NA,-0.001,0.000144,NA,NA,NA,NA,NA,NA,NA,NA,NA,NA,NA,NA,NA,NA,NA,NA,NA,NA,NA,NA,NA,NA,NA,NA,NA,NA,NA,NA,NA,NA,-Inf,0,-Inf,0,0,0,0,-Inf,0,0,1,1,1,1,1,1,1,1,1,1,"G08",0,NA,1
"Fresh_1",NA,NA,NA,NA,NA,NA,NA,8044.66666666667,NA,NA,NA,NA,NA,NA,NA,NA,NA,NA,NA,NA,NA,NA,NA,NA,NA,NA,NA,NA,NA,NA,NA,NA,NA,NA,NA,NA,NA,NA,NA,NA,-Inf,-Inf,-Inf,-Inf,-Inf,-Inf,-Inf,0,-Inf,-Inf,1,1,1,1,1,1,1,1,1,1,"G01",94.3,NA,1
"juice fresh  R2",0.217243007818649,0.00276,217.243007818649,0.0243333333333333,0.0393333333333333,0.0393333333333333,0.0143333333333333,47067.3333333333,0,0.00414,NA,NA,NA,NA,NA,NA,NA,NA,NA,NA,NA,NA,NA,NA,NA,NA,NA,NA,NA,NA,NA,NA,NA,NA,NA,NA,NA,NA,NA,NA,0,0,0,0,0,0,0,0,-Inf,0,1,1,1,1,1,1,1,1,1,1,"D09",19.057,"2025-05-15",1
"juice fresh R2",0.362176754759875,0.003348,362.176754759875,0.0261666666666667,0.0456666666666667,0.0466666666666667,0.0156666666666667,56450.8333333333,0.001,0.005022,0.190289889679926,0.00171402683759619,190.289889679926,0.000235702260395519,0.014613540144522,0.014613540144522,0.000471404520791029,20973.4942367742,0,0.00257104025639429,0.134555271383916,0.001212,134.555271383916,0.000166666666666669,0.0103333333333333,0.0103333333333333,0.000333333333333331,14830.5,0,0.001818,0.525406137139004,0.51195544731069,0.525406137139004,0.00900772969664405,0.32000452871216,0.313147288811185,0.0300896502632572,0.371535600066858,0,0.51195544731069,37.1518242448019,36.2007168458782,37.1518242448019,0.636942675159245,22.6277372262774,22.1428571428571,2.12765957446807,26.2715342259488,0,36.2007168458781,2,2,2,2,2,2,2,2,2,2,"D10, D11",13.923,"2025-05-15",2
"juice ilo",0.0612786015908868,0.000624000000000001,61.2786015908868,0.0103333333333333,0.00833333333333334,0.00833333333333334,0.00133333333333333,13391.3333333333,0,0.000936000000000001,NA,NA,NA,NA,NA,NA,NA,NA,NA,NA,NA,NA,NA,NA,NA,NA,NA,NA,NA,NA,NA,NA,NA,NA,NA,NA,NA,NA,NA,NA,0,0,0,0,0,0,0,0,-Inf,0,1,1,1,1,1,1,1,1,1,1,"D06",15.2745,"2025-05-15",1
"Lab_01",0.0318572988702822,0.00032,31.8572988702822,0.024,0.0153333333333333,0.0148333333333333,0.00983333333333333,10074.3333333333,-5e-04,0.00048,0.0174435099545356,0.000100303539319408,17.4435099545356,0.00653537383101465,0.00348966728754731,0.00331829943059862,0.00300185128064518,8992.77490647456,0.000547722557505167,0.000150455308979112,0.00659302704739727,3.79111743798204e-05,6.59302704739727,0.00247013912595775,0.00131897025731536,0.00125419929557303,0.00113459313734113,3398.94942841626,0.000207019667802706,5.68667615697306e-05,0.547551442624272,0.31344856037315,0.547551442624272,0.272307242958944,0.227586997013955,0.223705579590918,0.305273011591035,0.892642183748261,-1.09544511501033,0.31344856037315,97.4825976784579,47.5000000000001,97.4825976784579,31.9444444444444,32.6086956521739,30.3370786516854,55.9322033898305,146.398438275486,-100,47.5000000000001,7,7,7,7,7,7,7,7,7,7,"A02, A03, A04, A06, A01",18.2857142857143,"Mixed (2025-05-06; NA)",7
"Lab_02",0.00983261752630622,0.000168,9.83261752630622,0.0196666666666667,0.0106666666666667,0.0101666666666667,0.00666666666666667,1291.83333333333,-5e-04,0.000252,0.0103888705828011,0.000188976188976284,10.3888705828011,0.00737864787372622,0.00676592771006148,0.00718795288428261,0.00492160768674446,775.961076725239,0.001,0.000283464283464425,0.00519443529140053,9.44880944881418e-05,5.19443529140053,0.00368932393686311,0.00338296385503074,0.0035939764421413,0.00246080384337223,387.98053836262,5e-04,0.000141732141732213,1.05657222555506,1.12485826771597,1.05657222555506,0.375185485104723,0.634305722818264,0.707011759109765,0.73824115301167,0.600666554038374,-2,1.12485826771597,143.184879818811,157.142857142857,143.184879818811,47.4576271186441,78.125,86.8852459016394,90,64.1852664172365,-100,157.142857142857,4,4,4,4,4,4,4,4,4,4,"A06, A08, A03, A04",21.05,"Mixed (2025-05-06; NA)",4
"Lab_03",0.0273648493135429,0.000256,27.3648493135429,0.026,0.0166666666666667,0.0148333333333333,0.0116666666666667,15215.9444444444,-0.00183333333333333,0.000384,0.0332602093216501,0.000244595993425894,33.2602093216501,0.0190764543642447,0.0178786029779858,0.0163404746293096,0.0159052751556764,10756.9063776961,0.00172240142436851,0.000366893990138841,0.0135784235960339,9.98558961704314e-05,13.5784235960339,0.0077879298823148,0.00729890910164485,0.00667097083278377,0.00649330139166225,4391.48863937425,0.000703167436990967,0.000149783844255647,1.215435500505,0.955453099319898,1.215435500505,0.733709783240181,1.07271617867915,1.10160503118941,1.36330929905798,0.706949635428222,-0.939491686019187,0.955453099319898,238.658058244334,143.75,238.658058244334,142.307692307692,218,223.595505617978,277.142857142857,112.527064081172,-9.09090909090879,143.75,6,6,6,6,6,6,6,6,6,6,"A08, A09, A10, A12, A06",17.7166666666667,"Mixed (2025-05-06; NA)",6
"Lab_04",0.0186198547215497,0.000296,18.6198547215497,0.0205555555555556,0.0115555555555556,0.0108888888888889,0.00622222222222222,6229.88888888889,-0.000666666666666667,0.000444,0.0251946441340521,0.000394603598564433,25.1946441340521,0.00521038848341927,0.00414103225635205,0.00390631018472154,0.00101835015443463,3158.33416593363,0.000577350269189626,0.000591905397846649,0.0145461345729318,0.00022782449385437,14.5461345729318,0.00300821919348464,0.00239082608792778,0.00225530923668716,0.00058794473579213,1823.46508089258,0.000333333333333334,0.000341736740781555,1.3531063754699,1.33312026542038,1.3531063754699,0.253478358652829,0.35835856064585,0.358742772066264,0.163663417676994,0.506964766509171,-0.866025403784439,1.33312026542038,153.966189856957,151.351351351351,153.966189856957,27.027027027027,41.3461538461538,40.8163265306122,17.8571428571428,58.42622483012,-50,151.351351351351,3,3,3,3,3,3,3,3,3,3,"B01, B02, A08",24.3333333333333,"Mixed (2025-05-06; NA)",3
"Lab_05",0.0154792662636556,0.000237,15.4792662636556,0.0334166666666667,0.0222916666666667,0.0207916666666667,0.0170416666666667,4253.79166666667,-0.0015,0.000355499999999999,0.0180019521887544,0.000295178396422037,18.0019521887544,0.0233215956871914,0.0229107568137279,0.0211118995257959,0.0199343665124821,3054.07472251651,0.002,0.000442767594633056,0.00636465123363212,0.000104361322884897,6.36465123363212,0.008245429229252,0.00810017575255144,0.00746418365920967,0.00704786286981706,1079.77847327092,0.000707106781186547,0.000156541984327345,1.16297193175247,1.24547846591577,1.16297193175247,0.697903112833658,1.02777226827938,1.0154019812006,1.16974277823856,0.717965279411468,-1.33333333333333,1.24547846591577,205.008738462958,224.050632911392,205.008738462958,128.428927680798,188.598130841121,190.180360721443,212.958435207824,147.684908561969,-33.3333333333333,224.050632911392,8,8,8,8,8,8,8,8,8,8,"B02, B03, B04, B05, B06, A09, A10",19.25,"Mixed (2025-05-06; NA)",8
"Lab_06",0.0859992049775321,0.0008688,85.9992049775321,0.173266666666667,0.143066666666667,0.139266666666667,0.126466666666667,8504,-0.0038,0.0013032,0.0835309807121224,0.000598173219059497,83.5309807121224,0.286211305002285,0.255284307738995,0.247888908810199,0.243617140429632,4199.81684124439,0.00739594483484024,0.000897259828589246,0.0373561902199059,0.000267511196027382,37.3561902199059,0.127997586782807,0.114166613138674,0.11085929019357,0.108948897296954,1878.21519001418,0.00330756708170825,0.000401266794041072,0.971299452523375,0.688505086394449,0.971299452523375,1.6518543959347,1.78437307366492,1.77995865588941,1.92633479517369,0.493863692526386,-1.94630127232638,0.688505086394449,163.723368209338,77.9005524861879,163.723368209338,294.767218160831,318.685927306617,317.903303015797,344.385872430153,78.10442144873,-73.6842105263158,77.9005524861879,5,5,5,5,5,5,5,5,5,5,"B06, B07, B08, B09",19.32,"2025-05-06",5
"Lab_07",0.0534711193490243,0.0005616,53.4711193490243,0.0194666666666667,0.0132666666666667,0.0128666666666667,0.00586666666666667,14058.2,-0.000399999999999999,0.0008424,0.0332472116031159,0.000252627789445263,33.2472116031159,0.00237580395749406,0.00292878435153184,0.00291166237358966,0.00134577528254576,11072.5902886362,0.000547722557505165,0.000378941684167894,0.0148686050413774,0.000112978582041022,14.8686050413774,0.00106249183003395,0.00130979218029257,0.00130213499897497,0.000601849002842259,4951.8129144789,0.000244948974278317,0.000169467873061533,0.621778859464301,0.449835807416778,0.621778859464301,0.122044723843873,0.220762639562701,0.22629500312873,0.229393514070299,0.787625036536411,-1.36930639376292,0.449835807416778,84.983034066411,74.3589743589743,84.983034066411,14.7260273972603,37.1859296482412,35.2331606217616,36.3636363636363,107.416312187905,-100,74.3589743589743,5,5,5,5,5,5,5,5,5,5,"B08, B10, B11, B12",19.72,"2025-05-06",5
"Lab_08",0.0237599005255054,0.00036,23.7599005255054,0.018,0.0122,0.0124,0.007,8234.2,2e-04,0.00054,0.012826300921607,0.000269933325100848,12.826300921607,0.00533853912601566,0.00329646275068696,0.00328633534503099,0.00445346307196246,2113.90271772378,0.00109544511501033,0.000404899987651272,0.00573609615211629,0.000120717852863609,5.73609615211629,0.00238746727726266,0.0014742229591664,0.00146969384566991,0.00199164923283862,945.366034930386,0.000489897948556636,0.000181076779295414,0.539829739936766,0.7498147919468,0.539829739936766,0.29658550700087,0.270201864810407,0.265027043954112,0.636209010280352,0.256722294542734,5.47722557505166,0.7498147919468,71.1398503130011,86.6666666666666,71.1398503130011,44.4444444444444,39.8907103825136,40.8602150537634,85.7142857142857,44.7135119380146,900,86.6666666666666,5,5,5,5,5,5,5,5,5,5,"B11, B12, C01, C02, C03",19.34,"2025-05-06",5
"Lab_09",0.0581692651052015,0.000468,58.1692651052015,0.0282222222222222,0.0197222222222222,0.0195555555555556,0.0127222222222222,18656.3333333333,-0.000166666666666667,0.000702,0.0488588799048018,0.000259710608177641,48.8588799048018,0.00830706972448212,0.00843647284557202,0.00821561295925607,0.00776149088389214,16744.5601275957,0.000408248290463863,0.000389565912266461,0.0199465541951145,0.000106026411803852,19.9465541951145,0.00339134701378394,0.00344417561674958,0.00335400994572905,0.00316861538479982,6835.9380466603,0.000166666666666667,0.000159039617705778,0.839943221157057,0.55493719696077,0.839943221157057,0.294344990237555,0.427764820338863,0.42011657178014,0.610073519257897,0.897526852057157,-2.44948974278318,0.55493719696077,104.291649965653,74.3589743589743,104.291649965653,42.9133858267717,56.056338028169,55.6818181818182,91.2663755458516,140.154371169755,-100,74.3589743589743,6,6,6,6,6,6,6,6,6,6,"C02, C03, C04, C05, C06",17.5166666666667,"2025-05-06",6
"Lab_10",0.0562156801723622,0.0007104,56.2156801723622,0.0372666666666667,0.0268666666666667,0.0252666666666667,0.0168666666666667,16770,-0.0016,0.0010656,0.0309842197493232,0.000499292299159521,30.9842197493232,0.0199351727133504,0.0157843100718544,0.016188816441537,0.0150270127141462,8133.18218780325,0.00151657508881031,0.000748938448739281,0.0138565643178556,0.00022329030431257,13.8565643178556,0.00891528026605009,0.00705895805972021,0.00723985880770858,0.0067202843855169,3637.2696490637,0.000678232998312527,0.000334935456468855,0.551166856904032,0.702832628321397,0.551166856904032,0.534933078175772,0.587505337662075,0.640718328820724,0.890929607558074,0.484984030280456,-0.947859430506444,0.702832628321397,67.8443423976678,119.594594594595,67.8443423976678,79.7853309481216,97.2704714640198,105.804749340369,154.940711462451,82.6535480023852,-25,119.594594594595,5,5,5,5,5,5,5,5,5,5,"C05, C06, C07, C08, C09",19.56,"2025-05-06",5
"Lab_11",0.0345981447149858,0.000372,34.5981447149858,0.0408888888888889,0.0297222222222222,0.0288888888888889,0.0230555555555556,11814.5,-0.000833333333333334,0.000558,0.0144915058727842,0.000130353365894402,14.4915058727842,0.0308542571646959,0.0242591716142041,0.0247140685680279,0.0224127113404342,4604.52489405802,0.00160208197875972,0.000195530048841603,0.00591613249881119,5.32165387826002e-05,5.91613249881119,0.0125961977410195,0.00990376533956831,0.0100894762433041,0.00914995108939232,1879.78941639749,0.00065404722901162,7.98248081739003e-05,0.418852108752161,0.350412273909684,0.418852108752161,0.754587811093105,0.816196428141447,0.855486988893274,0.972117600307991,0.389735062343562,-1.92249837451167,0.350412273909684,75.0404484472835,54.8387096774193,75.0404484472834,146.195652173913,154.579439252336,161.923076923077,184.819277108434,55.2922256549156,-20,54.8387096774193,6,6,6,6,6,6,6,6,6,6,"C08, C09, C10, C11, C12",17.7333333333333,"2025-05-06",6
"Lab_12",0.037284413049667,0.000276,37.284413049667,0.0198333333333333,0.0113333333333333,0.0110833333333333,0.00633333333333333,14500.25,-0.00025,0.000414,0.0376934278621491,0.000223857097274132,37.6934278621491,0.00288675134594813,0.00258198889747161,0.00211476292340825,0.0014142135623731,10987.6170414699,5e-04,0.000335785645911197,0.0188467139310745,0.000111928548637066,18.8467139310746,0.00144337567297406,0.00129099444873581,0.00105738146170413,0.000707106781186548,5493.80852073496,0.00025,0.000167892822955599,1.01097012877572,0.811076439399027,1.01097012877572,0.145550488030998,0.227822549776907,0.190805677299993,0.223296878269436,0.757753627797446,-2,0.811076439399027,146.314014844597,117.391304347826,146.314014844597,17.6470588235294,32.3529411764706,26.3157894736842,26.3157894736842,107.010223961656,-100,117.391304347826,4,4,4,4,4,4,4,4,4,4,"C11, C12, D01, D02",13.675,"2025-05-06",4
"Lab_13",0.0454759956223539,0.000449142857142857,45.4759956223539,0.0159047619047619,0.0111904761904762,0.0111904761904762,0.00533333333333333,19611.6666666667,0,0.000673714285714286,0.0378876598015356,0.000310059902046593,37.8876598015356,0.0031781329582837,0.00376562002595777,0.00376562002595777,0.00121716123890037,16481.3631043606,0,0.000465089853069889,0.0143201893704403,0.000117191627478333,14.3201893704403,0.00120122134873095,0.00142327058866412,0.00142327058866412,0.000460043706228236,6229.36972021336,0,0.0001757874412175,0.833135355983538,0.69033693203758,0.833135355983538,0.199822730910053,0.336502215085588,0.336502215085588,0.228217732293819,0.84038564312198,NA,0.69033693203758,119.896230157179,97.7099236641222,119.896230157179,32.9341317365269,45.9574468085107,45.9574468085107,37.5,143.977224441234,-Inf,97.7099236641222,7,7,7,7,7,7,7,7,7,7,"D02, D03, D04, D05, D06, B02",19.2,"Mixed (2025-05-06; NA)",7
"Lab_14",0.00960468338824136,9.2e-05,9.60468338824136,0.0181666666666667,0.01,0.01,0.007,7756.05555555556,0,0.000138,0.00925925748658203,6.33466652634531e-05,9.25925748658203,0.00523556215807922,0.00352766841475279,0.00352766841475279,0.00352766841475279,6038.85974673537,0,9.50199978951797e-05,0.00378007603986184,2.58611678003913e-05,3.78007603986184,0.00213740930065313,0.00144016459964619,0.00144016459964619,0.00144016459964619,2465.35416795575,0,3.8791751700587e-05,0.964035680542868,0.68855070938536,0.964035680542868,0.288196082096104,0.352766841475279,0.352766841475279,0.50395263067897,0.778599341312069,NA,0.688550709385361,127.161905668779,99.9999999999998,127.161905668779,54.1284403669725,60,60,85.7142857142857,114.245499931953,-Inf,99.9999999999998,6,6,6,6,6,6,6,6,6,6,"D05, D06, D08, D09, B03, B04",20.4166666666667,"Mixed (2025-05-06; NA)",6
"Lab_15",0.0191455418281089,0.0002256,19.1455418281089,0.0164666666666667,0.00906666666666667,0.00886666666666667,0.00486666666666667,9484.6,-2e-04,0.0003384,0.00999769425170761,0.000157926565213076,9.99769425170761,0.00448825628105665,0.00197765292989218,0.00237580395749406,0.00146439217576592,4603.63142529895,0.000447213595499958,0.000236889847819614,0.00447110479301542,7.06269070538983e-05,4.47110479301542,0.00200720922897661,0.000884433277428107,0.00106249183003395,0.000654896090146283,2058.80656206454,2e-04,0.000105940360580847,0.522194375143216,0.700029101121791,0.522194375143216,0.272566170914371,0.218123484914578,0.267947814754969,0.300902501869709,0.485379607500469,-2.23606797749979,0.700029101121791,75.9957450036553,112.765957446808,75.9957450036553,35.6275303643725,33.8235294117647,43.609022556391,43.8356164383561,56.4747063661093,-100,112.765957446808,5,5,5,5,5,5,5,5,5,5,"D08, D09, D10, D11, D12",18.98,"2025-05-06",5
"Lab_16",0.0279872103506444,0.000264,27.9872103506444,0.0203333333333333,0.0133333333333333,0.0125833333333333,0.00883333333333334,9881.41666666667,-0.000749999999999999,0.000396,0.0223033654600305,0.000128499027233672,22.3033654600305,0.00820568908339411,0.00671648055986996,0.00641396046829795,0.00523874454850057,9443.43036925083,0.000957427107756336,0.000192748540850508,0.0111516827300152,6.4249513616836e-05,11.1516827300152,0.00410284454169706,0.00335824027993498,0.00320698023414898,0.00261937227425028,4721.71518462542,0.000478713553878168,9.6374270425254e-05,0.79691277482098,0.486738739521485,0.79691277482098,0.403558479511186,0.503736041990247,0.50971871271242,0.59306542058497,0.955675758629498,-1.27656947700845,0.486738739521485,116.506249271626,54.5454545454545,116.506249271626,49.1803278688524,60,65.5629139072848,73.5849056603773,125.139782588529,-33.3333333333336,54.5454545454545,4,4,4,4,4,4,4,4,4,4,"D11, D12, E02, B06",17.425,"Mixed (2025-05-06; 2025-05-12; NA)",4
"Lab_17",0.0304162660803622,0.000465600000000001,30.4162660803622,0.150466666666667,0.127466666666667,0.124066666666667,0.116866666666667,4760.06666666667,-0.0034,0.000698400000000001,0.0351460850123343,0.000634208798425252,35.1460850123343,0.298288879369573,0.263616366883562,0.256014365916359,0.248841493503171,3887.40266330447,0.00760263112349929,0.000951313197637878,0.0157178070461132,0.000283626797041465,15.7178070461132,0.13339884224052,0.117892823266634,0.114493105081097,0.111285299019133,1738.4993222125,0.0034,0.000425440195562197,1.15550294436127,1.3621322990233,1.15550294436127,1.98242498473354,2.06812003308234,2.06352256246394,2.12927689820169,0.816669793834358,-2.23606797749979,1.3621322990233,191.270959314758,224.742268041237,191.270959314758,354.585733274258,369.926778242678,369.102632993014,380.889903023389,125.248946093192,-100,224.742268041237,5,5,5,5,5,5,5,5,5,5,"E02, E03, E05, B07, B08",19.02,"Mixed (2025-05-06; 2025-05-12; NA)",5
"Lab_18",0.0176503426008594,0.000192,17.6503426008594,0.0135333333333333,0.00713333333333333,0.00693333333333333,0.00353333333333333,5877.33333333333,-0.000199999999999999,0.000288,0.0138969022619327,0.000211962260791868,13.8969022619327,0.00377565299723843,0.00342863756549968,0.00300370142028502,0.00165998661306516,4341.16484623911,0.000447213595499955,0.000317943391187803,0.00621488362687042,9.47924047590313e-05,6.21488362687042,0.00168852335225519,0.00153333333333333,0.00134329611197399,0.00074236858171067,1941.42793954461,0.000199999999999999,0.000142188607138547,0.787344618526329,1.10397010829098,0.78734461852633,0.278989137726978,0.480650126004628,0.433226166387262,0.469807531999575,0.738628320027072,-2.23606797749979,1.10397010829098,94.6525755899837,187.5,94.6525755899837,33.4975369458128,82.2429906542056,73.0769230769231,69.8113207547169,126.854582577132,-100,187.5,5,5,5,5,5,5,5,5,5,5,"E05, E06, E07, E08, B10",15.96,"Mixed (2025-05-06; 2025-05-12; NA)",5
"Lab_19",0.00196116616369419,3.35999999999999e-05,1.96116616369419,0.0174666666666667,0.00926666666666667,0.00966666666666667,0.00686666666666667,2159.26666666667,4e-04,5.03999999999999e-05,0.00227023346982592,4.01596812736354e-05,2.27023346982592,0.00568428633261125,0.00468093058174452,0.00504424865014052,0.0041806432253635,398.285868859709,0.000894427190999917,6.02395219104532e-05,0.0010152792726652,1.79599554565148e-05,1.0152792726652,0.00254209012865835,0.00209337579574768,0.00225585657542515,0.00186964048831735,178.118855449575,4e-04,2.69399331847722e-05,1.15759363579349,1.19522860933439,1.15759363579349,0.325436240416675,0.505136393713437,0.521818825876605,0.608831537674296,0.184454229303024,2.23606797749979,1.19522860933439,173.976495608969,185.714285714285,173.976495608969,48.8549618320611,72.6618705035971,65.5172413793103,89.3203883495145,28.0311216771126,400,185.714285714285,5,5,5,5,5,5,5,5,5,5,"E10, E11, E12, B11, B12",25.44,"Mixed (2025-05-12; NA)",5
"Lab_20",0.0476041412580968,0.00056,47.6041412580968,0.0118888888888889,0.0112222222222222,0.0112222222222222,0.00522222222222222,13260.6666666667,0,0.00084,0.0195623830746649,0.00010822199406775,19.5623830746649,0.00236486629486586,0.00252395926480012,0.00252395926480012,0.00283496684937179,9405.58027626862,0,0.000162332991101624,0.0112943471341484,6.24819974072533e-05,11.2943471341484,0.00136535619193828,0.001457208560956,0.001457208560956,0.00163676887362847,5430.31430438832,0,9.37229961108799e-05,0.410938682174791,0.193253560835267,0.410938682174791,0.198913987418624,0.224907261219813,0.224907261219813,0.542865992432897,0.709284119169621,NA,0.193253560835267,46.6173247174699,20,46.6173247174699,21.4953271028037,25.7425742574258,25.7425742574258,55.3191489361702,81.8686843295963,-Inf,20,3,3,3,3,3,3,3,3,3,3,"E12, F02, F03",20.0333333333333,"Mixed (2025-05-06; 2025-05-12)",3
"Lab_21",0.0918369538486437,9e-04,91.8369538486437,0.0147222222222222,0.0162222222222222,0.0150555555555556,0.00722222222222222,25071.3333333333,-0.00116666666666667,0.00135,0.0353631079872162,0.000289097907290938,35.3631079872162,0.00252469286727595,0.00437501322749323,0.00367826448608982,0.00240985630430684,15426.2658821462,0.00147196014438798,0.000433646860936407,0.01443692838127,0.000118023726428206,14.43692838127,0.00103070154701172,0.0017860916708809,0.00150164518832011,0.000983819716496829,6297.74667462719,0.000600925212577332,0.000177035589642309,0.385064034740286,0.321219896989931,0.385064034740286,0.171488572116857,0.269692596215336,0.244312770293789,0.333672411365562,0.615294993570858,-1.26168012376112,0.321219896989931,53.9827185090792,62.6666666666667,53.9827185090792,27.5471698113207,43.8356164383561,35.7933579335793,63.076923076923,68.0910468795703,-14.2857142857143,62.6666666666667,6,6,6,6,6,6,6,6,6,6,"F02, F03, F04, F05, F06",16.85,"Mixed (2025-05-06; 2025-05-12)",6
"Lab_22",0.0537081991877827,0.0005328,53.7081991877827,0.0116666666666667,0.0106666666666667,0.0104666666666667,0.00486666666666666,18183.6,-2e-04,0.0007992,0.0334859894559656,0.00013932408262752,33.4859894559657,0.00198606254796883,0.00263523138347365,0.00254514788917614,0.00177325814376938,16292.5394368097,0.000447213595499958,0.00020898612394128,0.0149753897434761,6.23076239315864e-05,14.9753897434761,0.000888194172964947,0.00117851130197758,0.00113822473859759,0.000793025150224688,7286.24514136053,2e-04,9.34614358973797e-05,0.623480026557712,0.261494149075675,0.623480026557712,0.170233932683042,0.247052942200654,0.24316699578116,0.364368111733435,0.896001860842172,-2.23606797749979,0.261494149075675,79.9849336386912,41.4414414414414,79.9849336386912,22.8571428571428,40.625,39.4904458598726,52.0547945205479,103.634043863701,-100,41.4414414414414,5,5,5,5,5,5,5,5,5,5,"F05, F06, F07, F08, F09",18.52,"Mixed (2025-05-06; 2025-05-12)",5
"Lab_23",0.0449636694194503,0.000744,44.9636694194503,0.0168333333333333,0.0138333333333333,0.0135833333333333,0.00533333333333334,10863.6666666667,-0.00025,0.001116,0.0155335701036475,0.000250183932337791,15.5335701036475,0.00687723027797501,0.00487244709984016,0.00490936369113675,0.00327730693416725,3793.85000142775,5e-04,0.000375275898506686,0.00694682373700284,0.000111885655917101,6.94682373700284,0.00307559087969438,0.00217902458640286,0.00219553418793021,0.00146565621758588,1696.66129992602,0.000223606797749979,0.000167828483875652,0.34546936013474,0.336268726260471,0.34546936013474,0.40854833334505,0.35222509155471,0.361425547813748,0.614495050156359,0.349223712199173,-2,0.336268726260471,41.0975211097337,41.9354838709678,41.0975211097337,54.4554455445545,46.9879518072289,46.0122699386503,87.5,47.8015403025375,-100,41.9354838709678,5,5,5,5,5,5,5,5,5,5,"F10, F11, F12, C01, C02",24.56,"Mixed (2025-05-12; NA)",5
"Lab_24",0.0385803882528621,0.000632,38.5803882528621,0.0251111111111111,0.0194444444444444,0.0194444444444444,0.0114444444444444,4998.77777777778,0,0.000948,0.00970133593288565,0.000159799874843505,9.70133593288565,0.00983380413185577,0.00984509654223492,0.00984509654223492,0.00844151996143226,3564.83473722187,0,0.000239699812265258,0.00560106891235052,9.22605007573664e-05,5.60106891235052,0.00567754946268499,0.00568406913885719,0.00568406913885719,0.00487371382210251,2058.15829515157,0,0.00013839075113605,0.251457706161522,0.252847903233395,0.251457706161522,0.391611668967708,0.50631925074351,0.50631925074351,0.737608540319324,0.713141270866141,NA,0.252847903233395,28.967332404397,29.1139240506329,28.967332404397,39.3805309734513,52,52,79.6116504854369,81.6043921847563,-Inf,29.1139240506329,3,3,3,3,3,3,3,3,3,3,"G01, C03, C04",24.5666666666667,"Mixed (2025-05-12; NA)",3
"Lab_25",0.0194573876275178,0.00033,19.4573876275178,0.0271666666666667,0.0189166666666667,0.0181666666666667,0.0134166666666667,2806.08333333333,-0.000750000000000001,0.000495,0.0131366097463156,0.000229678035519289,13.1366097463156,0.0269120653101775,0.0229191412805331,0.0227017702034526,0.0197865929169036,2505.50530683784,0.000957427107756339,0.000344517053278934,0.00656830487315778,0.000114839017759645,6.56830487315778,0.0134560326550888,0.0114595706402666,0.0113508851017263,0.00989329645845179,1252.75265341892,0.000478713553878169,0.000172258526639467,0.675147661021922,0.69599404702815,0.675147661021922,0.990628170926779,1.21158456108545,1.24963872679556,1.4747771118189,0.892883428326972,-1.27656947700845,0.69599404702815,86.4539601201845,89.090909090909,86.4539601201845,146.625766871166,180.176211453745,186.238532110092,220.496894409938,133.100703827993,-33.3333333333333,89.090909090909,4,4,4,4,4,4,4,4,4,4,"G05, G06, C05, C06",24.925,"Mixed (2025-05-12; NA)",4
"Lab_26",0.0891859768354765,0.001488,89.1859768354765,0.0253333333333333,0.0286666666666667,0.029,0.014,28445.8888888889,0.000333333333333334,0.002232,0.0599732443684616,0.000958799249061033,59.9732443684616,0.0180954260641866,0.00788106027835793,0.00796520209689902,0.0131698308434256,9630.68222074828,0.000577350269189626,0.00143819887359155,0.0346255687803065,0.000553563004544199,34.6255687803065,0.0104473991092591,0.00455013227320962,0.00459871157479442,0.00760360538263361,5560.27697262876,0.000333333333333334,0.000830344506816298,0.67245150523042,0.644354334046393,0.67245150523042,0.71429313411263,0.274920707384579,0.27466214127238,0.940702203101829,0.338561479248064,1.73205080756888,0.644354334046393,71.3948179648419,70.9677419354839,71.3948179648419,81.5789473684211,29.0697674418605,29.8850574712644,107.142857142857,35.5942862276525,200,70.9677419354839,3,3,3,3,3,3,3,3,3,3,"G08, G09, C08",25.3,"Mixed (2025-05-12; NA)",3
"Lab_35",0.036346035897724,0.0006048,36.346035897724,0.0284666666666667,0.0184666666666667,0.0174666666666667,0.00966666666666667,9478.26666666667,-0.001,0.0009072,0.0278781876168736,0.000463641240616061,27.8781876168736,0.00671896155997669,0.00625655212113225,0.00621646559102875,0.00304594448041618,5014.74648412061,0.00173205080756888,0.000695461860924091,0.0124675045201644,0.00020734666623797,12.4675045201644,0.00300481095726318,0.00279801516952444,0.00278008792826574,0.00136218778278017,2242.66280568435,0.000774596669241484,0.000311019999356955,0.767021407652858,0.766602580383698,0.767021407652858,0.236029094612764,0.338802461433154,0.355904518570348,0.315097704870639,0.529078433903591,-1.73205080756888,0.766602580383698,104.644505107953,98.4126984126984,104.644505107953,40.2810304449649,51.2635379061372,48.4732824427481,48.2758620689655,72.1622800230703,0,98.4126984126985,5,5,5,5,5,5,5,5,5,5,"G10, G11, G12, C09, C10",24.78,"Mixed (2025-05-12; NA)",5
"Lab_36",0.0325745680192082,0.000552000000000001,32.5745680192082,0.0622,0.0452,0.0454,0.0352,7310.66666666667,0.000199999999999995,0.000828000000000001,0.029569303468651,0.000512218703289914,29.569303468651,0.0805876334598967,0.0645151145081523,0.0649702496019011,0.0555130615260949,5239.55627892286,0.00083666002653407,0.000768328054934871,0.0132237945206448,0.000229071167980609,13.2237945206448,0.0360398853124331,0.0288520363232823,0.0290555789249959,0.0248261958422953,2343.20080232147,0.000374165738677391,0.000343606751970913,0.907741998334865,0.92793243349622,0.907741998334866,1.2956211167186,1.42732554221576,1.4310627665617,1.57707561153679,0.71670020229658,4.18330013267046,0.92793243349622,152.729618231021,156.521739130435,152.729618231021,230.117899249732,254.719764011799,255.359765051395,281.628787878788,127.694692686485,600.000000000014,156.521739130435,5,5,5,5,5,5,5,5,5,5,"H01, H02, H03, C11, C12",25.04,"Mixed (2025-05-12; NA)",5
"Lab_37",0.157512190886199,0.0026544,157.512190886199,0.0590666666666667,0.0592666666666667,0.0594666666666667,0.0316666666666667,36512.2666666667,2e-04,0.0039816,0.133626712436211,0.00222997327338244,133.626712436211,0.0489633649896646,0.0525744974087036,0.0525830559950425,0.031074283758618,7174.37976180984,0.000447213595499958,0.00334495991007366,0.0597596825234371,0.000997274365458172,59.7596825234371,0.0218970825048047,0.0235120300177495,0.0235158575339186,0.0138968421672775,3208.48016876111,2e-04,0.00149591154818726,0.848357906041415,0.840104458025332,0.848357906041415,0.828950874542854,0.887083758302085,0.884244215163271,0.981293171324779,0.196492313865564,2.23606797749979,0.840104458025332,111.043572544095,107.052441229656,111.043572544095,132.505643340858,133.408323959505,132.62331838565,156.842105263158,26.2092739608972,400,107.052441229656,5,5,5,5,5,5,5,5,5,5,"H04, H05, H06, D01, D02",25.32,"Mixed (2025-05-12; NA)",5
"Lab_38",0.0231333718760208,0.000312,23.1333718760208,0.0259047619047619,0.0149047619047619,0.014047619047619,0.0089047619047619,3383.04761904762,-0.000857142857142857,0.000468,0.0186362459243553,0.00025095019426173,18.6362459243553,0.0131609893325555,0.00768045688676253,0.00807930270971031,0.00620845983678509,2947.51925466379,0.00186445447147161,0.000376425291392595,0.00704383886966931,9.48502579256979e-05,7.04383886966932,0.00497438639735941,0.00290293983967529,0.00305368939095768,0.00234657725040943,1114.05756177355,0.000704697551759464,0.000142275386888547,0.805600066615148,0.804327545710673,0.805600066615148,0.508052897028798,0.515302219239659,0.575136803064124,0.697206719638967,0.871261532964634,-2.17519688338354,0.804327545710673,114.155051279068,115.384615384615,114.155051279068,102.022058823529,103.514376996805,115.932203389831,150.802139037433,191.187151624345,-16.6666666666668,115.384615384615,7,7,7,7,7,7,7,7,7,7,"F09, F10, H07, H08, H09, D03, D04",20.7285714285714,"Mixed (2025-05-06; 2025-05-12; NA)",7
"Lab_39",0.05021849130487,0.0007248,50.21849130487,0.0578666666666667,0.0424666666666667,0.0414666666666667,0.0310666666666667,10791,-0.001,0.0010872,0.0204933480533166,0.000477413028728794,20.4933480533166,0.0331181387023956,0.0240515649756472,0.0240515649756472,0.0185403463949422,2743.82834740076,0,0.000716119543093191,0.00916490386675579,0.000213505597116329,9.16490386675579,0.0148108818853646,0.01075618685016,0.01075618685016,0.00829149497309676,1227.0773406758,0,0.000320258395674493,0.408083706236894,0.658682434780345,0.408083706236894,0.572318065133564,0.566363382472068,0.580021663399851,0.596792265931614,0.254270072041587,0,0.658682434780345,63.4251319354267,83.4437086092716,63.4251319354267,87.7880184331797,80.5337519623234,82.475884244373,92.0600858369099,35.7983504772496,0,83.4437086092716,5,5,5,5,5,5,5,5,5,5,"F11, F12, H10, H11, H12",19.68,"Mixed (2025-05-06; 2025-05-12)",5
"Lab_40",0.0179540083985828,0.0003072,17.9540083985828,0.0265333333333333,0.0153333333333333,0.0153333333333333,0.00933333333333333,5851.66666666667,0,0.0004608,0.00967596355904519,0.000172566508917577,9.67596355904519,0.0100183165585175,0.00509901951359278,0.00509901951359278,0.00276887462097269,3827.91729708641,0,0.000258849763376365,0.00432722245316717,7.7174088915905e-05,4.32722245316717,0.00448032736899139,0.00228035085019828,0.00228035085019828,0.00123827837473378,1711.89665770649,0,0.000115761133373857,0.538930546551874,0.561739937882736,0.538930546551874,0.377574744667746,0.332544750886486,0.332544750886486,0.29666513796136,0.65415846717512,NA,0.561739937882736,72.7259744264349,79.6875000000001,72.7259744264349,46.9849246231156,43.4782608695652,43.4782608695652,32.1428571428572,77.2201651951011,-Inf,79.6875000000001,5,5,5,5,5,5,5,5,5,5,"A01, A02, A03, D05, D06",25.42,"Mixed (2025-05-15; NA)",5
"Lab_41",0.0858092948717949,0.001448,85.8092948717949,0.0336666666666667,0.0273333333333333,0.0266666666666667,0.0106666666666667,21221.3333333333,-0.000666666666666667,0.002172,0.00648915289831975,0.000132181693134867,6.48915289831975,0.0144683562761405,0.00754983443527075,0.00702376916856849,0.00568624070307733,1187.76554925625,0.000577350269189626,0.000198272539702301,0.00374651417265755,7.63151361133559e-05,3.74651417265755,0.00835330939076111,0.00435889894354067,0.00405517502019881,0.0032829526005987,685.756759597259,0.000333333333333334,0.000114472704170034,0.0756229602867032,0.0912856996787755,0.0756229602867032,0.429753156717044,0.27621345494893,0.263391343821318,0.533085065913499,0.0559703544824194,-0.866025403784439,0.0912856996787756,8.16135960407139,9.39226519337021,8.16135960407139,49.5049504950495,29.2682926829268,27.5,59.375,5.66411158582558,-50,9.39226519337021,3,3,3,3,3,3,3,3,3,3,"A04, A05, A06",25.3333333333333,"2025-05-15",3
"Lab_42",0.0454306056529094,0.000726,45.4306056529094,0.0256666666666667,0.0169166666666667,0.0166666666666667,0.00716666666666667,13136.25,-0.00025,0.001089,0.0216524709095844,0.000433940088030594,21.6524709095844,0.00576708412104932,0.00468547795893906,0.00511352599955727,0.00291229831601803,2205.04094822145,5e-04,0.000650910132045891,0.0108262354547922,0.000216970044015297,10.8262354547922,0.00288354206052466,0.00234273897946953,0.00255676299977863,0.00145614915800902,1102.52047411072,0.00025,0.000325455066022946,0.476605376450618,0.597713619876852,0.476605376450618,0.224691589131792,0.276974066538269,0.306811559973436,0.406367206886237,0.167859240515478,-2,0.597713619876852,68.9248099250918,86.7768595041322,68.9248099250918,25.974025974026,34.9753694581281,40,53.4883720930233,22.7328956132839,-100,86.7768595041322,4,4,4,4,4,4,4,4,4,4,"G08, A07, A08, A09",21.375,"Mixed (2025-05-06; 2025-05-15)",4
"Lab_43",0.0990612874206673,0.00145371428571429,99.0612874206673,0.0570952380952381,0.047952380952381,0.0470952380952381,0.0305238095238095,24861.9166666667,-0.000857142857142856,0.00218057142857143,0.0855481166896211,0.00158514244515393,85.5481166896211,0.0496758806836187,0.0313454046318498,0.0308819222473783,0.0300646569560273,9548.58991958399,0.000690065559342354,0.00237771366773089,0.0302458267144846,0.000560432486057483,30.2458267144846,0.0175630760464003,0.0110822740871086,0.0109184083185985,0.0106294614038271,3375.93634145367,0.000243975018237133,0.000840648729086225,0.863587773963991,1.09040852162711,0.863587773963991,0.870052956093405,0.653677752997861,0.655733434979722,0.98495756018186,0.384064915332379,-0.805076485899415,1.09040852162711,132.810420705157,170.754716981132,132.810420705157,153.96163469558,108.540218470705,110.212335692619,178.471138845554,53.5085455331615,-16.6666666666653,170.754716981132,8,8,8,8,8,8,8,8,8,8,"G11, G12, H01, A10, A11, A12, D07, D08",19.375,"Mixed (2025-05-06; 2025-05-15; NA)",8
"Lab_44",0.0819729257590724,0.001132,81.9729257590724,0.0322777777777778,0.0274444444444444,0.0274444444444444,0.0144444444444444,23083.6666666667,0,0.001698,0.0401497413105158,0.000911673625811342,40.1497413105158,0.0218422797616271,0.0197435409034805,0.0197435409034805,0.0131024453471127,3717.08252979852,0,0.00136751043871701,0.0163910632525844,0.000372189199198472,16.3910632525844,0.0089170733725177,0.00806026682154927,0.00806026682154927,0.00534905091385494,1517.49258830334,0,0.000558283798797708,0.489792708247604,0.805365393826274,0.489792708247604,0.676697135472096,0.719400275835322,0.719400275835322,0.907092370184722,0.161026520763535,NA,0.805365393826274,68.6307576847227,85.1590106007067,68.6307576847227,132.358003442341,133.198380566802,133.198380566802,176.923076923077,20.7491588569118,-Inf,85.1590106007067,6,6,6,6,6,6,6,6,6,6,"H02, H03, H04, B01, B02, B03",17.4333333333333,"Mixed (2025-05-06; 2025-05-15)",6
"Lab_45",0.0651202898409227,0.0010992,65.1202898409227,0.0272,0.0226,0.0216,0.01,12256.5333333333,-0.000999999999999998,0.0016488,0.0571327744044002,0.000993234715462564,57.1327744044002,0.0252064806481719,0.0224714633850728,0.0224714633850728,0.0126095202129185,6935.33340382582,6.20652478255314e-18,0.00148985207319385,0.0255505534622798,0.000444188068277391,25.5505534622798,0.0112726808405691,0.0100495439365841,0.0100495439365841,0.00563914887194867,3101.57538751591,2.77564226356519e-18,0.000666282102416086,0.877342139354193,0.903597812465943,0.877342139354193,0.926708847359263,0.994312539162512,1.0403455270867,1.26095202129185,0.56584788008239,-6.20652478255316e-15,0.903597812465943,121.56798539776,120.524017467249,121.56798539776,162.254901960784,166.961651917404,174.691358024691,223.333333333333,72.0829163221792,-2.81892564846232e-13,120.524017467249,5,5,5,5,5,5,5,5,5,5,"H06, B04, B05, B06, D09",22.14,"Mixed (2025-05-07; 2025-05-15; NA)",5
"Lab_46",0.0414604911053835,0.0005424,41.4604911053835,0.0207333333333333,0.0129333333333333,0.0129333333333333,0.00533333333333333,11858,0,0.0008136,0.0257345115977661,0.000461836334646809,25.7345115977661,0.0122732772042895,0.00944986772394196,0.00944986772394196,0.00439696865275764,6269.89734099903,0,0.000692754501970214,0.0115088234600724,0.000206539487749921,11.5088234600724,0.005488776427098,0.00422610932182309,0.00422610932182309,0.00196638416050035,2803.9833332838,0,0.000309809231624882,0.620699632629884,0.851468168596625,0.620699632629884,0.59195870760239,0.730659875562523,0.730659875562523,0.824431622392058,0.528748299966185,NA,0.851468168596625,105.846156933547,143.362831858407,105.846156933547,104.180064308682,126.80412371134,126.80412371134,131.25,94.3666722887502,-Inf,143.362831858407,5,5,5,5,5,5,5,5,5,5,"H09, H10, B07, B08, B09",18.34,"Mixed (2025-05-07; 2025-05-15)",5
"Lab_48",0.0670116526386867,0.001056,67.0116526386866,0.0221666666666667,0.0181666666666667,0.0181666666666667,0.00616666666666667,18986,0,0.001584,0.0232100266659963,0.000563872325974595,23.2100266659963,0.00556110833610764,0.0059472994182545,0.0059472994182545,0.00200923792444724,2718.53036277569,0,0.000845808488961892,0.0116050133329981,0.000281936162987297,11.6050133329981,0.00278055416805382,0.00297364970912725,0.00297364970912725,0.00100461896222362,1359.26518138785,0,0.000422904244480946,0.346358069858985,0.53397000565776,0.346358069858985,0.25087706779433,0.327374279903918,0.327374279903918,0.325822366126579,0.143186050920451,NA,0.53397000565776,45.1816326995886,77.2727272727272,45.1816326995886,30.8270676691729,39.4495412844037,39.4495412844037,45.9459459459459,16.833456230907,-Inf,77.2727272727272,4,4,4,4,4,4,4,4,4,4,"H11, B10, B11, B12",21.925,"Mixed (2025-05-07; 2025-05-15)",4
"Lab_49",0.0613372967586782,0.000968,61.3372967586782,0.0228888888888889,0.0178888888888889,0.0172222222222222,0.00655555555555555,14946.6666666667,-0.000666666666666667,0.001452,0.01032932520481,0.000140627166649976,10.32932520481,0.00126197963240006,0.00269430125621825,0.00245703826527733,0.00211695098702862,711.044536814209,0.000577350269189626,0.000210940749974963,0.00596363868754425,8.11911325207378e-05,5.96363868754425,0.000728604280478002,0.00155555555555555,0.00141857170386708,0.00122222222222222,410.521754735496,0.000333333333333334,0.000121786698781107,0.168402028629483,0.145275998605347,0.168402028629483,0.0551350324834979,0.150613113701641,0.142666737983845,0.322924726834875,0.0475721144166509,-0.866025403784439,0.145275998605347,18.9016118034907,16.5289256198347,18.9016118034907,6.31067961165049,17.3913043478261,16.1290322580645,37.2881355932203,5.29661016949152,-50,16.5289256198347,3,3,3,3,3,3,3,3,3,3,"C01, C02, C03",23.7333333333333,"2025-05-15",3
"Lab_50",0.0150684864450703,0.0002448,15.0684864450703,0.0214,0.0116,0.011,0.0066,3396.06666666667,-0.000599999999999999,0.0003672,0.00664533320224468,0.000110504298558925,6.64533320224468,0.00522494019104525,0.00589915248150105,0.00508265022732564,0.00544365073579609,2356.19530175238,0.000894427190999914,0.000165756447838387,0.00297188335467109,4.94190246767375e-05,2.97188335467109,0.00233666428910958,0.00263818119165458,0.00227303028283098,0.00243447461820136,1053.72257259679,0.000399999999999999,7.41285370151062e-05,0.441008672401781,0.45140644836162,0.441008672401781,0.244156083693703,0.508547627715608,0.462059111575058,0.824795566029711,0.693801250982229,-1.49071198499986,0.45140644836162,63.1106969011668,66.6666666666666,63.1106969011668,30.8411214953271,81.0344827586207,72.7272727272727,127.272727272727,89.2876072318957,-66.666666666667,66.6666666666666,5,5,5,5,5,5,5,5,5,5,"C04, C05, C06, D11, D12",24.34,"Mixed (2025-05-15; NA)",5
"Lab_51",0.021301161938658,0.000348,21.301161938658,0.0241666666666667,0.0106666666666667,0.0101666666666667,0.00366666666666667,6630.33333333333,-5e-04,0.000522,0.0257542901126398,0.000424264068711929,25.7542901126398,0.00164991582276862,0.00235702260395516,0.00164991582276862,0.00188561808316413,2498.91536471326,0.000707106781186548,0.000636396103067893,0.0182110331832932,3e-04,18.2110331832932,0.00116666666666667,0.00166666666666667,0.00116666666666667,0.00133333333333333,1767,5e-04,0.00045,1.20905564620398,1.21914962273543,1.20905564620398,0.0682723788731841,0.220970869120797,0.162286802239536,0.51425947722658,0.376891362633341,-1.4142135623731,1.21914962273543,85.4931446262717,86.2068965517243,85.4931446262717,4.82758620689656,15.625,11.4754098360656,36.3636363636363,26.6502438288673,-100,86.2068965517243,2,2,2,2,2,2,2,2,2,2,"C07, C08",23.95,"2025-05-15",2
"Lab_57",0.00275862068965518,4.80000000000002e-05,2.75862068965518,0.012,0.006,0.006,0.004,21256.1666666667,0,7.20000000000003e-05,NA,NA,NA,NA,NA,NA,NA,1194.30335342408,NA,NA,NA,NA,NA,NA,NA,NA,NA,844.5,NA,NA,NA,NA,NA,NA,NA,NA,NA,0.0561862057328028,NA,NA,0,0,0,0,0,0,0,3.97296470828073,-Inf,0,2,2,2,2,2,2,2,2,2,2,"E01, E02",25.2,NA,2
"Lab_58",0.00692307692307694,0.00012,6.92307692307694,0.015,0.008,0.008,0.005,10979.6666666667,0,0.00018,NA,NA,NA,NA,NA,NA,NA,NA,NA,NA,NA,NA,NA,NA,NA,NA,NA,NA,NA,NA,NA,NA,NA,NA,NA,NA,NA,NA,NA,NA,0,0,0,0,0,0,0,0,-Inf,0,1,1,1,1,1,1,1,1,1,1,"E03",26,NA,1
"Lab_59",0.00430769230769227,7.19999999999994e-05,4.30769230769227,0.01,0.005,0.005,0.003,8800.16666666667,0,0.000107999999999999,0.000435142634576333,0,0.435142634576334,0.0014142135623731,0.0014142135623731,0.0014142135623731,0.0014142135623731,2267.69144726526,0,0,0.000307692307692305,0,0.307692307692305,0.001,0.001,0.001,0.001,1603.5,0,0,0.101015254455221,0,0.101015254455221,0.14142135623731,0.282842712474619,0.282842712474619,0.471404520791032,0.25768732947466,NA,0,7.14285714285716,0,7.14285714285716,10,20,20,33.3333333333333,18.2212458097385,-Inf,0,2,2,2,2,2,2,2,2,2,2,"E05, E06",25.2,NA,2
"Lab_60",0.0139055793991417,0.000216,13.9055793991417,0.013,0.006,0.006,0.00199999999999999,9859.66666666667,0,0.000324000000000001,NA,NA,NA,NA,NA,NA,NA,NA,NA,NA,NA,NA,NA,NA,NA,NA,NA,NA,NA,NA,NA,NA,NA,NA,NA,NA,NA,NA,NA,NA,0,0,0,0,0,0,0,0,-Inf,0,1,1,1,1,1,1,1,1,1,1,"E07",23.3,NA,1
"Lab_62",0.0297391304347826,0.000456,29.7391304347826,0.014,0.013,0.013,0.008,8243.66666666667,0,0.000683999999999999,NA,NA,NA,NA,NA,NA,NA,NA,NA,NA,NA,NA,NA,NA,NA,NA,NA,NA,NA,NA,NA,NA,NA,NA,NA,NA,NA,NA,NA,NA,0,0,0,0,0,0,0,0,-Inf,0,1,1,1,1,1,1,1,1,1,1,"E12",23,NA,1
"Lab_63",0.0453996852945903,0.00072,45.3996852945903,0.0138,0.0142,0.0132,0.0068,13012,-0.001,0.00108,0.00748079398625101,0.000116344316577992,7.48079398625101,0.00192353840616713,0.00258843582110896,0.00248997991959775,0.00178885438199983,3377.25217694307,0.00122474487139159,0.000174516474866987,0.00305402135619932,4.74973683481516e-05,3.05402135619932,0.000785281265959316,0.00105672449894316,0.00101653004546513,0.000730296743340222,1378.75742770237,5e-04,7.12460525222273e-05,0.164776340137811,0.161589328580544,0.164776340137811,0.139386841026604,0.182284212754152,0.188634842393769,0.263066820882328,0.259549045261533,-1.22474487139159,0.161589328580544,26.7014502227508,26.6666666666666,26.7014502227508,20.2898550724637,22.5352112676056,28.7878787878788,32.3529411764706,31.7809201762476,0,26.6666666666666,6,6,6,6,6,6,6,6,6,6,"F01, F02, F03, F04, F05, F06",23.7,NA,6
"Lab_64",0.0131983413049053,0.000216,13.1983413049053,0.02475,0.01575,0.01375,0.01125,5295.86666666667,-0.002,0.000324,0.01035010878301,0.000170833252032501,10.35010878301,0.00822090830342569,0.00861684396980704,0.00895823643358446,0.00771902411793961,1575.39699758505,0.002,0.000256249878048751,0.00462870936266559,7.63989528724053e-05,4.62870936266559,0.00367650196065046,0.00385356977359954,0.00400624512480203,0.00345205252953466,704.53895562985,0.000894427190999915,0.000114598429308608,0.784197691505618,0.790894685335653,0.784197691505618,0.332157911249523,0.547101204432193,0.651508104260688,0.686135477150187,0.297476710941562,-0.999999999999999,0.790894685335653,88.587382945857,88.8888888888888,88.587382945857,47.4747474747475,71.4285714285715,89.0909090909091,95.5555555555555,39.234371459503,-50,88.8888888888888,5,5,5,5,5,5,5,5,5,5,"F07, F09, F10, F11, F12",24.06,NA,5
"Lab_70",0.145251722528938,0.003848,145.251722528938,0.0345555555555556,0.0508888888888889,0.0515555555555556,0.0148888888888889,58533.6666666667,0.000666666666666667,0.005772,0.203730184921135,0.000163364622853297,203.730184921135,0.00781972813773907,0.00411411301812747,0.00467063323488527,0.00350132250146416,6514.41496477875,0.000577350269189626,0.000245046934279946,0.11762367710627,9.43186089804128e-05,117.62367710627,0.00451472214531335,0.00237528425849244,0.00269659135544702,0.00202148948874003,3761.09923352794,0.000333333333333334,0.000141477913470619,1.40260081859303,0.0424544238184244,1.40260081859303,0.22629438340724,0.0808450156400595,0.0905941791249298,0.235163451590877,0.11129347153112,0.866025403784439,0.0424544238184244,161.956970295533,4.78170478170479,161.956970295533,25.4019292604502,8.95196506550218,10.1293103448276,23.8805970149254,12.0096127015222,100,4.78170478170479,3,3,3,3,3,3,3,3,3,3,"C09, C10, C11",141.331666666667,"2025-05-15",3
"Lab_71",0.256536659426163,0.002992,256.536659426163,0.04,0.0473333333333333,0.048,0.018,45001.6666666667,0.000666666666666667,0.004488,0.280259889731869,0.00287522938215371,280.259889731869,0.00709459888459759,0.0208806130178211,0.021221058723196,0.0030550504633039,34563.1413551103,0.000577350269189626,0.00431284407323056,0.161808122779749,0.00166001445776837,161.808122779749,0.00409606857581484,0.0120554275466834,0.0122519839663261,0.0017638342073764,19955.038965412,0.000333333333333334,0.00249002168665255,1.09247501062332,0.960972387083459,1.09247501062332,0.17736497211494,0.441139711644108,0.442105390066584,0.169725025739105,0.768041361914972,0.866025403784439,0.960972387083459,126.145869413455,110.96256684492,126.145869413455,19.1666666666667,50.7042253521127,50.6944444444444,18.5185185185185,88.6715306840487,100,110.96256684492,3,3,3,3,3,3,3,3,3,3,"C12, D01, D02",19.5075,"2025-05-15",3
"Lab_72",0.221406277836281,0.002728,221.406277836281,0.0398888888888889,0.0428888888888889,0.0432222222222222,0.0152222222222222,46517.6666666667,0.000333333333333334,0.004092,0.125717214286954,0.00167937131093752,125.717214286954,0.0154572289213146,0.0234789109470448,0.0237073203259465,0.00812631755698958,28026.8681863196,0.000577350269189626,0.00251905696640628,0.0725828675103427,0.000969585478439111,72.5828675103427,0.00892423527864668,0.0135555555555556,0.0136874277719499,0.00469173162904832,16181.3198919138,0.000333333333333334,0.00145437821765867,0.567812329061036,0.615605319258621,0.567812329061036,0.387507131732122,0.547435747469956,0.548498413710845,0.533845678926323,0.60249944149505,1.73205080756888,0.615605319258621,65.4861125454721,70.9677419354839,65.4861125454721,42.3398328690808,62.6943005181347,62.9820051413882,60.5839416058394,69.3851081667897,200,70.9677419354839,3,3,3,3,3,3,3,3,3,3,"D03, D04, D05",17.7565,"2025-05-15",3
"Lab_73",0.504286837389213,0.005912,504.286837389213,0.0463333333333333,0.0846666666666667,0.085,0.0326666666666667,39405.3333333333,0.000333333333333334,0.008868,0.433323341856702,0.00562247489989951,433.323341856702,0.00529150262212918,0.0597522663447449,0.0608632346604527,0.0158219257150744,32846.5241996775,0.00152752523165195,0.00843371234984927,0.250179348067115,0.0032461373969689,250.179348067115,0.00305505046330389,0.0344979870588287,0.0351394049149637,0.00913479307069648,18963.9495886274,0.000881917103688198,0.00486920609545334,0.859279500730373,0.951027554110201,0.859279500730373,0.114205092563939,0.705735429268641,0.716038054828856,0.484344664747176,0.833555293691484,4.58257569495584,0.951027554110201,87.5920350362141,103.382949932341,87.5920350362141,12.9496402877698,74.0157480314961,75.6862745098039,53.0612244897959,58.9412600663193,500,103.382949932341,3,3,3,3,3,3,3,3,3,3,"D12, E01, E02",17.2436666666667,"2025-05-15",3
"Lab_74",1.61209032197359,0.018776,1612.09032197359,0.0678888888888889,0.232888888888889,0.236555555555556,0.0785555555555556,NA,0.00366666666666666,0.028164,0.595238990594209,0.00770404984407552,595.238990594209,0.00607667062838903,0.0935624172727806,0.0950884578422366,0.0473125932652342,NA,0.00152752523165196,0.0115560747661133,0.343661391451728,0.00444793525132729,343.661391451728,0.0035083674230771,0.054018286798472,0.0548993467320417,0.0273159384577422,NA,0.000881917103688206,0.00667190287699094,0.369234268378643,0.410313690033847,0.369234268378643,0.0895090599926371,0.40174702073236,0.401970934983621,0.602281951042585,NA,0.416597790450536,0.410313690033847,40.7548405042471,47.3370259906263,40.7548405042471,9.65630114566285,44.4656488549618,44.4809769844998,68.4582743988684,-Inf,45.4545454545461,47.3370259906263,3,3,3,3,3,3,3,3,3,3,"E03, E04, E05",17.255,"2025-05-15",3
NA,NA,NA,NA,NA,NA,NA,NA,5672.33333333333,NA,NA,NA,NA,NA,NA,NA,NA,NA,312.541197284454,NA,NA,NA,NA,NA,NA,NA,NA,NA,221,NA,NA,NA,NA,NA,NA,NA,NA,NA,0.0550992297028479,NA,NA,-Inf,-Inf,-Inf,-Inf,-Inf,-Inf,-Inf,3.8961038961039,-Inf,-Inf,2,2,2,2,2,2,2,2,2,2,"D07, D08",NA,NA,2
