ID,PE_mg_per_g_sample_mean,PE_mg_per_mL_mean,PE_scaled_mean,X455_mean,X564_mean,X565_mean,X592_mean,Xred_mean,diff_absorbance_mean,total_PE_mg_mean,PE_mg_per_g_sample_sd,PE_mg_per_mL_sd,PE_scaled_sd,X455_sd,X564_sd,X565_sd,X592_sd,Xred_sd,diff_absorbance_sd,total_PE_mg_sd,PE_mg_per_g_sample_se,PE_mg_per_mL_se,PE_scaled_se,X455_se,X564_se,X565_se,X592_se,Xred_se,diff_absorbance_se,total_PE_mg_se,PE_mg_per_g_sample_cv,PE_mg_per_mL_cv,PE_scaled_cv,X455_cv,X564_cv,X565_cv,X592_cv,Xred_cv,diff_absorbance_cv,total_PE_mg_cv,PE_mg_per_g_sample_max_dev_pct,PE_mg_per_mL_max_dev_pct,PE_scaled_max_dev_pct,X455_max_dev_pct,X564_max_dev_pct,X565_max_dev_pct,X592_max_dev_pct,Xred_max_dev_pct,diff_absorbance_max_dev_pct,total_PE_mg_max_dev_pct,PE_mg_per_g_sample_n,PE_mg_per_mL_n,PE_scaled_n,X455_n,X564_n,X565_n,X592_n,Xred_n,diff_absorbance_n,total_PE_mg_n,PE_mg_per_g_sample_included_rows,PE_mg_per_mL_included_rows,PE_scaled_included_rows,X455_included_rows,X564_included_rows,X565_included_rows,X592_included_rows,Xred_included_rows,diff_absorbance_included_rows,total_PE_mg_included_rows,PE_mg_per_g_sample_excluded_rows,PE_mg_per_mL_excluded_rows,PE_scaled_excluded_rows,X455_excluded_rows,X564_excluded_rows,X565_excluded_rows,X592_excluded_rows,Xred_excluded_rows,diff_absorbance_excluded_rows,total_PE_mg_excluded_rows,join_ids,avg_sample_weight,replicate_date,replicate_count
Lab_44,0.116948891,0.00196,116.948891,0.028222222,0.026555556,0.026555556,0.008888889,26178.44444,0,0.00294,0.002664298,8.43E-05,2.664297745,0.002457038,0.003976784,0.003976784,0.0007698,1151.366837,0,0.000126428,0.001538233,4.87E-05,1.53823302,0.001418572,0.002295998,0.002295998,0.000444444,664.7419531,0,7.30E-05,0.022781727,0.043002668,0.022781727,0.087060411,0.149753391,0.149753391,0.08660254,0.043981484,NA,0.043002668,2.608925096,4.489795918,2.608925096,9.842519685,17.15481172,17.15481172,10,4.570766449,#NAME?,4.489795918,3,3,3,3,3,3,3,3,3,3,"4,5,6","4,5,6","4,5,6","1,4,5","1,4,5","1,4,5","3,4,5","1,2,5","1,2,3","4,5,6","1,2,3","1,2,3","1,2,3","2,3,6","2,3,6","2,3,6","1,2,6","3,4,6","4,5,6","1,2,3","H02, H03, H04, B01, B02, B03",17.43333333,Mixed (2025-05-06; 2025-05-15),6
Lab_21,0.120911158,0.000792,120.9111583,0.014444444,0.016444444,0.015777778,0.007444444,38820.66667,-0.000333333,0.001188,0.005820076,2.40E-05,5.820075977,0.000509175,0.000509175,0.001575272,0.000509175,4166.169984,0.00057735,3.60E-05,0.003360222,1.39E-05,3.360222432,0.000293972,0.000293972,0.000909484,0.000293972,2405.339362,0.000333333,2.08E-05,0.048135144,0.03030303,0.048135144,0.035250582,0.030963349,0.099841175,0.068396652,0.107318352,-1.732050808,0.03030303,5.44932479,3.03030303,5.44932479,3.846153846,3.378378378,11.26760563,7.462686567,12.29156291,-100,3.03030303,3,3,3,3,3,3,3,3,3,3,"1,2,3","1,2,3","1,2,3","1,3,6","1,2,6","2,3,6","1,3,6","1,2,3","2,3,4","1,2,3","4,5,6","4,5,6","4,5,6","2,4,5","3,4,5","1,4,5","2,4,5","4,5,6","1,5,6","4,5,6","F02, F03, F04, F05, F06",16.85,Mixed (2025-05-06; 2025-05-12),6
Lab_39,0.052458757,0.001048,52.45875746,0.051555556,0.056777778,0.055777778,0.028222222,12707,-0.001,0.001572,0.003067833,0.000222998,3.067832925,0.018325251,0.018786323,0.018786323,0.008064554,559.1126899,0,0.000334497,0.001771214,0.000128748,1.771214165,0.010580088,0.010846289,0.010846289,0.004656073,322.803862,0,0.000193122,0.058480854,0.21278412,0.058480854,0.355446674,0.330874571,0.336806585,0.285751926,0.044000369,0,0.21278412,6.577230605,23.66412214,6.577230605,37.93103448,35.02935421,35.65737052,32.28346457,4.580152672,0,23.66412214,3,3,3,3,3,3,3,3,3,3,"1,4,5","3,4,5","1,4,5","1,3,4","3,4,5","3,4,5","1,3,4","3,4,5","1,2,3","3,4,5","2,3","1,2","2,3","2,5","1,2","1,2","2,5","1,2","4,5","1,2","F11, F12, H10, H11, H12",19.68,Mixed (2025-05-06; 2025-05-12),5
Lab_11,0.024295295,0.000392,24.29529517,0.027222222,0.019222222,0.017555556,0.012888889,7887.333333,-0.001333333,0.000588,0.001638646,3.67E-05,1.638645819,0.003834541,0.004004627,0.004141032,0.003501323,1027.406606,0.002309401,5.50E-05,0.000946073,2.12E-05,0.946072605,0.002213873,0.002312072,0.002390826,0.002021489,593.1734803,0.001333333,3.17E-05,0.067447043,0.093521953,0.067447043,0.140860685,0.208333194,0.235881584,0.271654332,0.130260325,-1.732050808,0.093521953,7.764972605,10.20408163,7.764972605,14.28571429,21.38728324,27.21518987,27.5862069,14.69867298,-100,10.20408163,3,3,3,3,3,3,3,3,3,3,"2,5,6","1,5,6","2,5,6","3,4,5","3,4,5","3,4,5","3,4,5","4,5,6","1,2,3","1,5,6","1,3,4","2,3,4","1,3,4","1,2,6","1,2,6","1,2,6","1,2,6","1,2,3","4,5,6","2,3,4","C08, C09, C10, C11, C12",17.73333333,5/6/2025,6
Lab_41,0.085809295,0.001448,85.80929487,0.033666667,0.027333333,0.026666667,0.010666667,21221.33333,-0.000666667,0.002172,0.006489153,0.000132182,6.489152898,0.014468356,0.007549834,0.007023769,0.005686241,1187.765549,0.00057735,0.000198273,0.003746514,7.63E-05,3.746514173,0.008353309,0.004358899,0.004055175,0.003282953,685.7567596,0.000333333,0.000114473,0.07562296,0.0912857,0.07562296,0.429753157,0.276213455,0.263391344,0.533085066,0.055970354,-0.866025404,0.0912857,8.161359604,9.392265193,8.161359604,49.5049505,29.26829268,27.5,59.375,5.664111586,-50,9.392265193,3,3,3,3,3,3,3,3,3,3,NA,NA,NA,NA,NA,NA,NA,NA,NA,NA,NA,NA,NA,NA,NA,NA,NA,NA,NA,NA,"A04, A05, A06",25.33333333,5/15/2025,3
Lab_70,0.029200134,0.003848,29.20013398,0.034555556,0.050888889,0.051555556,0.014888889,58533.66667,0.000666667,0.005772,0.002851905,0.000163365,2.851905082,0.007819728,0.004114113,0.004670633,0.003501323,6514.414965,0.00057735,0.000245047,0.001646548,9.43E-05,1.646548167,0.004514722,0.002375284,0.002696591,0.002021489,3761.099234,0.000333333,0.000141478,0.097667534,0.042454424,0.097667534,0.226294383,0.080845016,0.090594179,0.235163452,0.111293472,0.866025404,0.042454424,10.7606082,4.781704782,10.7606082,25.40192926,8.951965066,10.12931034,23.88059701,12.0096127,100,4.781704782,3,3,3,3,3,3,3,3,3,3,NA,NA,NA,NA,NA,NA,NA,NA,NA,NA,NA,NA,NA,NA,NA,NA,NA,NA,NA,NA,"C09, C10, C11",198.3666667,5/15/2025,3
Lab_42,0.055868259,0.000936,55.86825852,0.027888889,0.018888889,0.018888889,0.008444444,14131.66667,-0.000333333,0.001404,0.00704107,0.000133626,7.041069577,0.004501029,0.003097191,0.003097191,0.001710534,1161.112541,0.00057735,0.00020044,0.004065163,7.71E-05,4.065163416,0.00259867,0.001788164,0.001788164,0.000987577,670.3686382,0.000333333,0.000115724,0.126029874,0.142763189,0.126029874,0.161391467,0.16396894,0.16396894,0.202563215,0.082163878,-1.732050808,0.142763189,12.82796552,15.38461538,12.82796552,16.33466135,18.23529412,18.23529412,22.36842105,9.484609034,-100,15.38461538,3,3,3,3,3,3,3,3,3,3,"2,3,4","2,3,4","2,3,4","2,3,4","2,3,4","2,3,4","1,2,4","2,3,4","1,2,3","2,3,4",1,1,1,1,1,1,3,1,4,1,"G08, A07, A08, A09",21.375,Mixed (2025-05-06; 2025-05-15),4
Lab_08,0.032698735,0.000552,32.69873531,0.017222222,0.012555556,0.014444444,0.009777778,7512,-0.000333333,0.000828,0.004145002,8.31E-05,4.145002382,0.002834967,0.001575272,0.001387777,0.002912298,478.6115335,0.00057735,0.000124708,0.002393118,4.80E-05,2.393118241,0.001636769,0.000909484,0.000801234,0.001681416,276.3264977,0.000333333,7.20E-05,0.126763385,0.150613114,0.126763385,0.164610978,0.125464132,0.096076892,0.297848691,0.06371293,-1.732050808,0.150613114,14.61942768,17.39130435,14.61942768,16.77419355,14.15929204,10.76923077,32.95454545,7.095314164,-100,17.39130435,3,3,3,3,3,3,3,3,3,3,"3,4,5","3,4,5","3,4,5","2,3,4","2,3,4","1,2,3","1,2,3","1,3,4","1,3,4","3,4,5","1,2","1,2","1,2","1,5","1,5","4,5","4,5","2,5","2,5","1,2","B11, B12, C01, C02, C03",19.34,5/6/2025,5
Lab_10,0.033877551,0.000576,33.87755102,0.049333333,0.023777778,0.022111111,0.012111111,14321.66667,-0.001666667,0.000864,0.0052315,0.000104614,5.231500398,0.015772691,0.000509175,0.001677741,0.002411393,2452.144436,0.002081666,0.00015692,0.003020408,6.04E-05,3.020408163,0.009106367,0.000293972,0.000968644,0.001392218,1415.74625,0.00120185,9.06E-05,0.154423807,0.181620789,0.154423807,0.319716707,0.021413905,0.075877733,0.19910582,0.171219209,-1.2489996,0.181620789,17.59036145,20.83333333,17.59036145,35.81081081,2.336448598,8.040201005,22.93577982,19.29710229,-40,20.83333333,3,3,3,3,3,3,3,3,3,3,"2,4,5","1,4,5","2,4,5","1,4,5","3,4,5","3,4,5","3,4,5","2,3,4","1,3,4","1,4,5","1,3","2,3","1,3","2,3","1,2","1,2","1,2","1,5","2,5","2,3","C05, C06, C07, C08, C09",19.56,5/6/2025,5
Lab_49,0.061337297,0.000968,61.33729676,0.022888889,0.017888889,0.017222222,0.006555556,14946.66667,-0.000666667,0.001452,0.010329325,0.000140627,10.3293252,0.00126198,0.002694301,0.002457038,0.002116951,711.0445368,0.00057735,0.000210941,0.005963639,8.12E-05,5.963638688,0.000728604,0.001555556,0.001418572,0.001222222,410.5217547,0.000333333,0.000121787,0.168402029,0.145275999,0.168402029,0.055135032,0.150613114,0.142666738,0.322924727,0.047572114,-0.866025404,0.145275999,18.9016118,16.52892562,18.9016118,6.310679612,17.39130435,16.12903226,37.28813559,5.296610169,-50,16.52892562,3,3,3,3,3,3,3,3,3,3,NA,NA,NA,NA,NA,NA,NA,NA,NA,NA,NA,NA,NA,NA,NA,NA,NA,NA,NA,NA,"C01, C02, C03",23.73333333,5/15/2025,3
Lab_01,0.02289757,0.000392,22.89757011,0.027,0.012333333,0.012,0.011222222,19038.33333,-0.000333333,0.000588,0.003896619,6.93E-05,3.896619157,0.004358899,0.001763834,0.001452966,0.001347151,5034.162526,0.00057735,0.000103923,0.002249714,4.00E-05,2.249714119,0.002516611,0.00101835,0.00083887,0.000777778,2906.475089,0.000333333,6.00E-05,0.170176099,0.176739878,0.170176099,0.161440702,0.143013584,0.121080526,0.120043125,0.264422439,-1.732050808,0.176739878,17.42716226,20.40816327,17.42716226,18.51851852,16.21621622,13.88888889,13.86138614,30.38431235,-100,20.40816327,3,3,3,3,3,3,3,3,3,3,"3,4,5","2,4,5","3,4,5","1,2,3","3,4,5","3,4,5","1,2,4","1,2,3","1,2,3","2,4,5","1,2","1,3","1,2","4,5","1,2","1,2","3,5","4,5","4,5","1,3","A02, A03, A04, A06",16.08,5/6/2025,5
Lab_48,0.077103972,0.001328,77.10397223,0.019888889,0.020555556,0.020555556,0.007111111,17920.66667,0,0.001992,0.014033122,0.000181725,14.03312221,0.00390631,0.004337605,0.004337605,0.00083887,2067.849205,0,0.000272588,0.008102027,0.000104919,8.102026884,0.002255309,0.002504317,0.002504317,0.000484322,1193.873295,0,0.000157379,0.182002584,0.136841165,0.182002584,0.196406657,0.211018609,0.211018609,0.117966163,0.115389078,NA,0.136841165,20.97865977,15.6626506,20.97865977,22.34636872,21.62162162,21.62162162,12.5,13.07801049,#NAME?,15.6626506,3,3,3,3,3,3,3,3,3,3,"2,3,4","2,3,4","2,3,4","1,2,4","2,3,4","2,3,4","1,2,3","2,3,4","1,2,3","2,3,4",1,1,1,3,1,1,4,1,4,1,"H11, B10, B11, B12",21.925,Mixed (2025-05-07; 2025-05-15),4
Lab_09,0.101393829,0.000688,101.3938287,0.025777778,0.026111111,0.025777778,0.018777778,4640.333333,-0.000333333,0.001032,0.018506385,0.000132182,18.50638548,0.000693889,0.005295001,0.005014793,0.005669934,1083.874685,0.00057735,0.000198273,0.010684667,7.63E-05,10.68466664,0.000400617,0.00305707,0.002895292,0.003273538,625.7753413,0.000333333,0.000114473,0.182519841,0.192124554,0.182519841,0.026918095,0.202787278,0.194539381,0.301949132,0.233576902,-1.732050808,0.192124554,19.14675768,19.76744186,19.14675768,3.017241379,23.40425532,22.4137931,30.76923077,26.02542921,-100,19.76744186,3,3,3,3,3,3,3,3,3,3,"1,2,3","1,2,3","1,2,3","1,3,5","2,3,6","2,3,6","2,3,6","4,5,6","1,2,6","1,2,3","4,5,6","4,5,6","4,5,6","2,4,6","1,4,5","1,4,5","1,4,5","1,2,3","3,4,5","4,5,6","C02, C03, C04, C05, C06",17.51666667,5/6/2025,6
Lab_15,0.025488433,0.000192,25.4884326,0.019222222,0.009333333,0.009333333,0.004777778,6220.333333,-0.000333333,0.000288,0.004866305,6.35E-05,4.866305155,0.003168128,0.000666667,0.000666667,0.000509175,1489.079022,0.00057735,9.52E-05,0.002809563,3.67E-05,2.809562591,0.00182912,0.0003849,0.0003849,0.000293972,859.7201741,0.000333333,5.50E-05,0.190922103,0.330718914,0.190922103,0.164815924,0.071428571,0.071428571,0.106571528,0.239388943,-1.732050808,0.330718914,20.79969684,37.5,20.79969684,16.76300578,7.142857143,7.142857143,11.62790698,26.69739028,-100,37.5,3,3,3,3,3,3,3,3,3,3,"1,2,4","1,2,5","1,2,4","1,3,4","1,3,5","1,3,5","3,4,5","3,4,5","1,2,3","1,2,5","3,5","3,4","3,5","2,5","2,4","2,4","1,2","1,2","4,5","3,4","D08, D09, D10, D11, D12",18.98,5/6/2025,5
Lab_46,0.033985876,0.000424,33.98587598,0.016444444,0.010111111,0.010111111,0.002444444,8839.222222,0,0.000636,0.006894312,0.000118389,6.894311715,0.001503083,0.00083887,0.00083887,0.000509175,263.4002728,0,0.000177584,0.003980433,6.84E-05,3.980432725,0.000867806,0.000484322,0.000484322,0.000293972,152.0742184,0,0.000102528,0.202858144,0.279219785,0.202858144,0.091403711,0.082965214,0.082965214,0.208298895,0.029799033,NA,0.279219785,23.40934686,32.0754717,23.40934686,9.459459459,8.791208791,8.791208791,22.72727273,3.361281158,#NAME?,32.0754717,3,3,3,3,3,3,3,3,3,3,"2,3,4","2,3,4","2,3,4","2,3,4","2,3,4","2,3,4","1,3,4","1,4,5","1,2,3","2,3,4","1,5","1,5","1,5","1,5","1,5","1,5","2,5","2,3","4,5","1,5","H09, H10, B07, B08, B09",18.34,Mixed (2025-05-07; 2025-05-15),5
Lab_26,0.12102306,0.002016,121.0230597,0.015,0.025,0.0255,0.0065,32968.5,5.00E-04,0.003024,0.033346379,0.000407294,33.346379,0.003771236,0.006599663,0.00730677,0.003064129,7923.131483,0.000707107,0.00061094,0.023579451,0.000288,23.57945072,0.002666667,0.004666667,0.005166667,0.002166667,5602.5,5.00E-04,0.000432,0.275537398,0.202030509,0.275537398,0.251415744,0.263986532,0.286540003,0.471404521,0.240324294,1.414213562,0.202030509,19.48343627,14.28571429,19.48343627,17.77777778,18.66666667,20.26143791,33.33333333,16.99349379,100,14.28571429,2,2,2,2,2,2,2,2,2,2,NA,NA,NA,NA,NA,NA,NA,NA,NA,NA,NA,NA,NA,NA,NA,NA,NA,NA,NA,NA,"G08, G09",25.25,5/12/2025,2
Lab_40,0.024091858,0.000416,24.09185847,0.032888889,0.018222222,0.018222222,0.010222222,8507.333333,0,0.000624,0.006778935,0.000123158,6.778935174,0.006946888,0.004438885,0.004438885,0.003371998,1669.337893,0,0.000184738,0.00391382,7.11E-05,3.913820047,0.004010788,0.002562792,0.002562792,0.001946824,963.7926817,0,0.000106658,0.281378673,0.296053929,0.281378673,0.21122296,0.24359737,0.24359737,0.329869368,0.196223402,NA,0.296053929,28.72081243,32.69230769,28.72081243,22.97297297,26.82926829,26.82926829,38.04347826,21.89875402,#NAME?,32.69230769,3,3,3,3,3,3,3,3,3,3,NA,NA,NA,NA,NA,NA,NA,NA,NA,NA,NA,NA,NA,NA,NA,NA,NA,NA,NA,NA,"A01, A02, A03",25.9,5/15/2025,3
Lab_43,0.181470438,0.003048,181.4704382,0.029444444,0.058111111,0.056777778,0.012444444,34650.88889,-0.001,0.004572,0.053653185,0.000912947,53.65318477,0.002873893,0.014131656,0.01368021,0.002694301,3739.437604,0.001,0.00136942,0.030976681,0.00052709,30.97668067,0.001659243,0.008158915,0.007898273,0.001555556,2158.965307,0.00057735,0.000790635,0.295657989,0.299523254,0.295657989,0.097603903,0.243183374,0.240943035,0.216506351,0.107917509,-1,0.299523254,31.53965166,30.70866142,31.53965166,10.56603774,26.00382409,26.02739726,25,11.88970621,-9.32E-13,30.70866142,3,3,3,3,3,3,3,3,3,3,"4,5,6","4,5,6","4,5,6","3,5,6","1,4,5","1,4,5","3,5,6","2,4,5","1,3,4","4,5,6","1,2,3","1,2,3","1,2,3","1,2,4","2,3,6","2,3,6","1,2,4","1,3,6","2,5,6","1,2,3","G11, G12, H01, A10, A11, A12",17.46666667,Mixed (2025-05-06; 2025-05-15),6
Lab_07,0.073468979,0.000616,73.46897935,0.017777778,0.015,0.014666667,0.005666667,20432.33333,-0.000333333,0.000924,0.02173798,6.04E-05,21.73798046,0.000693889,0.000666667,0.00120185,0.000333333,9458.224058,0.00057735,9.06E-05,0.012550429,3.49E-05,12.55042887,0.000400617,0.0003849,0.000693889,0.00019245,5460.708206,0.000333333,5.23E-05,0.295879712,0.098049798,0.295879712,0.039031237,0.044444444,0.081944347,0.058823529,0.462904745,-1.732050808,0.098049798,34.14983158,10.38961039,34.14983158,4.375,4.444444444,9.090909091,5.882352941,49.1883779,-100,10.38961039,3,3,3,3,3,3,3,3,3,3,"1,2,5","1,2,4","1,2,5","1,2,3","1,4,5","1,4,5","2,4,5","1,2,5","1,3,4","1,2,4","3,4","3,5","3,4","4,5","2,3","2,3","1,3","3,4","2,5","3,5","B08, B10, B11, B12",19.72,5/6/2025,5
Lab_37,0.246537818,0.004152,246.5378181,0.086111111,0.091111111,0.091444444,0.049111111,41273.66667,0.000333333,0.006228,0.075230294,0.00119904,75.23029447,0.045230684,0.041462611,0.041097896,0.028103644,3469.107426,0.00057735,0.001798559,0.043434231,0.000692266,43.43423077,0.026113948,0.02393845,0.023727881,0.016225647,2002.890106,0.000333333,0.001038399,0.305147077,0.288786035,0.305147077,0.525259561,0.455077443,0.449430209,0.572246148,0.084051351,1.732050808,0.288786035,34.83503559,32.3699422,34.83503559,59.48387097,51.82926829,51.27582017,65.61085973,9.653451353,200,32.3699422,3,3,3,3,3,3,3,3,3,3,NA,NA,NA,NA,NA,NA,NA,NA,NA,NA,NA,NA,NA,NA,NA,NA,NA,NA,NA,NA,"H04, H05, H06",25.33333333,5/12/2025,3
Lab_03,0.020410038,0.00044,20.41003809,0.016333333,0.009333333,0.009333333,0.006111111,21407.66667,-0.002,0.00066,0.006339485,0.00020692,6.339484541,0.004484541,0.000881917,0.000666667,0.00083887,10774.5349,0.002645751,0.00031038,0.003660103,0.000119465,3.660103106,0.002589151,0.000509175,0.0003849,0.000484322,6220.680625,0.001527525,0.000179198,0.310606208,0.470273351,0.310606208,0.274563756,0.094491118,0.071428571,0.137269717,0.503302628,-1.322875656,0.470273351,31.14036896,50.90909091,31.14036896,30.6122449,10.71428571,7.142857143,14.54545455,51.05803217,-50,50.90909091,3,3,3,3,3,3,3,3,3,3,"1,4,5","3,4,5","1,4,5","1,4,5","1,4,5","2,4,5","1,2,4","1,2,3","1,3,5","3,4,5","2,3","1,2","2,3","2,3","2,3","1,3","3,5","4,5","2,4","1,2","A08, A09, A10, A12",16.22,5/6/2025,5
Lab_05,0.005686683,0.000136,5.686683347,0.019777778,0.009444444,0.009111111,0.005777778,5064,-0.000333333,0.000204,0.00177881,9.70E-05,1.778810302,0.002268953,0.002501851,0.001924501,0.001347151,1042.093566,0.00057735,0.000145492,0.001026997,5.60E-05,1.026996606,0.001309981,0.001444444,0.001111111,0.000777778,601.6530008,0.000333333,8.40E-05,0.31280277,0.713197391,0.31280277,0.114722348,0.264901888,0.211225708,0.233160686,0.205784669,-1.732050808,0.713197391,36.05475434,76.47058824,36.05475434,12.92134831,30.58823529,24.3902439,26.92307692,21.86018957,-100,76.47058824,3,3,3,3,3,3,3,3,3,3,"1,3,4","1,4,5","1,3,4","1,3,5","1,3,5","1,3,5","1,3,5","1,2,3","1,2,5","1,4,5","2,5,6","2,3,6","2,5,6","2,4,6","2,4,6","2,4,6","2,4,6","4,5,6","3,4,6","2,3,6","B02, B03, B04, B05, B06",17.9,5/6/2025,6
Lab_22,0.030074948,0.000552,30.07494825,0.010333333,0.011222222,0.010888889,0.004888889,6318,-0.000333333,0.000828,0.009578856,2.40E-05,9.578855725,0.000881917,0.000693889,0.00019245,0.00019245,1351.972263,0.00057735,3.60E-05,0.005530355,1.39E-05,5.530354932,0.000509175,0.000400617,0.000111111,0.000111111,780.56155,0.000333333,2.08E-05,0.318499492,0.043478261,0.318499492,0.085346816,0.061831663,0.017673988,0.039364791,0.213987379,-1.732050808,0.043478261,36.48520802,4.347826087,36.48520802,9.677419355,6.930693069,2.040816327,4.545454545,23.69420703,-100,4.347826087,3,3,3,3,3,3,3,3,3,3,"3,4,5","2,4,5","3,4,5","1,3,4","1,2,4","1,2,4","1,2,4","3,4,5","1,2,3","2,4,5","1,2","1,3","1,2","2,5","3,5","3,5","3,5","1,2","4,5","1,3","F05, F06, F07, F08, F09",18.52,Mixed (2025-05-06; 2025-05-12),5
Lab_13,0.080570517,0.00076,80.5705172,0.014777778,0.015111111,0.015111111,0.006444444,11182,0,0.00114,0.026738763,0.00011342,26.73876272,0.001347151,0.001170628,0.001170628,0.000509175,4148.587591,0,0.000170129,0.015437632,6.55E-05,15.43763186,0.000777778,0.000675863,0.000675863,0.000293972,2395.188162,0,9.82E-05,0.33186783,0.149236283,0.33186783,0.091160569,0.077468042,0.077468042,0.079009926,0.371005866,NA,0.149236283,37.849241,16.84210526,37.849241,9.77443609,8.088235294,8.088235294,8.620689655,42.83670184,#NAME?,16.84210526,3,3,3,3,3,3,3,3,3,3,"1,2,6","1,2,6","1,2,6","1,3,5","1,2,6","1,2,6","1,2,6","3,4,6","1,2,3","1,2,6","3,4,5","3,4,5","3,4,5","2,4,6","3,4,5","3,4,5","3,4,5","1,2,5","4,5,6","3,4,5","D02, D03, D04, D05, D06",18.03333333,5/6/2025,6
Lab_06,0.064081818,0.001272,64.08181818,0.052333333,0.034333333,0.033666667,0.020666667,7860.333333,-0.005666667,0.001908,0.022488019,0.00031749,22.48801885,0.023024142,0.015898987,0.01532246,0.009261629,1224.998095,0.009814955,0.000476235,0.012983464,0.000183303,12.98346374,0.013292995,0.009179284,0.008846426,0.005347204,707.25298,0.005666667,0.000274955,0.350926667,0.24959918,0.350926667,0.439951756,0.463077282,0.455122572,0.448143354,0.155845566,-1.732050808,0.24959918,40.44545326,28.30188679,40.44545326,50.31847134,53.39805825,52.47524752,51.61290323,17.65404351,-100,28.30188679,3,3,3,3,3,3,3,3,3,3,"1,3,4","2,3,4","1,3,4","1,3,4","1,3,4","1,3,4","1,3,4","2,3,4","1,2,5","2,3,4","2,5","1,5","2,5","2,5","2,5","2,5","2,5","1,5","3,4","1,5","B06, B07, B08, B09",19.32,5/6/2025,5
Lab_50,0.01384445,0.000224,13.84444991,0.020666667,0.008666667,0.008333333,0.003333333,4982,-0.000333333,0.000336,0.004880126,7.33E-05,4.880126484,0.004725816,0.003511885,0.003,0.002645751,1292.667913,0.00057735,0.000109982,0.002817542,4.23E-05,2.817542339,0.002728451,0.002027588,0.001732051,0.001527525,746.3221676,0.000333333,6.35E-05,0.352496958,0.327326835,0.352496958,0.228668498,0.405217452,0.36,0.793725393,0.259467666,-1.732050808,0.327326835,38.816,35.71428571,38.816,25.80645161,42.30769231,36,90,29.03117891,-100,35.71428571,3,3,3,3,3,3,3,3,3,3,NA,NA,NA,NA,NA,NA,NA,NA,NA,NA,NA,NA,NA,NA,NA,NA,NA,NA,NA,NA,"C04, C05, C06",24.46666667,5/15/2025,3
Lab_45,0.102393849,0.00176,102.3938492,0.017888889,0.015555556,0.014555556,0.004888889,17177,-0.001,0.00264,0.0362796,0.000576167,36.27960032,0.005965953,0.009263629,0.009263629,0.002219443,1814.353145,8.01E-18,0.00086425,0.020946037,0.00033265,20.94603701,0.003444444,0.005348358,0.005348358,0.001281396,1047.517276,4.63E-18,0.000498975,0.354314254,0.327367411,0.354314254,0.333500466,0.595518981,0.636432499,0.453976917,0.105626893,-8.01E-15,0.327367411,40.91248195,37.72727273,40.91248195,38.50931677,67.85714286,72.51908397,50,10.85948264,-4.55E-13,37.72727273,3,3,3,3,3,3,3,3,3,3,"2,3,4","2,3,4","2,3,4","1,2,4","1,2,4","1,2,4","1,2,4","2,3,4","1,2,3","2,3,4",1,1,1,3,3,3,3,1,4,1,"H06, B04, B05, B06",21.775,Mixed (2025-05-07; 2025-05-15),4
Lab_74,0.137027677,0.018776,137.0276774,0.067888889,0.232888889,0.236555556,0.078555556,NA,0.003666667,0.028164,0.050595314,0.00770405,50.5953142,0.006076671,0.093562417,0.095088458,0.047312593,NA,0.001527525,0.011556075,0.029211218,0.004447935,29.21121827,0.003508367,0.054018287,0.054899347,0.027315938,NA,0.000881917,0.006671903,0.369234268,0.41031369,0.369234268,0.08950906,0.401747021,0.401970935,0.602281951,NA,0.41659779,0.41031369,40.7548405,47.33702599,40.7548405,9.656301146,44.46564885,44.48097698,68.4582744,#NAME?,45.45454545,47.33702599,3,3,3,3,3,3,3,3,3,3,NA,NA,NA,NA,NA,NA,NA,NA,NA,NA,NA,NA,NA,NA,NA,NA,NA,NA,NA,NA,"E03, E04, E05",203,5/15/2025,3
Lab_23,0.046868852,0.00076,46.86885246,0.013777778,0.012111111,0.011777778,0.003777778,11709,-0.000333333,0.00114,0.01844341,0.000303895,18.44340982,0.003863409,0.00422076,0.004073401,0.00126198,3271.278649,0.00057735,0.000455842,0.010648308,0.000175454,10.64830762,0.00223054,0.002436857,0.002351779,0.000728604,1888.673609,0.000333333,0.000263181,0.393511017,0.399861472,0.393511017,0.280408688,0.348503118,0.345854769,0.334053432,0.279381557,-1.732050808,0.399861472,42.39244491,43.15789474,42.39244491,32.25806452,39.44954128,37.73584906,38.23529412,29.27662482,-100,43.15789474,3,3,3,3,3,3,3,3,3,3,NA,NA,NA,NA,NA,NA,NA,NA,NA,NA,NA,NA,NA,NA,NA,NA,NA,NA,NA,NA,"F10, F11, F12",24.26666667,5/12/2025,3
Lab_20,0.047604141,0.00056,47.60414126,0.011888889,0.011222222,0.011222222,0.005222222,13260.66667,0,0.00084,0.019562383,0.000108222,19.56238307,0.002364866,0.002523959,0.002523959,0.002834967,9405.580276,0,0.000162333,0.011294347,6.25E-05,11.29434713,0.001365356,0.001457209,0.001457209,0.001636769,5430.314304,0,9.37E-05,0.410938682,0.193253561,0.410938682,0.198913987,0.224907261,0.224907261,0.542865992,0.709284119,NA,0.193253561,46.61732472,20,46.61732472,21.4953271,25.74257426,25.74257426,55.31914894,81.86868433,#NAME?,20,3,3,3,3,3,3,3,3,3,3,NA,NA,NA,NA,NA,NA,NA,NA,NA,NA,NA,NA,NA,NA,NA,NA,NA,NA,NA,NA,"E12, F02, F03",20.03333333,Mixed (2025-05-06; 2025-05-12),3
Lab_14,0.01639841,0.000136,16.39841033,0.014666667,0.008,0.008,0.006777778,11606.33333,0,0.000204,0.007865441,1.39E-05,7.865441123,0.00120185,0.001763834,0.001763834,0.002341256,6828.181993,0,2.08E-05,0.004541115,8.00E-06,4.54111455,0.000693889,0.00101835,0.00101835,0.001351725,3942.252712,0,1.20E-05,0.479646561,0.101885342,0.479646561,0.081944347,0.220479276,0.220479276,0.345431271,0.588315172,NA,0.101885342,55.01363223,11.76470588,55.01363223,9.090909091,25,25,36.06557377,67.00939142,#NAME?,11.76470588,3,3,3,3,3,3,3,3,3,3,"1,2,4","1,2,4","1,2,4","1,3,4","1,3,4","1,3,4","1,2,4","1,2,4","1,2,3","1,2,4",3,3,3,2,2,2,3,3,4,3,"D05, D06, D08, D09",17.65,5/6/2025,4
juice fresh R2,0.030785024,0.003348,30.78502415,0.026166667,0.045666667,0.046666667,0.015666667,56450.83333,0.001,0.005022,0.016174641,0.001714027,16.17464062,0.000235702,0.01461354,0.01461354,0.000471405,20973.49424,0,0.00257104,0.011437198,0.001212,11.43719807,0.000166667,0.010333333,0.010333333,0.000333333,14830.5,0,0.001818,0.525406137,0.511955447,0.525406137,0.00900773,0.320004529,0.313147289,0.03008965,0.3715356,0,0.511955447,37.15182424,36.20071685,37.15182424,0.636942675,22.62773723,22.14285714,2.127659574,26.27153423,0,36.20071685,2,2,2,2,2,2,2,2,2,2,NA,NA,NA,NA,NA,NA,NA,NA,NA,NA,NA,NA,NA,NA,NA,NA,NA,NA,NA,NA,"D10, D11",163.8,5/15/2025,2
Lab_38,0.033794638,4.00E-04,33.79463796,0.027333333,0.014666667,0.013,0.008,2200.666667,-0.000333333,6.00E-04,0.017889483,0.000183303,17.88948317,0.000881917,0.000881917,0.002728451,0.001666667,434.5046989,0.00057735,0.000274955,0.010328498,0.00010583,10.32849792,0.000509175,0.000509175,0.001575272,0.00096225,250.8614049,0.000333333,0.000158745,0.529358627,0.458257569,0.529358627,0.03226526,0.060130712,0.20988084,0.208333333,0.197442305,-1.732050808,0.458257569,57.55945219,50,57.55945219,3.658536585,6.818181818,23.07692308,20.83333333,22.79612239,-100,50,3,3,3,3,3,3,3,3,3,3,"2,3,5","2,3,5","2,3,5","2,3,4","2,3,4","2,3,4","2,3,4","1,2,5","1,3,4","2,3,5","1,4","1,4","1,4","1,5","1,5","1,5","1,5","3,4","2,5","1,4","F09, F10, H07, H08, H09",19.18,Mixed (2025-05-06; 2025-05-12),5
Lab_18,0.007776276,6.40E-05,7.776276265,0.011,0.006222222,0.006222222,0.003222222,4279,0,9.60E-05,0.004128048,1.39E-05,4.128047932,0.002,0.0003849,0.0003849,0.001071517,1589.453994,0,2.08E-05,0.00238333,8.00E-06,2.383329585,0.001154701,0.000222222,0.000222222,0.00061864,917.6716915,0,1.20E-05,0.530851502,0.216506351,0.530851502,0.181818182,0.061858957,0.061858957,0.332539681,0.371454544,NA,0.216506351,61.09693148,25,61.09693148,18.18181818,7.142857143,7.142857143,37.93103448,42.01916336,#NAME?,25,3,3,3,3,3,3,3,3,3,3,"1,2,4","1,2,4","1,2,4","1,2,3","1,3,4","1,3,4","1,2,4","1,2,4","1,2,3","1,2,4",3,3,3,4,2,2,3,3,4,3,"E05, E06, E07, E08",13.925,Mixed (2025-05-06; 2025-05-12),4
Lab_35,0.050644203,0.000848,50.64420288,0.031444444,0.021444444,0.021111111,0.010111111,12388.33333,-0.000333333,0.001272,0.02794695,0.000453678,27.94694983,0.002834967,0.004476275,0.004299009,0.001347151,4298.861749,0.00057735,0.000680517,0.016135179,0.000261931,16.13517901,0.001636769,0.002584379,0.002482034,0.000777778,2481.948988,0.000333333,0.000392897,0.551829197,0.534997995,0.551829197,0.090157956,0.208738208,0.203637285,0.133234678,0.347008886,-1.732050808,0.534997995,60.81976108,60.37735849,60.81976108,10.24734982,23.83419689,22.63157895,15.38461538,37.06175165,-100,60.37735849,3,3,3,3,3,3,3,3,3,3,NA,NA,NA,NA,NA,NA,NA,NA,NA,NA,NA,NA,NA,NA,NA,NA,NA,NA,NA,NA,"G10, G11, G12",25.26666667,5/12/2025,3
Lab_72,0.018819534,0.002728,18.81953362,0.039888889,0.042888889,0.043222222,0.015222222,46517.66667,0.000333333,0.004092,0.010685963,0.001679371,10.68596321,0.015457229,0.023478911,0.02370732,0.008126318,28026.86819,0.00057735,0.002519057,0.006169544,0.000969585,6.169543738,0.008924235,0.013555556,0.013687428,0.004691732,16181.31989,0.000333333,0.001454378,0.567812329,0.615605319,0.567812329,0.387507132,0.547435747,0.548498414,0.533845679,0.602499441,1.732050808,0.615605319,65.48611255,70.96774194,65.48611255,42.33983287,62.69430052,62.98200514,60.58394161,69.38510817,200,70.96774194,3,3,3,3,3,3,3,3,3,3,NA,NA,NA,NA,NA,NA,NA,NA,NA,NA,NA,NA,NA,NA,NA,NA,NA,NA,NA,NA,"D03, D04, D05",208.9,5/15/2025,3
Lab_12,0.019100306,0.000168,19.10030583,0.018666667,0.010111111,0.010111111,0.005777778,9328,-0.000333333,0.000252,0.012133475,7.20E-05,12.13347538,0.002081666,0.00101835,0.00101835,0.001071517,4536.361097,0.00057735,0.000108,0.007005265,4.16E-05,7.005265277,0.00120185,0.000587945,0.000587945,0.00061864,2619.0693,0.000333333,6.24E-05,0.635250319,0.428571429,0.635250319,0.111517821,0.100715949,0.100715949,0.185454822,0.486316584,-1.732050808,0.428571429,72.91619946,42.85714286,72.91619946,12.5,10.98901099,10.98901099,21.15384615,52.2941681,-100,42.85714286,3,3,3,3,3,3,3,3,3,3,"1,3,4","1,3,4","1,3,4","1,2,3","1,3,4","1,3,4","1,3,4","1,3,4","1,2,3","1,3,4",2,2,2,4,2,2,2,2,4,2,"C11, C12, D01, D02",13.675,5/6/2025,4
Lab_73,0.042864381,0.005912,42.86438118,0.046333333,0.084666667,0.085,0.032666667,39405.33333,0.000333333,0.008868,0.036832484,0.005622475,36.83248406,0.005291503,0.059752266,0.060863235,0.015821926,32846.5242,0.001527525,0.008433712,0.021265245,0.003246137,21.26524459,0.00305505,0.034497987,0.035139405,0.009134793,18963.94959,0.000881917,0.004869206,0.859279501,0.951027554,0.859279501,0.114205093,0.705735429,0.716038055,0.484344665,0.833555294,4.582575695,0.951027554,87.59203504,103.3829499,87.59203504,12.94964029,74.01574803,75.68627451,53.06122449,58.94126007,500,103.3829499,3,3,3,3,3,3,3,3,3,3,NA,NA,NA,NA,NA,NA,NA,NA,NA,NA,NA,NA,NA,NA,NA,NA,NA,NA,NA,NA,"D12, E01, E02",202.8666667,5/15/2025,3
Lab_16,0.030286992,0.00024,30.28699176,0.018444444,0.012444444,0.011444444,0.008444444,12332.66667,-0.001,0.00036,0.026728752,0.000145986,26.72875229,0.008921468,0.007932586,0.007343427,0.006345018,9885.130567,0.001,0.000218979,0.015431852,8.43E-05,15.43185233,0.005150812,0.004579881,0.00423973,0.003663298,5707.182794,0.00057735,0.000126428,0.882515916,0.608276253,0.882515916,0.483694052,0.637439973,0.641658705,0.751383765,0.8015404,-1,0.608276253,100.0662855,70,100.0662855,51.80722892,68.75,66.01941748,77.63157895,80.39083194,-2.39E-13,70,3,3,3,3,3,3,3,3,3,3,NA,NA,NA,NA,NA,NA,NA,NA,NA,NA,NA,NA,NA,NA,NA,NA,NA,NA,NA,NA,"D11, D12, E02",15.26666667,Mixed (2025-05-06; 2025-05-12),3
Lab_25,0.012823433,0.000216,12.82343314,0.011333333,0.006333333,0.006333333,0.002833333,4217.5,0,0.000324,0.01157992,0.000203647,11.57992007,0.004242641,0.004242641,0.004242641,0.00212132,3285.925212,0,0.00030547,0.00818824,0.000144,8.188240009,0.003,0.003,0.003,0.0015,2323.5,0,0.000216,0.903028069,0.942809042,0.903028069,0.374350649,0.669890635,0.669890635,0.748701298,0.779116826,NA,0.942809042,63.85372714,66.66666667,63.85372714,26.47058824,47.36842105,47.36842105,52.94117647,55.09187908,#NAME?,66.66666667,2,2,2,2,2,2,2,2,2,2,NA,NA,NA,NA,NA,NA,NA,NA,NA,NA,NA,NA,NA,NA,NA,NA,NA,NA,NA,NA,"G05, G06",24.5,5/12/2025,2
Lab_17,0.009022449,6.40E-05,9.02244898,0.017111111,0.007777778,0.007777778,0.004777778,6428.666667,0,9.60E-05,0.008580084,5.00E-05,8.580083822,0.00643198,0.001677741,0.001677741,0.000693889,4401.73481,0,7.49E-05,0.004953714,2.88E-05,4.953713705,0.003713506,0.000968644,0.000968644,0.000400617,2541.342777,0,4.33E-05,0.950970611,0.78062475,0.950970611,0.375894952,0.215709555,0.215709555,0.145232512,0.68470416,NA,0.78062475,103.5738521,87.5,103.5738521,42.20779221,22.85714286,22.85714286,16.27906977,70.04044385,#NAME?,87.5,3,3,3,3,3,3,3,3,3,3,NA,NA,NA,NA,NA,NA,NA,NA,NA,NA,NA,NA,NA,NA,NA,NA,NA,NA,NA,NA,"E02, E03, E05",14.6,Mixed (2025-05-06; 2025-05-12),3
Lab_36,0.03724893,0.00064,37.24892989,0.092,0.066666667,0.067333333,0.053666667,9165.333333,0.000666667,0.00096,0.039469238,0.000680659,39.46923804,0.09827682,0.081193185,0.081461647,0.069888006,6481.145681,0.00057735,0.001020988,0.022787575,0.000392978,22.78757521,0.056740148,0.046876907,0.047031904,0.040349859,3741.891203,0.000333333,0.000589468,1.0596073,1.063528914,1.0596073,1.068226303,1.217897779,1.209826447,1.302260975,0.707136931,0.866025404,1.063528914,121.0146215,121.25,121.0146215,123.1884058,140.5,139.6039604,150.310559,81.6191446,100,121.25,3,3,3,3,3,3,3,3,3,3,NA,NA,NA,NA,NA,NA,NA,NA,NA,NA,NA,NA,NA,NA,NA,NA,NA,NA,NA,NA,"H01, H02, H03",25.46666667,5/12/2025,3
Lab_71,0.021805616,0.002992,21.80561605,0.04,0.047333333,0.048,0.018,45001.66667,0.000666667,0.004488,0.023822091,0.002875229,23.82209063,0.007094599,0.020880613,0.021221059,0.00305505,34563.14136,0.00057735,0.004312844,0.01375369,0.001660014,13.75369044,0.004096069,0.012055428,0.012251984,0.001763834,19955.03897,0.000333333,0.002490022,1.092475011,0.960972387,1.092475011,0.177364972,0.441139712,0.44210539,0.169725026,0.768041362,0.866025404,0.960972387,126.1458694,110.9625668,126.1458694,19.16666667,50.70422535,50.69444444,18.51851852,88.67153068,100,110.9625668,3,3,3,3,3,3,3,3,3,3,NA,NA,NA,NA,NA,NA,NA,NA,NA,NA,NA,NA,NA,NA,NA,NA,NA,NA,NA,NA,"C12, D01, D02",229.5,5/15/2025,3
Lab_51,0.021301162,0.000348,21.30116194,0.024166667,0.010666667,0.010166667,0.003666667,6630.333333,-5.00E-04,0.000522,0.02575429,0.000424264,25.75429011,0.001649916,0.002357023,0.001649916,0.001885618,2498.915365,0.000707107,0.000636396,0.018211033,3.00E-04,18.21103318,0.001166667,0.001666667,0.001166667,0.001333333,1767,5.00E-04,0.00045,1.209055646,1.219149623,1.209055646,0.068272379,0.220970869,0.162286802,0.514259477,0.376891363,-1.414213562,1.219149623,85.49314463,86.20689655,85.49314463,4.827586207,15.625,11.47540984,36.36363636,26.65024383,-100,86.20689655,2,2,2,2,2,2,2,2,2,2,NA,NA,NA,NA,NA,NA,NA,NA,NA,NA,NA,NA,NA,NA,NA,NA,NA,NA,NA,NA,"C07, C08",23.95,5/15/2025,2
Lab_02,0.002278481,3.60E-05,2.278481013,0.013833333,0.005333333,0.004333333,0.002833333,1939,-0.001,5.40E-05,0.003222259,5.09E-05,3.22225875,0.001649916,0.002357023,0.000942809,0.003064129,254.5584412,0.001414214,7.64E-05,0.002278481,3.60E-05,2.278481013,0.001166667,0.001666667,0.000666667,0.002166667,180,0.001,5.40E-05,1.414213562,1.414213562,1.414213562,0.119271023,0.441941738,0.217571317,1.08145743,0.131283363,-1.414213562,1.414213562,100,100,100,8.43373494,31.25,15.38461538,76.47058824,9.283135637,-100,100,2,2,2,2,2,2,2,2,2,2,NA,NA,NA,NA,NA,NA,NA,NA,NA,NA,NA,NA,NA,NA,NA,NA,NA,NA,NA,NA,"A06, A08",16.95,5/6/2025,2
Lab_04,0.023644068,0.000372,23.6440678,0.023333333,0.012833333,0.012333333,0.006333333,5418,-5.00E-04,0.000558,0.033437761,0.000526087,33.43776135,0.002828427,0.004949747,0.004242641,0.001414214,3999.395954,0.000707107,0.000789131,0.023644068,0.000372,23.6440678,0.002,0.0035,0.003,0.001,2828,5.00E-04,0.000558,1.414213562,1.414213562,1.414213562,0.121218305,0.385694608,0.343997894,0.223296878,0.738168319,-1.414213562,1.414213562,100,100,100,8.571428571,27.27272727,24.32432432,15.78947368,52.19638243,-100,100,2,2,2,2,2,2,2,2,2,2,NA,NA,NA,NA,NA,NA,NA,NA,NA,NA,NA,NA,NA,NA,NA,NA,NA,NA,NA,NA,"B01, B02",23.9,5/6/2025,2
Lab_19,0.00048583,8.00E-06,0.48582996,0.013777778,0.006111111,0.006111111,0.004111111,1935,0,1.20E-05,0.000841482,1.39E-05,0.841482174,0.002143034,0.001575272,0.001575272,0.001575272,358.2331643,0,2.08E-05,0.00048583,8.00E-06,0.48582996,0.001237281,0.000909484,0.000909484,0.000909484,206.8260138,0,1.20E-05,1.732050808,1.732050808,1.732050808,0.155542754,0.257771761,0.257771761,0.38317424,0.185133418,NA,1.732050808,200,200,200,17.74193548,29.09090909,29.09090909,43.24324324,19.68992248,#NAME?,200,3,3,3,3,3,3,3,3,3,3,NA,NA,NA,NA,NA,NA,NA,NA,NA,NA,NA,NA,NA,NA,NA,NA,NA,NA,NA,NA,"E10, E11, E12",25.4,5/12/2025,3
juice fresh  R2,0.018465656,0.00276,18.46565566,0.024333333,0.039333333,0.039333333,0.014333333,47067.33333,0,0.00414,NA,NA,NA,NA,NA,NA,NA,NA,NA,NA,NA,NA,NA,NA,NA,NA,NA,NA,NA,NA,NA,NA,NA,NA,NA,NA,NA,NA,NA,NA,0,0,0,0,0,0,0,0,#NAME?,0,1,1,1,1,1,1,1,1,1,1,NA,NA,NA,NA,NA,NA,NA,NA,NA,NA,NA,NA,NA,NA,NA,NA,NA,NA,NA,NA,D09,224.2,5/15/2025,1
juice ilo,0.005208681,0.000624,5.208681135,0.010333333,0.008333333,0.008333333,0.001333333,13391.33333,0,0.000936,NA,NA,NA,NA,NA,NA,NA,NA,NA,NA,NA,NA,NA,NA,NA,NA,NA,NA,NA,NA,NA,NA,NA,NA,NA,NA,NA,NA,NA,NA,0,0,0,0,0,0,0,0,#NAME?,0,1,1,1,1,1,1,1,1,1,1,NA,NA,NA,NA,NA,NA,NA,NA,NA,NA,NA,NA,NA,NA,NA,NA,NA,NA,NA,NA,D06,179.7,5/15/2025,1
Lab_24,0.032326531,0.000528,32.32653061,0.015333333,0.009333333,0.009333333,0.002333333,9078,0,0.000792,NA,NA,NA,NA,NA,NA,NA,NA,NA,NA,NA,NA,NA,NA,NA,NA,NA,NA,NA,NA,NA,NA,NA,NA,NA,NA,NA,NA,NA,NA,0,0,0,0,0,0,0,0,#NAME?,0,1,1,1,1,1,1,1,1,1,1,NA,NA,NA,NA,NA,NA,NA,NA,NA,NA,NA,NA,NA,NA,NA,NA,NA,NA,NA,NA,G01,24.5,5/12/2025,1
NA,NA,NA,NA,NA,NA,NA,NA,5672.333333,NA,NA,NA,NA,NA,NA,NA,NA,NA,312.5411973,NA,NA,NA,NA,NA,NA,NA,NA,NA,221,NA,NA,NA,NA,NA,NA,NA,NA,NA,0.05509923,NA,NA,#NAME?,#NAME?,#NAME?,#NAME?,#NAME?,#NAME?,#NAME?,3.896103896,#NAME?,#NAME?,2,2,2,2,2,2,2,2,2,2,NA,NA,NA,NA,NA,NA,NA,NA,NA,NA,NA,NA,NA,NA,NA,NA,NA,NA,NA,NA,"D07, D08",NA,NA,2
