"ID","PE_mg_per_g_sample_mean","PE_mg_per_mL_mean","PE_scaled_mean","X455_mean","X564_mean","X565_mean","X592_mean","Xred_mean","diff_absorbance_mean","total_PE_mg_mean","PE_mg_per_g_sample_sd","PE_mg_per_mL_sd","PE_scaled_sd","X455_sd","X564_sd","X565_sd","X592_sd","Xred_sd","diff_absorbance_sd","total_PE_mg_sd","PE_mg_per_g_sample_se","PE_mg_per_mL_se","PE_scaled_se","X455_se","X564_se","X565_se","X592_se","Xred_se","diff_absorbance_se","total_PE_mg_se","PE_mg_per_g_sample_cv","PE_mg_per_mL_cv","PE_scaled_cv","X455_cv","X564_cv","X565_cv","X592_cv","Xred_cv","diff_absorbance_cv","total_PE_mg_cv","PE_mg_per_g_sample_max_dev_pct","PE_mg_per_mL_max_dev_pct","PE_scaled_max_dev_pct","X455_max_dev_pct","X564_max_dev_pct","X565_max_dev_pct","X592_max_dev_pct","Xred_max_dev_pct","diff_absorbance_max_dev_pct","total_PE_mg_max_dev_pct","PE_mg_per_g_sample_n","PE_mg_per_mL_n","PE_scaled_n","X455_n","X564_n","X565_n","X592_n","Xred_n","diff_absorbance_n","total_PE_mg_n","PE_mg_per_g_sample_included_rows","PE_mg_per_mL_included_rows","PE_scaled_included_rows","X455_included_rows","X564_included_rows","X565_included_rows","X592_included_rows","Xred_included_rows","diff_absorbance_included_rows","total_PE_mg_included_rows","PE_mg_per_g_sample_excluded_rows","PE_mg_per_mL_excluded_rows","PE_scaled_excluded_rows","X455_excluded_rows","X564_excluded_rows","X565_excluded_rows","X592_excluded_rows","Xred_excluded_rows","diff_absorbance_excluded_rows","total_PE_mg_excluded_rows","join_ids","avg_sample_weight","replicate_date","replicate_count"
"BLANK_02",Inf,9.60000000000002e-05,Inf,0.019,0.011,0.01,0.008,NA,-0.001,0.000144,NA,NA,NA,NA,NA,NA,NA,NA,NA,NA,NA,NA,NA,NA,NA,NA,NA,NA,NA,NA,NA,NA,NA,NA,NA,NA,NA,NA,NA,NA,-Inf,0,-Inf,0,0,0,0,-Inf,0,0,1,1,1,1,1,1,1,1,1,1,NA,NA,NA,NA,NA,NA,NA,NA,NA,NA,NA,NA,NA,NA,NA,NA,NA,NA,NA,NA,"G08",0,NA,1
"Fresh_1",NA,NA,NA,NA,NA,NA,NA,8044.66666666667,NA,NA,NA,NA,NA,NA,NA,NA,NA,NA,NA,NA,NA,NA,NA,NA,NA,NA,NA,NA,NA,NA,NA,NA,NA,NA,NA,NA,NA,NA,NA,NA,-Inf,-Inf,-Inf,-Inf,-Inf,-Inf,-Inf,0,-Inf,-Inf,1,1,1,1,1,1,1,1,1,1,NA,NA,NA,NA,NA,NA,NA,NA,NA,NA,NA,NA,NA,NA,NA,NA,NA,NA,NA,NA,"G01",94.3,NA,1
"juice fresh  R2",0.217243007818649,0.00276,217.243007818649,0.0243333333333333,0.0393333333333333,0.0393333333333333,0.0143333333333333,47067.3333333333,0,0.00414,NA,NA,NA,NA,NA,NA,NA,NA,NA,NA,NA,NA,NA,NA,NA,NA,NA,NA,NA,NA,NA,NA,NA,NA,NA,NA,NA,NA,NA,NA,0,0,0,0,0,0,0,0,-Inf,0,1,1,1,1,1,1,1,1,1,1,NA,NA,NA,NA,NA,NA,NA,NA,NA,NA,NA,NA,NA,NA,NA,NA,NA,NA,NA,NA,"D09",19.057,"2025-05-15",1
"juice fresh R2",0.362176754759875,0.003348,362.176754759875,0.0261666666666667,0.0456666666666667,0.0466666666666667,0.0156666666666667,56450.8333333333,0.001,0.005022,0.190289889679926,0.00171402683759619,190.289889679926,0.000235702260395519,0.014613540144522,0.014613540144522,0.000471404520791029,20973.4942367742,0,0.00257104025639429,0.134555271383916,0.001212,134.555271383916,0.000166666666666669,0.0103333333333333,0.0103333333333333,0.000333333333333331,14830.5,0,0.001818,0.525406137139004,0.51195544731069,0.525406137139004,0.00900772969664405,0.32000452871216,0.313147288811185,0.0300896502632572,0.371535600066858,0,0.51195544731069,37.1518242448019,36.2007168458782,37.1518242448019,0.636942675159245,22.6277372262774,22.1428571428571,2.12765957446807,26.2715342259488,0,36.2007168458781,2,2,2,2,2,2,2,2,2,2,NA,NA,NA,NA,NA,NA,NA,NA,NA,NA,NA,NA,NA,NA,NA,NA,NA,NA,NA,NA,"D10, D11",13.923,"2025-05-15",2
"juice ilo",0.0612786015908868,0.000624000000000001,61.2786015908868,0.0103333333333333,0.00833333333333334,0.00833333333333334,0.00133333333333333,13391.3333333333,0,0.000936000000000001,NA,NA,NA,NA,NA,NA,NA,NA,NA,NA,NA,NA,NA,NA,NA,NA,NA,NA,NA,NA,NA,NA,NA,NA,NA,NA,NA,NA,NA,NA,0,0,0,0,0,0,0,0,-Inf,0,1,1,1,1,1,1,1,1,1,1,NA,NA,NA,NA,NA,NA,NA,NA,NA,NA,NA,NA,NA,NA,NA,NA,NA,NA,NA,NA,"D06",15.2745,"2025-05-15",1
"Lab_01",0.0199349145063431,0.000296,19.9349145063431,0.0296666666666667,0.0183333333333333,0.0176666666666667,0.012,19038.3333333333,-0.000333333333333334,0.000444,0.00245949428036395,1.38564064605505e-05,2.45949428036395,0.000577350269189626,0.000577350269189626,0.00115470053837925,0,5034.16252551835,0.000577350269189626,2.07846096908258e-05,0.00141998968483847,7.99999999999973e-06,1.41998968483847,0.000333333333333334,0.000333333333333334,0.000666666666666667,0,2906.47508925235,0.000333333333333334,1.19999999999996e-05,0.123376214108235,0.0468121839883464,0.123376214108236,0.0194612450288638,0.0314918328648887,0.0653604078327879,0,0.264422438528496,-1.73205080756888,0.0468121839883464,13.8841237341595,5.40540540540522,13.8841237341595,2.24719101123595,3.63636363636363,7.54716981132077,0,30.3843123522717,-100,5.40540540540522,3,3,3,3,3,3,3,3,3,3,"3,4,7","1,4,7","3,4,7","1,2,7","1,2,7","1,2,7","1,2,7","1,2,3","1,2,3","1,4,7","1,2,5,6","2,3,5,6","1,2,5,6","3,4,5,6","3,4,5,6","3,4,5,6","3,4,5,6","4,5,6,7","4,5,6,7","2,3,5,6","A02, A03, A04, A06, A01",18.2857142857143,"Mixed (2025-05-06; NA)",7
"Lab_02",0.0131101567017416,0.000224,13.1101567017416,0.0165555555555556,0.013,0.0123333333333333,0.00866666666666666,1568.22222222222,-0.000666666666666667,0.000336,0.00987113821705487,0.000186418883163697,9.87113821705487,0.00485722066542098,0.006,0.0070237691685685,0.00351188458428425,666.954632251311,0.00115470053837925,0.000279628324745545,0.00569910430682463,0.00010762899237659,5.69910430682463,0.00280431765869421,0.00346410161513776,0.00405517502019882,0.00202758751009941,385.066436467562,0.000666666666666667,0.000161443488564885,0.752938232671432,0.832227156980789,0.752938232671432,0.293389167709992,0.461538461538462,0.5694947974515,0.405217452032798,0.42529344553364,-1.73205080756888,0.832227156980789,82.3886598641086,92.8571428571429,82.3886598641086,32.8859060402684,46.1538461538462,59.4594594594595,42.3076923076923,47.2863823154315,-100,92.8571428571429,3,3,3,3,3,3,3,3,3,3,"2,3,4","2,3,4","2,3,4","1,2,4","1,3,4","1,3,4","1,3,4","1,2,4","1,2,3","2,3,4","1","1","1","3","2","2","2","3","4","1","A06, A08, A03, A04",21.05,"Mixed (2025-05-06; NA)",4
"Lab_03",0.0204100380896036,0.00044,20.4100380896036,0.0142222222222222,0.00933333333333334,0.00933333333333334,0.00544444444444444,16564.2222222222,-0.002,0.00066,0.00633948454059,0.00020692027450204,6.33948454059,0.00134715062810913,0.000881917103688199,0.000666666666666666,0.000509175077217315,5257.9537668959,0.00264575131106459,0.000310380411753061,0.00366010310603311,0.000119465476184544,3.66010310603311,0.000777777777777778,0.000509175077217317,0.00038490017945975,0.000293972367896066,3035.68102270396,0.00152752523165195,0.000179198214276816,0.310606208217671,0.470273351141001,0.310606208217671,0.094721528538923,0.094491118252307,0.0714285714285713,0.0935219529582825,0.317428352285804,-1.3228756555323,0.470273351141001,31.1403689645216,50.9090909090908,31.1403689645216,10.9375,10.7142857142857,7.14285714285715,10.204081632653,34.8233810488469,-50,50.9090909090908,3,3,3,3,3,3,3,3,3,3,"1,4,5","3,4,5","1,4,5","1,5,6","1,4,5","2,4,5","1,4,6","1,2,6","1,3,5","3,4,5","2,3,6","1,2,6","2,3,6","2,3,4","2,3,6","1,3,6","2,3,5","3,4,5","2,4,6","1,2,6","A08, A09, A10, A12, A06",17.7166666666667,"Mixed (2025-05-06; NA)",6
"Lab_04",0.0186198547215497,0.000296,18.6198547215497,0.0205555555555556,0.0115555555555556,0.0108888888888889,0.00622222222222222,6229.88888888889,-0.000666666666666667,0.000444,0.0251946441340521,0.000394603598564433,25.1946441340521,0.00521038848341927,0.00414103225635205,0.00390631018472154,0.00101835015443463,3158.33416593363,0.000577350269189626,0.000591905397846649,0.0145461345729318,0.00022782449385437,14.5461345729318,0.00300821919348464,0.00239082608792778,0.00225530923668716,0.00058794473579213,1823.46508089258,0.000333333333333334,0.000341736740781555,1.3531063754699,1.33312026542038,1.3531063754699,0.253478358652829,0.35835856064585,0.358742772066264,0.163663417676994,0.506964766509171,-0.866025403784439,1.33312026542038,153.966189856957,151.351351351351,153.966189856957,27.027027027027,41.3461538461538,40.8163265306122,17.8571428571428,58.42622483012,-50,151.351351351351,3,3,3,3,3,3,3,3,3,3,NA,NA,NA,NA,NA,NA,NA,NA,NA,NA,NA,NA,NA,NA,NA,NA,NA,NA,NA,NA,"B01, B02, A08",24.3333333333333,"Mixed (2025-05-06; NA)",3
"Lab_05",0.00601962651279498,7.99999999999997e-05,6.01962651279498,0.0197777777777778,0.0134444444444444,0.00866666666666667,0.00644444444444444,5064,-0.000666666666666665,0.00012,0.0012036609731852,3.66606055596464e-05,1.2036609731852,0.00226895309518468,0.0022194427061598,0.00115470053837925,0.00126197963240006,1042.09356585673,0.00115470053837925,5.49909083394696e-05,0.000694933986881522,2.11660104885165e-05,0.694933986881522,0.00130998068028351,0.00128139584385231,0.000666666666666667,0.000728604280478,601.653000768162,0.000666666666666665,3.17490157327748e-05,0.199956088741846,0.458257569495581,0.199956088741845,0.114722347509338,0.1650825153342,0.133234677505298,0.195824425717251,0.205784669402988,-1.73205080756888,0.458257569495581,22.9986590830034,49.9999999999998,22.9986590830034,12.9213483146067,19.0082644628099,15.3846153846154,22.4137931034483,21.8601895734597,-100,49.9999999999998,3,3,3,3,3,3,3,3,3,3,"1,4,7","1,4,7","1,4,7","1,3,5","2,5,7","1,3,7","1,5,7","1,2,3","1,2,7","1,4,7","2,3,5,6,8","2,3,5,6,8","2,3,5,6,8","2,4,6,7,8","1,3,4,6,8","2,4,5,6,8","2,3,4,6,8","4,5,6,7,8","3,4,5,6,8","2,3,5,6,8","B02, B03, B04, B05, B06, A09, A10",19.25,"Mixed (2025-05-06; NA)",8
"Lab_06",0.0640818181818181,0.001272,64.0818181818182,0.0523333333333333,0.0343333333333333,0.0336666666666667,0.0206666666666667,7860.33333333333,-0.00566666666666667,0.001908,0.0224880188486121,0.000317490157327752,22.4880188486121,0.0230241419191055,0.0158989866902824,0.0153224599127483,0.00926162932629987,1224.99809523661,0.00981495457622365,0.000476235235991628,0.0129834637357876,0.000183303027798234,12.9834637357876,0.0132929945348557,0.00917928424547684,0.00884642635527247,0.00534720418467376,707.252980041638,0.00566666666666667,0.000274954541697351,0.350926666668653,0.249599180289113,0.350926666668653,0.439951756416029,0.463077282241236,0.45512257166579,0.448143354498381,0.155845565739784,-1.73205080756888,0.249599180289113,40.4454532557809,28.3018867924529,40.4454532557809,50.3184713375796,53.3980582524272,52.4752475247525,51.6129032258064,17.6540435096052,-100,28.3018867924529,3,3,3,3,3,3,3,3,3,3,"1,3,4","2,3,4","1,3,4","1,3,4","1,3,4","1,3,4","1,3,4","2,3,4","1,2,5","2,3,4","2,5","1,5","2,5","2,5","2,5","2,5","2,5","1,5","3,4","1,5","B06, B07, B08, B09",19.32,"2025-05-06",5
"Lab_07",0.0734689793497503,0.000616,73.4689793497503,0.0177777777777778,0.015,0.0146666666666667,0.00566666666666667,20432.3333333333,-0.000333333333333334,0.000924,0.0217379804596977,6.03986754821662e-05,21.7379804596977,0.000693888666488713,0.000666666666666666,0.00120185042515466,0.000333333333333331,9458.2240581059,0.000577350269189626,9.05980132232493e-05,0.0125504288700453,3.48711915483255e-05,12.5504288700453,0.000400616808384889,0.00038490017945975,0.000693888666488711,0.000192450089729874,5460.70820600324,0.000333333333333334,5.23067873224882e-05,0.29587971211923,0.0980497978606594,0.29587971211923,0.0390312374899901,0.0444444444444444,0.0819443471696361,0.0588235294117643,0.46290474532714,-1.73205080756888,0.0980497978606594,34.1498315772089,10.3896103896104,34.1498315772088,4.37500000000001,4.44444444444445,9.09090909090908,5.88235294117643,49.1883778977764,-100,10.3896103896104,3,3,3,3,3,3,3,3,3,3,"1,2,5","1,2,4","1,2,5","1,2,3","1,4,5","1,4,5","2,4,5","1,2,5","1,3,4","1,2,4","3,4","3,5","3,4","4,5","2,3","2,3","1,3","3,4","2,5","3,5","B08, B10, B11, B12",19.72,"2025-05-06",5
"Lab_08",0.0326987353080767,0.000552,32.6987353080767,0.0172222222222222,0.0125555555555556,0.0144444444444444,0.00977777777777778,7512,-0.000333333333333334,0.000828,0.00414500238229134,8.31384387633057e-05,4.14500238229134,0.00283496684937179,0.00157527187541753,0.00138777733297742,0.00291229831601803,478.611533500813,0.000577350269189626,0.000124707658144959,0.00239311824120754,4.79999999999998e-05,2.39311824120754,0.00163676887362847,0.00090948364131916,0.000801233616769777,0.00168141621671351,276.326497703954,0.000333333333333334,7.19999999999996e-05,0.1267633852881,0.150613113701641,0.1267633852881,0.16461097835062,0.125464131670423,0.0960768922830525,0.297848691410935,0.0637129304447302,-1.73205080756888,0.150613113701641,14.6194276815261,17.391304347826,14.6194276815261,16.7741935483871,14.1592920353982,10.7692307692308,32.9545454545455,7.09531416400426,-100,17.391304347826,3,3,3,3,3,3,3,3,3,3,"3,4,5","3,4,5","3,4,5","2,3,4","2,3,4","1,2,3","1,2,3","1,3,4","1,3,4","3,4,5","1,2","1,2","1,2","1,5","1,5","4,5","4,5","2,5","2,5","1,2","B11, B12, C01, C02, C03",19.34,"2025-05-06",5
"Lab_09",0.101393828703259,0.000688,101.393828703259,0.0257777777777778,0.0261111111111111,0.0257777777777778,0.0187777777777778,4640.33333333333,-0.000333333333333334,0.001032,0.018506385475508,0.000132181693134866,18.506385475508,0.000693888666488711,0.00529500113664172,0.00501479293173189,0.00566993369874359,1083.87468525348,0.000577350269189626,0.000198272539702299,0.0106846666360115,7.63151361133556e-05,10.6846666360115,0.000400616808384888,0.00305707033159947,0.00289529204906564,0.00327353774725694,625.775341298918,0.000333333333333334,0.000114472704170033,0.182519840824526,0.192124553975096,0.182519840824526,0.0269180948206827,0.202787277573512,0.194539380972358,0.301949131885753,0.233576902216827,-1.73205080756888,0.192124553975096,19.1467576791808,19.7674418604651,19.1467576791808,3.01724137931034,23.4042553191489,22.4137931034483,30.7692307692308,26.0254292076719,-100,19.7674418604651,3,3,3,3,3,3,3,3,3,3,"1,2,3","1,2,3","1,2,3","1,3,5","2,3,6","2,3,6","2,3,6","4,5,6","1,2,6","1,2,3","4,5,6","4,5,6","4,5,6","2,4,6","1,4,5","1,4,5","1,4,5","1,2,3","3,4,5","4,5,6","C02, C03, C04, C05, C06",17.5166666666667,"2025-05-06",6
"Lab_10",0.0338775510204082,0.000576,33.8775510204082,0.0493333333333333,0.0237777777777778,0.0221111111111111,0.0121111111111111,14321.6666666667,-0.00166666666666667,0.000864,0.00523150039837132,0.000104613574644976,5.23150039837132,0.0157726908857613,0.000509175077217319,0.00167774098561572,0.00241139271269008,2452.14443565899,0.00208166599946613,0.000156920361967464,0.00302040816326532,6.0398675482166e-05,3.02040816326532,0.00910636732873905,0.000293972367896068,0.000968644209675705,0.00139221823179352,1415.74625001956,0.00120185042515466,9.05980132232489e-05,0.154423806939876,0.181620789314195,0.154423806939876,0.31971670714381,0.0214139051166162,0.0758777330177965,0.19910582031386,0.171219208820597,-1.24899959967968,0.181620789314195,17.5903614457832,20.8333333333333,17.5903614457832,35.8108108108108,2.33644859813086,8.04020100502512,22.9357798165138,19.2971022925637,-40,20.8333333333333,3,3,3,3,3,3,3,3,3,3,"2,4,5","1,4,5","2,4,5","1,4,5","3,4,5","3,4,5","3,4,5","2,3,4","1,3,4","1,4,5","1,3","2,3","1,3","2,3","1,2","1,2","1,2","1,5","2,5","2,3","C05, C06, C07, C08, C09",19.56,"2025-05-06",5
"Lab_11",0.0242952951676655,0.000392,24.2952951676655,0.0272222222222222,0.0192222222222222,0.0175555555555556,0.0128888888888889,7887.33333333333,-0.00133333333333333,0.000588,0.00163864581910854,3.66606055596459e-05,1.63864581910854,0.00383454087260831,0.00400462695354224,0.00414103225635205,0.00350132250146417,1027.40660565004,0.00230940107675851,5.49909083394688e-05,0.000946072604768769,2.11660104885162e-05,0.946072604768769,0.00221387320501903,0.00231207244963165,0.00239082608792778,0.00202148948874003,593.173480339249,0.00133333333333333,3.17490157327744e-05,0.0674470430509281,0.0935219529582803,0.0674470430509281,0.140860685116224,0.208333194114914,0.235881584222585,0.271654332010151,0.130260325287385,-1.73205080756888,0.0935219529582803,7.76497260532779,10.2040816326528,7.76497260532778,14.2857142857143,21.3872832369942,27.2151898734177,27.5862068965517,14.6986729777703,-100,10.2040816326528,3,3,3,3,3,3,3,3,3,3,"2,5,6","1,5,6","2,5,6","3,4,5","3,4,5","3,4,5","3,4,5","4,5,6","1,2,3","1,5,6","1,3,4","2,3,4","1,3,4","1,2,6","1,2,6","1,2,6","1,2,6","1,2,3","4,5,6","2,3,4","C08, C09, C10, C11, C12",17.7333333333333,"2025-05-06",6
"Lab_12",0.0191003058349301,0.000168,19.1003058349301,0.0186666666666667,0.0101111111111111,0.0101111111111111,0.00577777777777778,9328,-0.000333333333333334,0.000252,0.0121334753807921,7.20000000000004e-05,12.1334753807921,0.00208166599946613,0.00101835015443464,0.00101835015443464,0.00107151675122144,4536.36109673822,0.000577350269189626,0.000108000000000001,0.00700526527730601,4.15692193816533e-05,7.00526527730601,0.00120185042515466,0.000587944735792134,0.000587944735792134,0.000618640484758891,2619.06930034316,0.000333333333333334,6.23538290724799e-05,0.635250319322255,0.428571428571431,0.635250319322255,0.111517821399971,0.100715949339689,0.100715949339689,0.185454822326788,0.486316584127168,-1.73205080756888,0.428571428571431,72.9161994640948,42.8571428571432,72.9161994640948,12.5,10.9890109890111,10.9890109890111,21.1538461538461,52.2941680960549,-100,42.8571428571431,3,3,3,3,3,3,3,3,3,3,"1,3,4","1,3,4","1,3,4","1,2,3","1,3,4","1,3,4","1,3,4","1,3,4","1,2,3","1,3,4","2","2","2","4","2","2","2","2","4","2","C11, C12, D01, D02",13.675,"2025-05-06",4
"Lab_13",0.0805705172020961,0.00076,80.5705172020961,0.0187777777777778,0.00855555555555556,0.00855555555555556,0.00488888888888889,13282.8888888889,0,0.00114,0.026738762724548,0.000113419575030063,26.738762724548,0.000693888666488711,0.000509175077217316,0.000509175077217316,0.000192450089729874,512.062532350335,0,0.000170129362545094,0.0154376318568153,6.54828221749797e-05,15.4376318568153,0.000400616808384888,0.000293972367896066,0.000293972367896066,0.00011111111111111,295.639440894387,0,9.82242332624696e-05,0.331867830232227,0.149236282934293,0.331867830232227,0.036952650878097,0.0595139700643616,0.0595139700643616,0.0393647910811106,0.0385505394672596,NA,0.149236282934293,37.8492410017419,16.8421052631579,37.8492410017419,4.14201183431952,6.49350649350651,6.49350649350651,4.54545454545452,4.42842085891624,-Inf,16.8421052631579,3,3,3,3,3,3,3,3,3,3,"1,2,6","1,2,6","1,2,6","2,6,7","3,4,7","3,4,7","3,4,7","3,6,7","1,2,3","1,2,6","3,4,5,7","3,4,5,7","3,4,5,7","1,3,4,5","1,2,5,6","1,2,5,6","1,2,5,6","1,2,4,5","4,5,6,7","3,4,5,7","D02, D03, D04, D05, D06, B02",19.2,"Mixed (2025-05-06; NA)",7
"Lab_14",0.0163984103328366,0.000136,16.3984103328366,0.0146666666666667,0.00733333333333333,0.00733333333333333,0.00433333333333333,3778.88888888889,0,0.000204,0.00786544112329283,1.38564064605508e-05,7.86544112329283,0.00120185042515466,0.000666666666666666,0.000666666666666666,0.000666666666666663,64.8334047414632,0,2.07846096908262e-05,0.00454111454982827,7.99999999999986e-06,4.54111454982827,0.000693888666488711,0.00038490017945975,0.00038490017945975,0.000384900179459748,37.4315836799637,0,1.19999999999998e-05,0.479646561078112,0.101885341621697,0.479646561078112,0.0819443471696362,0.0909090909090908,0.0909090909090908,0.153846153846153,0.0171567375087671,NA,0.101885341621697,55.0136322326566,11.7647058823528,55.0136322326566,9.0909090909091,9.0909090909091,9.0909090909091,15.3846153846154,1.93766539253161,-Inf,11.7647058823528,3,3,3,3,3,3,3,3,3,3,"1,2,4","1,2,4","1,2,4","1,3,4","3,4,6","3,4,6","3,4,6","3,4,6","1,2,3","1,2,4","3,5,6","3,5,6","3,5,6","2,5,6","1,2,5","1,2,5","1,2,5","1,2,5","4,5,6","3,5,6","D05, D06, D08, D09, B03, B04",20.4166666666667,"Mixed (2025-05-06; NA)",6
"Lab_15",0.0254884325976755,0.000192,25.4884325976755,0.0192222222222222,0.00933333333333334,0.00933333333333334,0.00477777777777778,6220.33333333333,-0.000333333333333334,0.000288,0.00486630515485896,6.34980314655504e-05,4.86630515485896,0.00316812831764072,0.000666666666666666,0.000666666666666666,0.000509175077217316,1489.07902185657,0.000577350269189626,9.52470471983255e-05,0.00280956259111668,3.66606055596468e-05,2.80956259111668,0.00182911973701715,0.00038490017945975,0.00038490017945975,0.000293972367896066,859.720174113518,0.000333333333333334,5.49909083394703e-05,0.190922103044608,0.330718913883075,0.190922103044608,0.164815924039113,0.0714285714285713,0.0714285714285713,0.106571527789671,0.239388943013221,-1.73205080756888,0.330718913883075,20.7996968409446,37.5000000000002,20.7996968409446,16.7630057803468,7.14285714285715,7.14285714285715,11.6279069767442,26.6973902791919,-100,37.5000000000001,3,3,3,3,3,3,3,3,3,3,"1,2,4","1,2,5","1,2,4","1,3,4","1,3,5","1,3,5","3,4,5","3,4,5","1,2,3","1,2,5","3,5","3,4","3,5","2,5","2,4","2,4","1,2","1,2","4,5","3,4","D08, D09, D10, D11, D12",18.98,"2025-05-06",5
"Lab_16",0.0171182606655457,0.000304,17.1182606655457,0.0236666666666667,0.016,0.0153333333333333,0.011,12349.5555555556,-0.000666666666666665,0.000455999999999999,0.00611193608623956,0.000123158434546725,6.11193608623956,0.00585946527708232,0.005,0.00404145188432738,0.00360555127546399,9859.88378528161,0.00115470053837925,0.000184737651820088,0.0035287279446602,7.11055553385248e-05,3.5287279446602,0.00338296385503074,0.00288675134594813,0.00233333333333333,0.00208166599946613,5692.60655761077,0.000666666666666665,0.000106658333007787,0.357041886769559,0.405126429430018,0.357041886769559,0.247583039876718,0.3125,0.263572948977873,0.327777388678544,0.798399889042651,-1.73205080756888,0.405126429430018,41.1155128611389,44.7368421052633,41.1155128611389,28.169014084507,31.25,28.2608695652174,36.3636363636363,80.1441347416911,-100,44.7368421052633,3,3,3,3,3,3,3,3,3,3,"1,3,4","2,3,4","1,3,4","1,2,4","1,2,4","1,2,4","1,2,4","1,2,4","1,2,4","2,3,4","2","1","2","3","3","3","3","3","3","1","D11, D12, E02, B06",17.425,"Mixed (2025-05-06; 2025-05-12; NA)",4
"Lab_17",0.0206625268006035,6.40000000000003e-05,20.6625268006035,0.0146666666666667,0.00777777777777778,0.00777777777777778,0.00477777777777777,2146.77777777778,-0.00566666666666667,9.60000000000004e-05,0.0147447074863211,4.99599839871872e-05,14.7447074863211,0.00251661147842359,0.00167774098561572,0.00167774098561572,0.000693888666488711,666.512843364905,0.00981495457622365,7.49399759807808e-05,0.00851286083634976,2.88444102037119e-05,8.51286083634976,0.00145296631451356,0.000968644209675706,0.000968644209675706,0.000400616808384888,384.811369535071,0.00566666666666667,4.32666153055679e-05,0.713596532922121,0.780624749799796,0.713596532922121,0.171587146256154,0.21570955529345,0.21570955529345,0.14523251159066,0.310471279451589,-1.73205080756888,0.780624749799796,76.2622442767804,87.4999999999996,76.2622442767804,18.1818181818182,22.8571428571429,22.8571428571429,16.2790697674419,34.8843227576212,-100,87.4999999999996,3,3,3,3,3,3,3,3,3,3,"1,2,5","1,2,3","1,2,5","1,2,5","1,2,3","1,2,3","1,2,3","3,4,5","1,2,4","1,2,3","3,4","4,5","3,4","3,4","4,5","4,5","4,5","1,2","3,5","4,5","E02, E03, E05, B07, B08",19.02,"Mixed (2025-05-06; 2025-05-12; NA)",5
"Lab_18",0.0251361070340273,6.39999999999994e-05,25.1361070340273,0.0158888888888889,0.00622222222222222,0.00622222222222222,0.00455555555555556,4524.22222222222,-0.000333333333333331,9.59999999999991e-05,0.0128286460471042,1.38564064605509e-05,12.8286460471042,0.00258915115505135,0.000384900179459752,0.000384900179459752,0.00126197963240006,1176.4510819189,0.000577350269189622,2.07846096908264e-05,0.00740662224863406,7.99999999999996e-06,7.40662224863406,0.00149484711634153,0.000222222222222223,0.000222222222222223,0.000728604280477998,679.224348834303,0.000333333333333331,1.19999999999999e-05,0.51036725892907,0.216506350946111,0.51036725892907,0.162953569199036,0.0618589574131745,0.0618589574131745,0.277019919307329,0.260033885192546,-1.73205080756888,0.216506350946111,58.2853586714545,25.0000000000001,58.2853586714545,18.1818181818182,7.14285714285717,7.14285714285717,31.7073170731706,28.9012230463186,-100,25.0000000000001,3,3,3,3,3,3,3,3,3,3,"1,3,5","1,2,4","1,3,5","3,4,5","1,3,4","1,3,4","1,4,5","1,2,5","1,2,5","1,2,4","2,4","3,5","2,4","1,2","2,5","2,5","2,3","3,4","3,4","3,5","E05, E06, E07, E08, B10",15.96,"Mixed (2025-05-06; 2025-05-12; NA)",5
"Lab_19",0.00326861027282364,5.59999999999998e-05,3.26861027282364,0.0137777777777778,0.00611111111111111,0.00611111111111111,0.00633333333333333,2418.77777777778,0.000666666666666667,8.39999999999996e-05,0.00197424216996568,3.66606055596467e-05,1.97424216996568,0.00214303350244288,0.00157527187541754,0.00157527187541754,0.00233333333333333,134.386397018834,0.00115470053837925,5.499090833947e-05,0.0011398292482752,2.11660104885167e-05,1.1398292482752,0.00123728096951778,0.000909483641319162,0.000909483641319162,0.00134715062810913,77.5880224942477,0.000666666666666667,3.17490157327751e-05,0.604000478851888,0.654653670707979,0.604000478851888,0.155542754209564,0.257771761431961,0.257771761431961,0.368421052631579,0.0555596294349536,1.73205080756888,0.654653670707979,64.3858973653814,71.4285714285714,64.3858973653814,17.741935483871,29.0909090909091,29.0909090909091,42.1052631578947,6.35766456888236,200,71.4285714285714,3,3,3,3,3,3,3,3,3,3,"1,4,5","1,4,5","1,4,5","1,2,3","1,2,3","1,2,3","2,3,5","1,4,5","1,2,5","1,4,5","2,3","2,3","2,3","4,5","4,5","4,5","1,4","2,3","3,4","2,3","E10, E11, E12, B11, B12",25.44,"Mixed (2025-05-12; NA)",5
"Lab_20",0.0476041412580968,0.00056,47.6041412580968,0.0118888888888889,0.0112222222222222,0.0112222222222222,0.00522222222222222,13260.6666666667,0,0.00084,0.0195623830746649,0.00010822199406775,19.5623830746649,0.00236486629486586,0.00252395926480012,0.00252395926480012,0.00283496684937179,9405.58027626862,0,0.000162332991101624,0.0112943471341484,6.24819974072533e-05,11.2943471341484,0.00136535619193828,0.001457208560956,0.001457208560956,0.00163676887362847,5430.31430438832,0,9.37229961108799e-05,0.410938682174791,0.193253560835267,0.410938682174791,0.198913987418624,0.224907261219813,0.224907261219813,0.542865992432897,0.709284119169621,NA,0.193253560835267,46.6173247174699,20,46.6173247174699,21.4953271028037,25.7425742574258,25.7425742574258,55.3191489361702,81.8686843295963,-Inf,20,3,3,3,3,3,3,3,3,3,3,NA,NA,NA,NA,NA,NA,NA,NA,NA,NA,NA,NA,NA,NA,NA,NA,NA,NA,NA,NA,"E12, F02, F03",20.0333333333333,"Mixed (2025-05-06; 2025-05-12)",3
"Lab_21",0.120911158277744,0.000792,120.911158277744,0.0144444444444444,0.0164444444444444,0.0157777777777778,0.00744444444444445,38820.6666666667,-0.000333333333333334,0.001188,0.00582007597687095,2.4e-05,5.82007597687095,0.000509175077217315,0.000509175077217315,0.00157527187541754,0.000509175077217315,4166.16998373006,0.000577350269189626,3.6e-05,0.00336022243195052,1.3856406460551e-05,3.36022243195052,0.000293972367896066,0.000293972367896066,0.000909483641319162,0.000293972367896066,2405.33936159629,0.000333333333333334,2.07846096908265e-05,0.0481351436854297,0.0303030303030303,0.0481351436854298,0.0352505822688911,0.0309633492902422,0.09984117520252,0.06839665216352,0.107318352348321,-1.73205080756888,0.0303030303030303,5.44932479029003,3.03030303030304,5.44932479029003,3.84615384615383,3.37837837837838,11.2676056338028,7.46268656716417,12.2915629132249,-100,3.03030303030303,3,3,3,3,3,3,3,3,3,3,"1,2,3","1,2,3","1,2,3","1,3,6","1,2,6","2,3,6","1,3,6","1,2,3","2,3,4","1,2,3","4,5,6","4,5,6","4,5,6","2,4,5","3,4,5","1,4,5","2,4,5","4,5,6","1,5,6","4,5,6","F02, F03, F04, F05, F06",16.85,"Mixed (2025-05-06; 2025-05-12)",6
"Lab_22",0.030074948245388,0.000552,30.074948245388,0.0103333333333333,0.0112222222222222,0.0108888888888889,0.00488888888888889,6318,-0.000333333333333334,0.000828,0.0095788557252973,2.39999999999999e-05,9.5788557252973,0.000881917103688199,0.000693888666488711,0.000192450089729874,0.000192450089729874,1351.97226302909,0.000577350269189626,3.59999999999999e-05,0.00553035493152898,1.3856406460551e-05,5.53035493152898,0.000509175077217317,0.000400616808384888,0.00011111111111111,0.00011111111111111,780.561549996753,0.000333333333333334,2.07846096908265e-05,0.318499491574893,0.0434782608695651,0.318499491574892,0.0853468164859548,0.0618316633504791,0.0176739878323354,0.0393647910811106,0.213987379396817,-1.73205080756888,0.0434782608695651,36.4852080194159,4.34782608695655,36.4852080194159,9.67741935483873,6.93069306930693,2.0408163265306,4.54545454545452,23.6942070275404,-100,4.34782608695655,3,3,3,3,3,3,3,3,3,3,"3,4,5","2,4,5","3,4,5","1,3,4","1,2,4","1,2,4","1,2,4","3,4,5","1,2,3","2,4,5","1,2","1,3","1,2","2,5","3,5","3,5","3,5","1,2","4,5","1,3","F05, F06, F07, F08, F09",18.52,"Mixed (2025-05-06; 2025-05-12)",5
"Lab_23",0.0509515592259337,0.000848,50.9515592259337,0.0137777777777778,0.016,0.0156666666666667,0.00377777777777778,13455.5555555556,-0.000333333333333334,0.001272,0.0121164662439123,0.000170270373230342,12.1164662439123,0.00386340858904749,0.00272845092395748,0.00317979733805649,0.00126197963240006,1375.15657021031,0.000577350269189626,0.000255405559845513,0.00699544504754979,9.83056458195562e-05,6.99544504754979,0.00223053998887608,0.00157527187541754,0.00183585684909537,0.000728604280477998,793.947015988807,0.000333333333333334,0.000147458468729334,0.237803639927572,0.200790534469743,0.237803639927572,0.280408687914737,0.170528182747343,0.20296578753552,0.334053432105897,0.102199910255102,-1.73205080756888,0.200790534469743,24.5155671674287,21.6981132075472,24.5155671674287,32.258064516129,18.75,21.2765957446809,38.2352941176469,10.4533443435177,-100,21.6981132075472,3,3,3,3,3,3,3,3,3,3,"2,3,5","2,3,5","2,3,5","1,2,3","2,3,5","2,3,5","1,2,3","2,3,5","1,2,3","2,3,5","1,4","1,4","1,4","4,5","1,4","1,4","4,5","1,4","4,5","1,4","F10, F11, F12, C01, C02",24.56,"Mixed (2025-05-12; NA)",5
"Lab_24",0.0385803882528621,0.000632,38.5803882528621,0.0251111111111111,0.0194444444444444,0.0194444444444444,0.0114444444444444,4998.77777777778,0,0.000948,0.00970133593288565,0.000159799874843505,9.70133593288565,0.00983380413185577,0.00984509654223492,0.00984509654223492,0.00844151996143226,3564.83473722187,0,0.000239699812265258,0.00560106891235052,9.22605007573664e-05,5.60106891235052,0.00567754946268499,0.00568406913885719,0.00568406913885719,0.00487371382210251,2058.15829515157,0,0.00013839075113605,0.251457706161522,0.252847903233395,0.251457706161522,0.391611668967708,0.50631925074351,0.50631925074351,0.737608540319324,0.713141270866141,NA,0.252847903233395,28.967332404397,29.1139240506329,28.967332404397,39.3805309734513,52,52,79.6116504854369,81.6043921847563,-Inf,29.1139240506329,3,3,3,3,3,3,3,3,3,3,NA,NA,NA,NA,NA,NA,NA,NA,NA,NA,NA,NA,NA,NA,NA,NA,NA,NA,NA,NA,"G01, C03, C04",24.5666666666667,"Mixed (2025-05-12; NA)",3
"Lab_25",0.0243981191256747,0.000416,24.3981191256747,0.0138888888888889,0.00755555555555556,0.00688888888888889,0.00355555555555555,1561.11111111111,-0.000333333333333334,0.000624,0.0106014530616898,0.000186418883163696,10.6014530616898,0.00534720418467376,0.00367171369819073,0.00315054375083507,0.00195315509236077,341.467801204241,0.000577350269189626,0.000279628324745544,0.00612075177896778,0.000107628992376589,6.12075177896778,0.00308720977543329,0.00211986489203766,0.00181896728263832,0.00112765461834358,197.146526944858,0.000333333333333334,0.000161443488564884,0.434519276140988,0.448122315297346,0.434519276140988,0.384998701296511,0.48596210711348,0.457336996088962,0.549324869726466,0.218733822835457,-1.73205080756888,0.448122315297346,48.6961744082333,49.9999999999998,48.6961744082334,40,55.8823529411765,51.6129032258064,62.4999999999998,22.3843416370107,-100,49.9999999999998,3,3,3,3,3,3,3,3,3,3,"1,3,4","1,3,4","1,3,4","1,2,4","1,2,4","1,2,4","1,2,4","2,3,4","1,2,3","1,3,4","2","2","2","3","3","3","3","1","4","2","G05, G06, C05, C06",24.925,"Mixed (2025-05-12; NA)",4
"Lab_26",0.0891859768354765,0.001488,89.1859768354765,0.0253333333333333,0.0286666666666667,0.029,0.014,28445.8888888889,0.000333333333333334,0.002232,0.0599732443684616,0.000958799249061033,59.9732443684616,0.0180954260641866,0.00788106027835793,0.00796520209689902,0.0131698308434256,9630.68222074828,0.000577350269189626,0.00143819887359155,0.0346255687803065,0.000553563004544199,34.6255687803065,0.0104473991092591,0.00455013227320962,0.00459871157479442,0.00760360538263361,5560.27697262876,0.000333333333333334,0.000830344506816298,0.67245150523042,0.644354334046393,0.67245150523042,0.71429313411263,0.274920707384579,0.27466214127238,0.940702203101829,0.338561479248064,1.73205080756888,0.644354334046393,71.3948179648419,70.9677419354839,71.3948179648419,81.5789473684211,29.0697674418605,29.8850574712644,107.142857142857,35.5942862276525,200,70.9677419354839,3,3,3,3,3,3,3,3,3,3,NA,NA,NA,NA,NA,NA,NA,NA,NA,NA,NA,NA,NA,NA,NA,NA,NA,NA,NA,NA,"G08, G09, C08",25.3,"Mixed (2025-05-12; NA)",3
"Lab_35",0.0165466968450806,0.000272,16.5466968450806,0.0302222222222222,0.0223333333333333,0.0211111111111111,0.0101111111111111,6007.77777777778,-0.000333333333333334,0.000408,0.00385494483584125,7.33212111192932e-05,3.85494483584125,0.000838870492807867,0.00296273147243853,0.00429900936047847,0.00134715062810913,1568.21853399658,0.000577350269189626,0.00010998181667894,0.0022256534386841,4.23320209770333e-05,2.2256534386841,0.000484322104837856,0.00171053381314896,0.00248203421152096,0.000777777777777779,905.411392751084,0.000333333333333334,6.349803146555e-05,0.232973678791205,0.269563276173872,0.232973678791205,0.0277567442473191,0.132659618168889,0.203637285496348,0.133234677505298,0.261031381652842,-1.73205080756888,0.269563276173872,25.6184335585296,29.4117647058823,25.6184335585296,2.94117647058826,14.9253731343284,22.6315789473684,15.3846153846154,29.781764379508,-100,29.4117647058823,3,3,3,3,3,3,3,3,3,3,"1,4,5","1,4,5","1,4,5","1,2,5","2,3,5","1,2,3","1,2,3","1,4,5","1,2,3","1,4,5","2,3","2,3","2,3","3,4","1,4","4,5","4,5","2,3","4,5","2,3","G10, G11, G12, C09, C10",24.78,"Mixed (2025-05-12; NA)",5
"Lab_36",0.014849086233564,0.000248,14.849086233564,0.0217777777777778,0.0141111111111111,0.0141111111111111,0.00877777777777778,4765.11111111111,-9.25189383158244e-18,0.000372,0.00582665430058841,0.000108221994067749,5.82665430058841,0.00742617991622532,0.00277555466595484,0.00316812831764072,0.00226895309518468,411.292992799447,0.000999999999999987,0.000162332991101624,0.00336402042891961,6.24819974072531e-05,3.36402042891961,0.00428750697368328,0.00160246723353955,0.00182911973701715,0.00130998068028351,237.460120108567,0.000577350269189618,9.37229961108797e-05,0.392391438027896,0.436379008337698,0.392391438027896,0.340998057377693,0.196692850343257,0.224513030383988,0.258488327299521,0.0863134107912844,-108085978741603,0.436379008337698,40.1384788998195,45.1612903225805,40.1384788998195,39.2857142857143,22.0472440944882,22.8346456692914,29.1139240506329,9.92398451709182,-100,45.1612903225805,3,3,3,3,3,3,3,3,3,3,"1,2,4","1,2,4","1,2,4","2,4,5","2,4,5","2,4,5","2,4,5","2,4,5","1,3,5","1,2,4","3,5","3,5","3,5","1,3","1,3","1,3","1,3","1,3","2,4","3,5","H01, H02, H03, C11, C12",25.04,"Mixed (2025-05-12; NA)",5
"Lab_37",0.246537818143665,0.004152,246.537818143665,0.0473333333333333,0.0911111111111111,0.0914444444444445,0.0491111111111111,41273.6666666667,0.000333333333333334,0.006228,0.0752302944747834,0.00119903961569249,75.2302944747834,0.0244563102513668,0.0414626114487275,0.0410978957738354,0.0281036441554261,3469.10742602954,0.000577350269189626,0.00179855942353874,0.043434230766231,0.000692265844889086,43.434230766231,0.0141198573070117,0.0239384498812277,0.023727881188151,0.0162256465183447,2002.89010626589,0.000333333333333334,0.00103839876733363,0.305147076587432,0.288786034608018,0.305147076587432,0.51668261094437,0.455077442729936,0.449430208948382,0.572246147961165,0.0840513505632214,1.73205080756888,0.288786034608018,34.8350355907664,32.3699421965318,34.8350355907663,55.6338028169014,51.8292682926829,51.2758201701093,65.6108597285068,9.65345135316304,200,32.3699421965318,3,3,3,3,3,3,3,3,3,3,"1,2,3","1,2,3","1,2,3","1,2,4","1,2,3","1,2,3","1,2,3","1,2,3","1,2,3","1,2,3","4,5","4,5","4,5","3,5","4,5","4,5","4,5","4,5","4,5","4,5","H04, H05, H06, D01, D02",25.32,"Mixed (2025-05-12; NA)",5
"Lab_38",0.0419368383909668,0.00028,41.9368383909668,0.0273333333333333,0.0151111111111111,0.0146666666666667,0.00711111111111111,2396.22222222222,-0.000333333333333334,0.00042,0.00661614963981885,6.92820323027546e-05,6.61614963981884,0.000881917103688195,0.000192450089729878,0.000881917103688198,0.00083887049280786,95.9643066361038,0.000577350269189626,0.000103923048454132,0.00381983577554826,3.99999999999997e-05,3.81983577554826,0.000509175077217315,0.000111111111111113,0.000509175077217316,0.000484322104837852,55.4050182689504,0.000333333333333334,5.99999999999996e-05,0.157764626368304,0.247435829652695,0.157764626368304,0.0322652598910315,0.0127356677027125,0.0601307116151044,0.117966163051105,0.0400481665457171,-1.73205080756888,0.247435829652695,18.1330932527829,28.5714285714284,18.1330932527829,3.65853658536584,1.47058823529414,6.81818181818182,12.5,4.61374385606974,-100,28.5714285714284,3,3,3,3,3,3,3,3,3,3,"2,3,6","2,5,7","2,3,6","2,3,4","2,3,6","3,4,6","2,3,6","2,5,6","1,3,4","2,5,7","1,4,5,7","1,3,4,6","1,4,5,7","1,5,6,7","1,4,5,7","1,2,5,7","1,4,5,7","1,3,4,7","2,5,6,7","1,3,4,6","F09, F10, H07, H08, H09, D03, D04",20.7285714285714,"Mixed (2025-05-06; 2025-05-12; NA)",7
"Lab_39",0.0524587574587575,0.001048,52.4587574587575,0.0515555555555556,0.0567777777777778,0.0557777777777778,0.0282222222222222,12707,-0.001,0.001572,0.00306783292492652,0.000222997757836262,3.06783292492652,0.0183252507435728,0.0187863228420552,0.0187863228420552,0.0080645543607218,559.112689893549,0,0.000334496636754392,0.00177121416503512,0.000128747815515449,1.77121416503512,0.0105800884497691,0.0108462885499438,0.0108462885499438,0.0046560726310571,322.803862017376,0,0.000193121723273173,0.0584808537895396,0.212784120072769,0.0584808537895396,0.355446673905506,0.330874570603712,0.336806584817723,0.285751926167308,0.044000369079527,0,0.212784120072769,6.57723060452975,23.6641221374046,6.57723060452974,37.9310344827586,35.0293542074364,35.6573705179283,32.2834645669291,4.58015267175572,0,23.6641221374046,3,3,3,3,3,3,3,3,3,3,"1,4,5","3,4,5","1,4,5","1,3,4","3,4,5","3,4,5","1,3,4","3,4,5","1,2,3","3,4,5","2,3","1,2","2,3","2,5","1,2","1,2","2,5","1,2","4,5","1,2","F11, F12, H10, H11, H12",19.68,"Mixed (2025-05-06; 2025-05-12)",5
"Lab_40",0.0240918584715941,0.000416,24.0918584715941,0.0328888888888889,0.0117777777777778,0.0117777777777778,0.0111111111111111,8507.33333333333,0,0.000624,0.00677893517358097,0.000123158434546725,6.77893517358097,0.00694688845881803,0.00167774098561572,0.00167774098561572,0.00183585684909537,1669.33789269878,0,0.000184737651820088,0.003913820047286,7.11055553385248e-05,3.913820047286,0.0040107879217289,0.000968644209675705,0.000968644209675705,0.00105993244601883,963.792681718083,0,0.000106658333007787,0.281378673279763,0.296053929198859,0.281378673279763,0.211222959896494,0.142449706325863,0.142449706325863,0.165227116418583,0.19622340248007,NA,0.296053929198859,28.7208124338788,32.6923076923077,28.7208124338788,22.972972972973,15.0943396226415,15.0943396226415,19,21.8987540161429,-Inf,32.6923076923078,3,3,3,3,3,3,3,3,3,3,"1,2,3","1,2,3","1,2,3","1,2,3","2,4,5","2,4,5","1,3,5","1,2,3","1,2,3","1,2,3","4,5","4,5","4,5","4,5","1,3","1,3","2,4","4,5","4,5","4,5","A01, A02, A03, D05, D06",25.42,"Mixed (2025-05-15; NA)",5
"Lab_41",0.0858092948717949,0.001448,85.8092948717949,0.0336666666666667,0.0273333333333333,0.0266666666666667,0.0106666666666667,21221.3333333333,-0.000666666666666667,0.002172,0.00648915289831975,0.000132181693134867,6.48915289831975,0.0144683562761405,0.00754983443527075,0.00702376916856849,0.00568624070307733,1187.76554925625,0.000577350269189626,0.000198272539702301,0.00374651417265755,7.63151361133559e-05,3.74651417265755,0.00835330939076111,0.00435889894354067,0.00405517502019881,0.0032829526005987,685.756759597259,0.000333333333333334,0.000114472704170034,0.0756229602867032,0.0912856996787755,0.0756229602867032,0.429753156717044,0.27621345494893,0.263391343821318,0.533085065913499,0.0559703544824194,-0.866025403784439,0.0912856996787756,8.16135960407139,9.39226519337021,8.16135960407139,49.5049504950495,29.2682926829268,27.5,59.375,5.66411158582558,-50,9.39226519337021,3,3,3,3,3,3,3,3,3,3,NA,NA,NA,NA,NA,NA,NA,NA,NA,NA,NA,NA,NA,NA,NA,NA,NA,NA,NA,NA,"A04, A05, A06",25.3333333333333,"2025-05-15",3
"Lab_42",0.0558682585176046,0.000936,55.8682585176046,0.0278888888888889,0.0188888888888889,0.0188888888888889,0.00844444444444444,14131.6666666667,-0.000333333333333334,0.001404,0.00704106957729531,0.000133626344707921,7.04106957729531,0.00450102868900646,0.00309719108105919,0.00309719108105919,0.00171053381314896,1161.11254120061,0.000577350269189626,0.000200439517061881,0.00406516341583433,7.71492060879437e-05,4.06516341583433,0.00259867012522811,0.00178816410438123,0.00178816410438123,0.00098757715747951,670.368638221621,0.000333333333333334,0.000115723809131916,0.12602987392343,0.142763188790513,0.12602987392343,0.161391466936487,0.163968939585487,0.163968939585487,0.202563214715009,0.0821638783724926,-1.73205080756888,0.142763188790514,12.8279655171102,15.3846153846154,12.8279655171102,16.3346613545817,18.2352941176471,18.2352941176471,22.3684210526316,9.48460903408421,-100,15.3846153846154,3,3,3,3,3,3,3,3,3,3,"2,3,4","2,3,4","2,3,4","2,3,4","2,3,4","2,3,4","1,2,4","2,3,4","1,2,3","2,3,4","1","1","1","1","1","1","3","1","4","1","G08, A07, A08, A09",21.375,"Mixed (2025-05-06; 2025-05-15)",4
"Lab_43",0.18147043817527,0.003048,181.47043817527,0.0294444444444444,0.0581111111111111,0.0567777777777778,0.0124444444444444,34650.8888888889,-0.000333333333333329,0.004572,0.0536531847736022,0.000912946876877291,53.6531847736022,0.00287389270141724,0.0141316560849641,0.0136802100915208,0.00269430125621825,3739.43760378384,0.000577350269189618,0.00136942031531594,0.03097668067192,0.000527090125120932,30.97668067192,0.00165924272478534,0.00815891544474925,0.00789827297891018,0.00155555555555556,2158.96530716241,0.000333333333333329,0.000790635187681398,0.295657988778217,0.299523253568665,0.295657988778217,0.0976039030670005,0.243183374311046,0.240943034880015,0.21650635094611,0.107917508718887,-1.73205080756888,0.299523253568665,31.5396516551878,30.7086614173228,31.5396516551877,10.5660377358491,26.0038240917782,26.027397260274,25,11.8897062124428,-100,30.7086614173228,3,3,3,3,3,3,3,3,3,3,"4,5,6","4,5,6","4,5,6","3,5,6","1,4,5","1,4,5","3,5,6","2,4,5","3,4,8","4,5,6","1,2,3,7,8","1,2,3,7,8","1,2,3,7,8","1,2,4,7,8","2,3,6,7,8","2,3,6,7,8","1,2,4,7,8","1,3,6,7,8","1,2,5,6,7","1,2,3,7,8","G11, G12, H01, A10, A11, A12, D07, D08",19.375,"Mixed (2025-05-06; 2025-05-15; NA)",8
"Lab_44",0.116948891031823,0.00196,116.948891031823,0.0282222222222222,0.0265555555555556,0.0265555555555556,0.00888888888888889,26178.4444444444,0,0.00294,0.00266429774507049,8.42852300228213e-05,2.66429774507049,0.00245703826527733,0.00397678448181629,0.00397678448181629,0.0007698003589195,1151.36683667396,0,0.000126427845034232,0.00153823302031776,4.86621002423854e-05,1.53823302031776,0.00141857170386708,0.00229599759108576,0.00229599759108576,0.000444444444444444,664.741953089717,0,7.2993150363578e-05,0.0227817273132202,0.0430026683789905,0.0227817273132202,0.0870604109743936,0.149753390528647,0.149753390528647,0.0866025403784438,0.0439814840456763,NA,0.0430026683789904,2.60892509647414,4.4897959183673,2.60892509647413,9.84251968503937,17.1548117154812,17.1548117154812,10,4.57076644907175,-Inf,4.48979591836729,3,3,3,3,3,3,3,3,3,3,"4,5,6","4,5,6","4,5,6","1,4,5","1,4,5","1,4,5","3,4,5","1,2,5","1,2,3","4,5,6","1,2,3","1,2,3","1,2,3","2,3,6","2,3,6","2,3,6","1,2,6","3,4,6","4,5,6","1,2,3","H02, H03, H04, B01, B02, B03",17.4333333333333,"Mixed (2025-05-06; 2025-05-15)",6
"Lab_45",0.102393849206349,0.00176,102.393849206349,0.0178888888888889,0.0158888888888889,0.0148888888888889,0.00344444444444445,17177,-0.000999999999999996,0.00264,0.0362796003176864,0.000576166642560987,36.2796003176864,0.00596595278162613,0.00869440007088428,0.00869440007088428,0.0007698003589195,1814.3531446037,8.01283354637505e-18,0.00086424996384148,0.0209460370095083,0.000332649966180669,20.9460370095083,0.00344444444444444,0.00501971422136734,0.00501971422136734,0.000444444444444444,1047.51727644199,4.6262116049713e-18,0.000498974949271003,0.354314254214372,0.327367410546015,0.354314254214372,0.333500466053635,0.547200004461249,0.583952243566855,0.223490426783081,0.105626893206247,-8.01283354637508e-15,0.327367410546015,40.9124819547925,37.7272727272727,40.9124819547925,38.5093167701863,62.2377622377623,66.4179104477612,25.8064516129032,10.8594826415168,-4.55364912443913e-13,37.7272727272727,3,3,3,3,3,3,3,3,3,3,"2,3,4","2,3,4","2,3,4","1,2,4","2,4,5","2,4,5","1,2,5","2,3,4","1,2,3","2,3,4","1,5","1,5","1,5","3,5","1,3","1,3","3,4","1,5","4,5","1,5","H06, B04, B05, B06, D09",22.14,"Mixed (2025-05-07; 2025-05-15; NA)",5
"Lab_46",0.0339858759802369,0.000424,33.9858759802369,0.0164444444444444,0.0101111111111111,0.0101111111111111,0.00244444444444444,8839.22222222222,0,0.000636,0.00689431171505382,0.00011838918869559,6.89431171505382,0.00150308325094096,0.000838870492807863,0.000838870492807863,0.000509175077217312,263.400272785933,0,0.000177583783043384,0.00398043272456351,6.83520299625401e-05,3.98043272456351,0.000867805519545183,0.000484322104837854,0.000484322104837854,0.000293972367896064,152.074218397579,0,0.00010252804494381,0.202858143749566,0.279219784659409,0.202858143749566,0.0914037112058694,0.0829652135744041,0.0829652135744041,0.208298895225264,0.0297990327840986,NA,0.279219784659409,23.4093468628117,32.0754716981131,23.4093468628117,9.45945945945945,8.79120879120882,8.79120879120882,22.7272727272726,3.36128115847297,-Inf,32.0754716981131,3,3,3,3,3,3,3,3,3,3,"2,3,4","2,3,4","2,3,4","2,3,4","2,3,4","2,3,4","1,3,4","1,4,5","1,2,3","2,3,4","1,5","1,5","1,5","1,5","1,5","1,5","2,5","2,3","4,5","1,5","H09, H10, B07, B08, B09",18.34,"Mixed (2025-05-07; 2025-05-15)",5
"Lab_48",0.0771039722257318,0.001328,77.1039722257318,0.0198888888888889,0.0205555555555556,0.0205555555555556,0.00711111111111111,17920.6666666667,0,0.001992,0.0140331222068381,0.000181725067065609,14.0331222068381,0.00390631018472155,0.00433760473243181,0.00433760473243181,0.00083887049280786,2067.8492046891,0,0.000272587600598414,0.00810202688368887,0.000104919016388832,8.10202688368887,0.00225530923668716,0.0025043172599077,0.0025043172599077,0.000484322104837852,1193.8732949708,0,0.000157378524583248,0.182002584325413,0.136841164959043,0.182002584325413,0.196406657332368,0.211018608604791,0.211018608604791,0.117966163051105,0.115389078048943,NA,0.136841164959043,20.9786597681807,15.6626506024097,20.9786597681807,22.3463687150838,21.6216216216216,21.6216216216216,12.5,13.0780104906812,-Inf,15.6626506024097,3,3,3,3,3,3,3,3,3,3,"2,3,4","2,3,4","2,3,4","1,2,4","2,3,4","2,3,4","1,2,3","2,3,4","1,2,3","2,3,4","1","1","1","3","1","1","4","1","4","1","H11, B10, B11, B12",21.925,"Mixed (2025-05-07; 2025-05-15)",4
"Lab_49",0.0613372967586782,0.000968,61.3372967586782,0.0228888888888889,0.0178888888888889,0.0172222222222222,0.00655555555555555,14946.6666666667,-0.000666666666666667,0.001452,0.01032932520481,0.000140627166649976,10.32932520481,0.00126197963240006,0.00269430125621825,0.00245703826527733,0.00211695098702862,711.044536814209,0.000577350269189626,0.000210940749974963,0.00596363868754425,8.11911325207378e-05,5.96363868754425,0.000728604280478002,0.00155555555555555,0.00141857170386708,0.00122222222222222,410.521754735496,0.000333333333333334,0.000121786698781107,0.168402028629483,0.145275998605347,0.168402028629483,0.0551350324834979,0.150613113701641,0.142666737983845,0.322924726834875,0.0475721144166509,-0.866025403784439,0.145275998605347,18.9016118034907,16.5289256198347,18.9016118034907,6.31067961165049,17.3913043478261,16.1290322580645,37.2881355932203,5.29661016949152,-50,16.5289256198347,3,3,3,3,3,3,3,3,3,3,NA,NA,NA,NA,NA,NA,NA,NA,NA,NA,NA,NA,NA,NA,NA,NA,NA,NA,NA,NA,"C01, C02, C03",23.7333333333333,"2025-05-15",3
"Lab_50",0.0192136915864294,0.000312,19.2136915864294,0.0248888888888889,0.0105555555555556,0.0102222222222222,0.00977777777777778,4982,-0.000333333333333334,0.000468,0.00487249594267961,8.65332306111357e-05,4.87249594267961,0.00287389270141724,0.00203670030886926,0.00164429428743875,0.00459871157479442,1292.66791301298,0.000577350269189626,0.000129799845916704,0.00281313684413143,4.99599839871872e-05,2.81313684413143,0.00165924272478534,0.00117588947158426,0.000949333749479727,0.002655067365633,746.322167550836,0.000333333333333334,7.49399759807808e-05,0.253594990882494,0.277350098112615,0.253594990882494,0.115468903181943,0.192950555577088,0.160854875945095,0.470322774694883,0.259467666200919,-1.73205080756888,0.277350098112615,27.9208274081576,30.7692307692308,27.9208274081576,12.5,21.0526315789474,18.4782608695652,53.4090909090909,29.0311789107453,-100,30.7692307692308,3,3,3,3,3,3,3,3,3,3,"1,3,5","1,3,5","1,3,5","1,3,5","1,3,4","1,3,4","3,4,5","1,2,3","1,2,3","1,3,5","2,4","2,4","2,4","2,4","2,5","2,5","1,2","4,5","4,5","2,4","C04, C05, C06, D11, D12",24.34,"Mixed (2025-05-15; NA)",5
"Lab_51",0.021301161938658,0.000348,21.301161938658,0.0241666666666667,0.0106666666666667,0.0101666666666667,0.00366666666666667,6630.33333333333,-5e-04,0.000522,0.0257542901126398,0.000424264068711929,25.7542901126398,0.00164991582276862,0.00235702260395516,0.00164991582276862,0.00188561808316413,2498.91536471326,0.000707106781186548,0.000636396103067893,0.0182110331832932,3e-04,18.2110331832932,0.00116666666666667,0.00166666666666667,0.00116666666666667,0.00133333333333333,1767,5e-04,0.00045,1.20905564620398,1.21914962273543,1.20905564620398,0.0682723788731841,0.220970869120797,0.162286802239536,0.51425947722658,0.376891362633341,-1.4142135623731,1.21914962273543,85.4931446262717,86.2068965517243,85.4931446262717,4.82758620689656,15.625,11.4754098360656,36.3636363636363,26.6502438288673,-100,86.2068965517243,2,2,2,2,2,2,2,2,2,2,NA,NA,NA,NA,NA,NA,NA,NA,NA,NA,NA,NA,NA,NA,NA,NA,NA,NA,NA,NA,"C07, C08",23.95,"2025-05-15",2
"Lab_57",0.00275862068965518,4.80000000000002e-05,2.75862068965518,0.012,0.006,0.006,0.004,21256.1666666667,0,7.20000000000003e-05,NA,NA,NA,NA,NA,NA,NA,1194.30335342408,NA,NA,NA,NA,NA,NA,NA,NA,NA,844.5,NA,NA,NA,NA,NA,NA,NA,NA,NA,0.0561862057328028,NA,NA,0,0,0,0,0,0,0,3.97296470828073,-Inf,0,2,2,2,2,2,2,2,2,2,2,NA,NA,NA,NA,NA,NA,NA,NA,NA,NA,NA,NA,NA,NA,NA,NA,NA,NA,NA,NA,"E01, E02",25.2,NA,2
"Lab_58",0.00692307692307694,0.00012,6.92307692307694,0.015,0.008,0.008,0.005,10979.6666666667,0,0.00018,NA,NA,NA,NA,NA,NA,NA,NA,NA,NA,NA,NA,NA,NA,NA,NA,NA,NA,NA,NA,NA,NA,NA,NA,NA,NA,NA,NA,NA,NA,0,0,0,0,0,0,0,0,-Inf,0,1,1,1,1,1,1,1,1,1,1,NA,NA,NA,NA,NA,NA,NA,NA,NA,NA,NA,NA,NA,NA,NA,NA,NA,NA,NA,NA,"E03",26,NA,1
"Lab_59",0.00430769230769227,7.19999999999994e-05,4.30769230769227,0.01,0.005,0.005,0.003,8800.16666666667,0,0.000107999999999999,0.000435142634576333,0,0.435142634576334,0.0014142135623731,0.0014142135623731,0.0014142135623731,0.0014142135623731,2267.69144726526,0,0,0.000307692307692305,0,0.307692307692305,0.001,0.001,0.001,0.001,1603.5,0,0,0.101015254455221,0,0.101015254455221,0.14142135623731,0.282842712474619,0.282842712474619,0.471404520791032,0.25768732947466,NA,0,7.14285714285716,0,7.14285714285716,10,20,20,33.3333333333333,18.2212458097385,-Inf,0,2,2,2,2,2,2,2,2,2,2,NA,NA,NA,NA,NA,NA,NA,NA,NA,NA,NA,NA,NA,NA,NA,NA,NA,NA,NA,NA,"E05, E06",25.2,NA,2
"Lab_60",0.0139055793991417,0.000216,13.9055793991417,0.013,0.006,0.006,0.00199999999999999,9859.66666666667,0,0.000324000000000001,NA,NA,NA,NA,NA,NA,NA,NA,NA,NA,NA,NA,NA,NA,NA,NA,NA,NA,NA,NA,NA,NA,NA,NA,NA,NA,NA,NA,NA,NA,0,0,0,0,0,0,0,0,-Inf,0,1,1,1,1,1,1,1,1,1,1,NA,NA,NA,NA,NA,NA,NA,NA,NA,NA,NA,NA,NA,NA,NA,NA,NA,NA,NA,NA,"E07",23.3,NA,1
"Lab_62",0.0297391304347826,0.000456,29.7391304347826,0.014,0.013,0.013,0.008,8243.66666666667,0,0.000683999999999999,NA,NA,NA,NA,NA,NA,NA,NA,NA,NA,NA,NA,NA,NA,NA,NA,NA,NA,NA,NA,NA,NA,NA,NA,NA,NA,NA,NA,NA,NA,0,0,0,0,0,0,0,0,-Inf,0,1,1,1,1,1,1,1,1,1,1,NA,NA,NA,NA,NA,NA,NA,NA,NA,NA,NA,NA,NA,NA,NA,NA,NA,NA,NA,NA,"E12",23,NA,1
"Lab_63",0.0500737051828606,0.000792,50.0737051828606,0.015,0.016,0.0116666666666667,0.008,15890,-0.000333333333333334,0.001188,0.00196837043272055,2.4e-05,1.96837043272055,0.001,0.001,0.00115470053837925,0.001,1440.31049893186,0.000577350269189626,3.6e-05,0.00113643919919611,1.3856406460551e-05,1.13643919919611,0.000577350269189626,0.000577350269189626,0.000666666666666665,0.000577350269189626,831.563654274952,0.000333333333333334,2.07846096908265e-05,0.0393094624320768,0.0303030303030303,0.0393094624320768,0.0666666666666667,0.0625000000000001,0.0989743318610784,0.125,0.0906425738786569,-1.73205080756888,0.0303030303030303,4.53905957037082,3.03030303030304,4.53905957037083,6.66666666666667,6.25000000000001,11.4285714285714,12.5,10.4615061883784,-100,3.03030303030303,3,3,3,3,3,3,3,3,3,3,"2,3,4","2,3,4","2,3,4","2,3,4","2,3,4","2,5,6","2,3,4","2,3,4","3,4,6","2,3,4","1,5,6","1,5,6","1,5,6","1,5,6","1,5,6","1,3,4","1,5,6","1,5,6","1,2,5","1,5,6","F01, F02, F03, F04, F05, F06",23.7,NA,6
"Lab_64",0.0170956963563312,0.00028,17.0956963563312,0.0286666666666667,0.019,0.00966666666666667,0.00766666666666667,6323.33333333333,-0.00233333333333333,0.00042,0.00833971638300496,0.00013856406460551,8.33971638300496,0.0030550504633039,0.00692820323027551,0.0045092497528229,0.00351188458428425,910.232021702892,0.0023094010767585,0.000207846096908266,0.00481493749869304,8.00000000000002e-05,4.81493749869304,0.0017638342073764,0.004,0.00260341655863555,0.00202758751009941,525.522702755182,0.00133333333333333,0.00012,0.487825485968955,0.494871659305395,0.487825485968955,0.106571527789671,0.364642275277659,0.466474112360989,0.458071902297946,0.143948132056335,-0.989743318610786,0.494871659305395,55.1958907760523,57.1428571428573,55.1958907760523,11.6279069767442,42.1052631578948,48.2758620689655,47.8260869565218,16.6104375329468,-57.1428571428571,57.1428571428573,3,3,3,3,3,3,3,3,3,3,"3,4,5","3,4,5","3,4,5","3,4,5","3,4,5","2,3,5","2,3,5","1,3,5","2,3,4","3,4,5","1,2","1,2","1,2","1,2","1,2","1,4","1,4","2,4","1,5","1,2","F07, F09, F10, F11, F12",24.06,NA,5
"Lab_70",0.145251722528938,0.003848,145.251722528938,0.0345555555555556,0.0508888888888889,0.0515555555555556,0.0148888888888889,58533.6666666667,0.000666666666666667,0.005772,0.203730184921135,0.000163364622853297,203.730184921135,0.00781972813773907,0.00411411301812747,0.00467063323488527,0.00350132250146416,6514.41496477875,0.000577350269189626,0.000245046934279946,0.11762367710627,9.43186089804128e-05,117.62367710627,0.00451472214531335,0.00237528425849244,0.00269659135544702,0.00202148948874003,3761.09923352794,0.000333333333333334,0.000141477913470619,1.40260081859303,0.0424544238184244,1.40260081859303,0.22629438340724,0.0808450156400595,0.0905941791249298,0.235163451590877,0.11129347153112,0.866025403784439,0.0424544238184244,161.956970295533,4.78170478170479,161.956970295533,25.4019292604502,8.95196506550218,10.1293103448276,23.8805970149254,12.0096127015222,100,4.78170478170479,3,3,3,3,3,3,3,3,3,3,NA,NA,NA,NA,NA,NA,NA,NA,NA,NA,NA,NA,NA,NA,NA,NA,NA,NA,NA,NA,"C09, C10, C11",141.331666666667,"2025-05-15",3
"Lab_71",0.256536659426163,0.002992,256.536659426163,0.04,0.0473333333333333,0.048,0.018,45001.6666666667,0.000666666666666667,0.004488,0.280259889731869,0.00287522938215371,280.259889731869,0.00709459888459759,0.0208806130178211,0.021221058723196,0.0030550504633039,34563.1413551103,0.000577350269189626,0.00431284407323056,0.161808122779749,0.00166001445776837,161.808122779749,0.00409606857581484,0.0120554275466834,0.0122519839663261,0.0017638342073764,19955.038965412,0.000333333333333334,0.00249002168665255,1.09247501062332,0.960972387083459,1.09247501062332,0.17736497211494,0.441139711644108,0.442105390066584,0.169725025739105,0.768041361914972,0.866025403784439,0.960972387083459,126.145869413455,110.96256684492,126.145869413455,19.1666666666667,50.7042253521127,50.6944444444444,18.5185185185185,88.6715306840487,100,110.96256684492,3,3,3,3,3,3,3,3,3,3,NA,NA,NA,NA,NA,NA,NA,NA,NA,NA,NA,NA,NA,NA,NA,NA,NA,NA,NA,NA,"C12, D01, D02",19.5075,"2025-05-15",3
"Lab_72",0.221406277836281,0.002728,221.406277836281,0.0398888888888889,0.0428888888888889,0.0432222222222222,0.0152222222222222,46517.6666666667,0.000333333333333334,0.004092,0.125717214286954,0.00167937131093752,125.717214286954,0.0154572289213146,0.0234789109470448,0.0237073203259465,0.00812631755698958,28026.8681863196,0.000577350269189626,0.00251905696640628,0.0725828675103427,0.000969585478439111,72.5828675103427,0.00892423527864668,0.0135555555555556,0.0136874277719499,0.00469173162904832,16181.3198919138,0.000333333333333334,0.00145437821765867,0.567812329061036,0.615605319258621,0.567812329061036,0.387507131732122,0.547435747469956,0.548498413710845,0.533845678926323,0.60249944149505,1.73205080756888,0.615605319258621,65.4861125454721,70.9677419354839,65.4861125454721,42.3398328690808,62.6943005181347,62.9820051413882,60.5839416058394,69.3851081667897,200,70.9677419354839,3,3,3,3,3,3,3,3,3,3,NA,NA,NA,NA,NA,NA,NA,NA,NA,NA,NA,NA,NA,NA,NA,NA,NA,NA,NA,NA,"D03, D04, D05",17.7565,"2025-05-15",3
"Lab_73",0.504286837389213,0.005912,504.286837389213,0.0463333333333333,0.0846666666666667,0.085,0.0326666666666667,39405.3333333333,0.000333333333333334,0.008868,0.433323341856702,0.00562247489989951,433.323341856702,0.00529150262212918,0.0597522663447449,0.0608632346604527,0.0158219257150744,32846.5241996775,0.00152752523165195,0.00843371234984927,0.250179348067115,0.0032461373969689,250.179348067115,0.00305505046330389,0.0344979870588287,0.0351394049149637,0.00913479307069648,18963.9495886274,0.000881917103688198,0.00486920609545334,0.859279500730373,0.951027554110201,0.859279500730373,0.114205092563939,0.705735429268641,0.716038054828856,0.484344664747176,0.833555293691484,4.58257569495584,0.951027554110201,87.5920350362141,103.382949932341,87.5920350362141,12.9496402877698,74.0157480314961,75.6862745098039,53.0612244897959,58.9412600663193,500,103.382949932341,3,3,3,3,3,3,3,3,3,3,NA,NA,NA,NA,NA,NA,NA,NA,NA,NA,NA,NA,NA,NA,NA,NA,NA,NA,NA,NA,"D12, E01, E02",17.2436666666667,"2025-05-15",3
"Lab_74",1.61209032197359,0.018776,1612.09032197359,0.0678888888888889,0.232888888888889,0.236555555555556,0.0785555555555556,NA,0.00366666666666666,0.028164,0.595238990594209,0.00770404984407552,595.238990594209,0.00607667062838903,0.0935624172727806,0.0950884578422366,0.0473125932652342,NA,0.00152752523165196,0.0115560747661133,0.343661391451728,0.00444793525132729,343.661391451728,0.0035083674230771,0.054018286798472,0.0548993467320417,0.0273159384577422,NA,0.000881917103688206,0.00667190287699094,0.369234268378643,0.410313690033847,0.369234268378643,0.0895090599926371,0.40174702073236,0.401970934983621,0.602281951042585,NA,0.416597790450536,0.410313690033847,40.7548405042471,47.3370259906263,40.7548405042471,9.65630114566285,44.4656488549618,44.4809769844998,68.4582743988684,-Inf,45.4545454545461,47.3370259906263,3,3,3,3,3,3,3,3,3,3,NA,NA,NA,NA,NA,NA,NA,NA,NA,NA,NA,NA,NA,NA,NA,NA,NA,NA,NA,NA,"E03, E04, E05",17.255,"2025-05-15",3
NA,NA,NA,NA,NA,NA,NA,NA,5672.33333333333,NA,NA,NA,NA,NA,NA,NA,NA,NA,312.541197284454,NA,NA,NA,NA,NA,NA,NA,NA,NA,221,NA,NA,NA,NA,NA,NA,NA,NA,NA,0.0550992297028479,NA,NA,-Inf,-Inf,-Inf,-Inf,-Inf,-Inf,-Inf,3.8961038961039,-Inf,-Inf,2,2,2,2,2,2,2,2,2,2,NA,NA,NA,NA,NA,NA,NA,NA,NA,NA,NA,NA,NA,NA,NA,NA,NA,NA,NA,NA,"D07, D08",NA,NA,2
